1.00000000000000000,1.00000000000000000,0.00000000000000000,0.17000000000000001,0.00000000000000000,-0.07000000000000001
1.01699986116702101,0.99994050024295789,-0.00700000000000000,0.17000000000000001,0.00000000000000000,-0.07000000000000001
1.03399888934424622,0.99976200388730774,-0.01400000000000000,0.17000000000000001,0.00000000000000000,-0.07000000000000001
1.05099625158269605,0.99946451967933525,-0.02100000000000000,0.17000000000000001,0.00000000000000000,-0.07000000000000001
1.06799111501502186,0.99904806219570708,-0.02800000000000001,0.17000000000000001,0.00000000000000000,-0.07000000000000001
1.08498264689631574,0.99851265184275662,-0.03500000000000001,0.17000000000000001,0.00000000000000000,-0.07000000000000001
1.10197001464491540,0.99785831485548404,-0.04200000000000001,0.17000000000000001,0.00000000000000000,-0.07000000000000001
1.11895238588320001,0.99708508329627088,-0.04900000000000001,0.17000000000000001,0.00000000000000000,-0.07000000000000001
1.13592892847837668,0.99619299505330872,-0.05600000000000001,0.17000000000000001,0.00000000000000000,-0.07000000000000001
1.15289881058325494,0.99518209383874301,-0.06300000000000001,0.17000000000000001,0.00000000000000000,-0.07000000000000001
1.16986120067700705,0.99405242918653103,-0.07000000000000002,0.17000000000000001,0.00000000000000000,-0.07000000000000001
1.18681526760591227,0.99280405645001468,-0.07700000000000003,0.17000000000000001,0.00000000000000000,-0.07000000000000001
1.20376018062408341,0.99143703679920825,-0.08400000000000003,0.17000000000000001,0.00000000000000000,-0.07000000000000001
1.22069510943417292,0.98995143721780110,-0.09100000000000004,0.17000000000000001,0.00000000000000000,-0.07000000000000001
1.23761922422805748,0.98834733049987555,-0.09800000000000005,0.17000000000000001,0.00000000000000000,-0.07000000000000001
1.25453169572749834,0.98662479524633973,-0.10500000000000005,0.17000000000000001,0.00000000000000000,-0.07000000000000001
1.27143169522477617,0.98478391586107650,-0.11200000000000006,0.17000000000000001,0.00000000000000000,-0.07000000000000001
1.28831839462329678,0.98282478254680739,-0.11900000000000006,0.17000000000000001,0.00000000000000000,-0.07000000000000001
1.30519096647816846,0.98074749130067274,-0.12600000000000006,0.17000000000000001,0.00000000000000000,-0.07000000000000001
1.32204858403674619,0.97855214390952805,-0.13300000000000006,0.17000000000000001,0.00000000000000000,-0.07000000000000001
1.33889042127914260,0.97623884794495619,-0.14000000000000007,0.13000000000000000,0.00000000000000000,0.10000000000000001
1.35177208491109146,0.97448918119215400,-0.13000000000000006,0.13000000000000000,0.00000000000000000,0.10000000000000001
1.36467060084114444,0.97286841641134669,-0.12000000000000006,0.13000000000000000,0.00000000000000000,0.10000000000000001
1.37758467922845718,0.97137671567766171,-0.11000000000000007,0.13000000000000000,0.00000000000000000,0.10000000000000001
1.39051302867595261,0.97001422815992944,-0.10000000000000007,0.13000000000000000,0.00000000000000000,0.10000000000000001
1.40345435635945970,0.96878109010576607,-0.09000000000000008,0.13000000000000000,0.00000000000000000,0.10000000000000001
1.41640736815699464,0.96767742482794961,-0.08000000000000008,0.13000000000000000,0.00000000000000000,0.10000000000000001
1.42937076877817160,0.96670334269208802,-0.07000000000000009,0.13000000000000000,0.00000000000000000,0.10000000000000001
1.44234326189373130,0.96585894110558312,-0.06000000000000009,0.13000000000000000,0.00000000000000000,0.10000000000000001
1.45532355026517246,0.96514430450788991,-0.05000000000000009,0.13000000000000000,0.00000000000000000,0.10000000000000001
1.46831033587447490,0.96455950436207272,-0.04000000000000008,0.13000000000000000,0.00000000000000000,0.10000000000000001
1.48130232005390017,0.96410459914765867,-0.03000000000000008,0.13000000000000000,0.00000000000000000,0.10000000000000001
1.49429820361585675,0.96377963435479019,-0.02000000000000008,0.13000000000000000,0.00000000000000000,0.10000000000000001
1.50729668698281816,0.96358464247967579,-0.01000000000000008,0.13000000000000000,0.00000000000000000,0.10000000000000001
1.52029647031727988,0.96351964302134041,-0.00000000000000008,0.13000000000000000,0.00000000000000000,0.10000000000000001
1.53329625365174160,0.96358464247967579,0.00999999999999992,0.13000000000000000,0.00000000000000000,0.10000000000000001
1.54629473701870301,0.96377963435479019,0.01999999999999992,0.13000000000000000,0.00000000000000000,0.10000000000000001
1.55929062058065959,0.96410459914765867,0.02999999999999992,0.13000000000000000,0.00000000000000000,0.10000000000000001
1.57228260476008486,0.96455950436207272,0.03999999999999992,0.13000000000000000,0.00000000000000000,0.10000000000000001
1.58526939036938730,0.96514430450788991,0.04999999999999993,0.13000000000000000,0.00000000000000000,0.10000000000000001
1.59824967874082846,0.96585894110558312,0.05999999999999993,0.13000000000000000,0.00000000000000000,0.10000000000000001
1.61122217185638816,0.96670334269208802,0.06999999999999992,0.13000000000000000,0.00000000000000000,0.10000000000000001
1.62418557247756512,0.96767742482794961,0.07999999999999992,0.13000000000000000,0.00000000000000000,0.10000000000000001
1.63713858427510006,0.96878109010576607,0.08999999999999991,0.13000000000000000,0.00000000000000000,0.10000000000000001
1.65007991195860715,0.97001422815992944,0.09999999999999991,0.13000000000000000,0.00000000000000000,0.10000000000000001
1.66300826140610258,0.97137671567766171,0.10999999999999990,0.13000000000000000,0.00000000000000000,0.10000000000000001
1.67592233979341532,0.97286841641134669,0.11999999999999990,0.13000000000000000,0.00000000000000000,0.10000000000000001
1.68882085572346829,0.97448918119215400,0.12999999999999989,0.13000000000000000,0.00000000000000000,0.10000000000000001
1.70170251935541716,0.97623884794495619,0.13999999999999990,0.13000000000000000,0.00000000000000000,0.10000000000000001
1.71456604253363332,0.97811724170453607,0.14999999999999991,0.13000000000000000,0.00000000000000000,0.10000000000000001
1.72741013891651862,0.98012417463308299,0.15999999999999992,0.13000000000000000,0.00000000000000000,0.10000000000000001
1.74023352410513832,0.98225944603897652,0.16999999999999993,0.13000000000000000,0.00000000000000000,0.10000000000000001
1.75303491577165937,0.98452284239685550,0.17999999999999994,0.13000000000000000,0.00000000000000000,0.10000000000000001
1.76581303378758303,0.98691413736897027,0.18999999999999995,0.13000000000000000,0.00000000000000000,0.10000000000000001
1.77856660035175618,0.98943309182781636,0.19999999999999996,0.13000000000000000,0.00000000000000000,0.10000000000000001
1.79129434011815025,0.99207945388004692,0.20999999999999996,0.13000000000000000,0.00000000000000000,0.10000000000000001
1.80399498032339500,0.99485295889166214,0.21999999999999997,0.13000000000000000,0.00000000000000000,0.10000000000000001
1.81666725091405379,0.99775332951447204,0.22999999999999998,0.13000000000000000,0.00000000000000000,0.10000000000000001
1.82930988467362776,1.00078027571383132,0.23999999999999999,0.13000000000000000,0.00000000000000000,0.10000000000000001
1.84192161734927629,1.00393349479764260,0.25000000000000000,0.13000000000000000,0.00000000000000000,0.10000000000000001
1.85450118777824180,1.00721267144662496,0.26000000000000001,0.13000000000000000,0.00000000000000000,0.10000000000000001
1.86704733801396427,1.01061747774584632,0.27000000000000002,0.13000000000000000,0.00000000000000000,0.10000000000000001
1.87955881345187503,1.01414757321751403,0.28000000000000003,0.13000000000000000,0.00000000000000000,0.10000000000000001
1.89203436295485661,1.01780260485502261,0.29000000000000004,0.13000000000000000,0.00000000000000000,0.10000000000000001
1.90447273897835512,1.02158220715825432,0.30000000000000004,0.13000000000000000,0.00000000000000000,0.10000000000000001
1.91687269769513335,1.02548600217012820,0.31000000000000005,0.13000000000000000,0.00000000000000000,0.10000000000000001
1.92923299911965285,1.02951359951439647,0.32000000000000006,0.13000000000000000,0.00000000000000000,0.10000000000000001
1.94155240723207134,1.03366459643468089,0.33000000000000007,0.13000000000000000,0.00000000000000000,0.10000000000000001
1.95382969010184393,1.03793857783474874,0.34000000000000008,0.13000000000000000,0.00000000000000000,0.10000000000000001
1.96606362001091450,1.04233511632002140,0.35000000000000009,0.13000000000000000,0.00000000000000000,0.10000000000000001
1.97825297357648711,1.04685377224031440,0.36000000000000010,0.13000000000000000,0.00000000000000000,0.10000000000000001
1.99039653187336296,1.05149409373380109,0.37000000000000011,0.13000000000000000,0.00000000000000000,0.10000000000000001
2.00249308055583208,1.05625561677219904,0.38000000000000012,0.13000000000000000,0.00000000000000000,0.10000000000000001
2.01454140997910613,1.06113786520717235,0.39000000000000012,0.13000000000000000,0.00000000000000000,0.10000000000000001
2.02654031532028345,1.06614035081794611,0.40000000000000013,0.13000000000000000,0.00000000000000000,0.10000000000000001
2.03848859669882909,1.07126257336012798,0.41000000000000014,0.13000000000000000,0.00000000000000000,0.10000000000000001
2.05038505929656178,1.07650402061573214,0.42000000000000015,0.13000000000000000,0.00000000000000000,0.10000000000000001
2.06222851347713565,1.08186416844440081,0.43000000000000016,0.13000000000000000,0.00000000000000000,0.10000000000000001
2.07401777490500194,1.08734248083581808,0.44000000000000017,0.13000000000000000,0.00000000000000000,0.10000000000000001
2.08575166466384232,1.09293840996330993,0.45000000000000018,0.13000000000000000,0.00000000000000000,0.10000000000000001
2.09742900937445942,1.09865139623862706,0.46000000000000019,0.14000000000000001,-0.00000000000000000,0.06000000000000000
2.10995502330699303,1.10490426653656693,0.46600000000000019,0.14000000000000001,-0.00000000000000000,0.06000000000000000
2.12244329477526739,1.11123217991583845,0.47200000000000020,0.14000000000000001,-0.00000000000000000,0.06000000000000000
2.13489337420285841,1.11763490857224368,0.47800000000000020,0.14000000000000001,-0.00000000000000000,0.06000000000000000
2.14730481338825152,1.12411222200824223,0.48400000000000021,0.14000000000000001,-0.00000000000000000,0.06000000000000000
2.15967716552097633,1.13066388704125020,0.49000000000000021,0.14000000000000001,-0.00000000000000000,0.06000000000000000
2.17200998519769239,1.13728966781203367,0.49600000000000022,0.14000000000000001,-0.00000000000000000,0.06000000000000000
2.18430282843822310,1.14398932579320078,0.50200000000000022,0.14000000000000001,-0.00000000000000000,0.06000000000000000
2.19655525270153973,1.15076261979778760,0.50800000000000023,0.14000000000000001,-0.00000000000000000,0.06000000000000000
2.20876681690169185,1.15760930598794154,0.51400000000000023,0.14000000000000001,-0.00000000000000000,0.06000000000000000
2.22093708142368707,1.16452913788369905,0.52000000000000024,0.14000000000000001,-0.00000000000000000,0.06000000000000000
2.23306560813931698,1.17152186637185940,0.52600000000000025,0.14000000000000001,-0.00000000000000000,0.06000000000000000
2.24515196042292997,1.17858723971495216,0.53200000000000025,0.14000000000000001,-0.00000000000000000,0.06000000000000000
2.25719570316714879,1.18572500356030019,0.53800000000000026,0.14000000000000001,-0.00000000000000000,0.06000000000000000
2.26919640279853541,1.19293490094917565,0.54400000000000026,0.14000000000000001,-0.00000000000000000,0.06000000000000000
2.28115362729319937,1.20021667232605145,0.55000000000000027,0.14000000000000001,-0.00000000000000000,0.06000000000000000
2.29306694619235030,1.20757005554794428,0.55600000000000027,0.14000000000000001,-0.00000000000000000,0.06000000000000000
2.30493593061779434,1.21499478589385235,0.56200000000000028,0.14000000000000001,-0.00000000000000000,0.06000000000000000
2.31676015328737384,1.22249059607428512,0.56800000000000028,0.14000000000000001,-0.00000000000000000,0.06000000000000000
2.32853918853035013,1.23005721624088582,0.57400000000000029,0.14000000000000001,-0.00000000000000000,0.06000000000000000
2.34027261230272643,1.23769437399614546,0.58000000000000029,0.14000000000000001,-0.00000000000000000,0.06000000000000000
2.35196000220251378,1.24540179440320964,0.58600000000000030,0.14000000000000001,-0.00000000000000000,0.06000000000000000
2.36360093748493849,1.25317919999577621,0.59200000000000030,0.14000000000000001,-0.00000000000000000,0.06000000000000000
2.37519499907758735,1.26102631078808369,0.59800000000000031,0.14000000000000001,-0.00000000000000000,0.06000000000000000
2.38674176959549511,1.26894284428499105,0.60400000000000031,0.14000000000000001,-0.00000000000000000,0.06000000000000000
2.39824083335617022,1.27692851549214748,0.61000000000000032,0.14000000000000001,-0.00000000000000000,0.06000000000000000
2.40969177639455934,1.28498303692625182,0.61600000000000033,0.14000000000000001,-0.00000000000000000,0.06000000000000000
2.42109418647795005,1.29310611862540248,0.62200000000000033,0.14000000000000001,-0.00000000000000000,0.06000000000000000
2.43244765312081057,1.30129746815953551,0.62800000000000034,0.14000000000000001,-0.00000000000000000,0.06000000000000000
2.44375176759956769,1.30955679064095221,0.63400000000000034,0.14000000000000001,-0.00000000000000000,0.06000000000000000
2.45500612296732124,1.31788378873493550,0.64000000000000035,0.14000000000000001,-0.00000000000000000,0.06000000000000000
2.46621031406849323,1.32627816267045318,0.64600000000000035,0.14000000000000001,-0.00000000000000000,0.06000000000000000
2.47736393755341444,1.33473961025095011,0.65200000000000036,0.14000000000000001,-0.00000000000000000,0.06000000000000000
2.48846659189284347,1.34326782686522739,0.65800000000000036,0.14000000000000001,-0.00000000000000000,0.06000000000000000
2.49951787739242359,1.35186250549840792,0.66400000000000037,0.14000000000000001,-0.00000000000000000,0.06000000000000000
2.51051739620707037,1.36052333674298898,0.67000000000000037,0.14000000000000001,-0.00000000000000000,0.06000000000000000
2.52146475235529444,1.36925000880998127,0.67600000000000038,0.14000000000000001,-0.00000000000000000,0.06000000000000000
2.53235955173345673,1.37804220754013285,0.68200000000000038,0.14000000000000001,-0.00000000000000000,0.06000000000000000
2.54320140212995627,1.38689961641523896,0.68800000000000039,0.14000000000000001,-0.00000000000000000,0.06000000000000000
2.55398991323934954,1.39582191656953669,0.69400000000000039,0.14000000000000001,-0.00000000000000000,0.06000000000000000
2.56472469667640190,1.40480878680118404,0.70000000000000040,0.14000000000000001,-0.00000000000000000,0.06000000000000000
2.57540536599006886,1.41385990358382352,0.70600000000000041,0.14000000000000001,-0.00000000000000000,0.06000000000000000
2.58603153667740848,1.42297494107822819,0.71200000000000041,0.14000000000000001,-0.00000000000000000,0.06000000000000000
2.59660282619742411,1.43215357114403274,0.71800000000000042,0.14000000000000001,-0.00000000000000000,0.06000000000000000
2.60711885398483423,1.44139546335154600,0.72400000000000042,0.14000000000000001,-0.00000000000000000,0.06000000000000000
2.61757924146377485,1.45070028499364678,0.73000000000000043,0.14000000000000001,-0.00000000000000000,0.06000000000000000
2.62798361206142594,1.46006770109776096,0.73600000000000043,0.14000000000000001,-0.00000000000000000,0.06000000000000000
2.63833159122156991,1.46949737443792028,0.74200000000000044,0.14000000000000001,-0.00000000000000000,0.06000000000000000
2.64862280641807413,1.47898896554690285,0.74800000000000044,0.14000000000000001,-0.00000000000000000,0.06000000000000000
2.65885688716830337,1.48854213272845404,0.75400000000000045,0.14000000000000001,-0.00000000000000000,0.06000000000000000
2.66903346504645578,1.49815653206958688,0.76000000000000045,0.14000000000000001,-0.00000000000000000,0.06000000000000000
2.67915217369682690,1.50783181745296369,0.76600000000000046,0.14000000000000001,-0.00000000000000000,0.06000000000000000
2.68921264884699829,1.51756764056935545,0.77200000000000046,0.14000000000000001,-0.00000000000000000,0.06000000000000000
2.69921452832095099,1.52736365093018134,0.77800000000000047,0.14000000000000001,-0.00000000000000000,0.06000000000000000
2.70915745205210401,1.53721949588012641,0.78400000000000047,0.14000000000000001,-0.00000000000000000,0.06000000000000000
2.71904106209627683,1.54713482060983698,0.79000000000000048,0.14000000000000001,-0.00000000000000000,0.06000000000000000
2.72886500264457510,1.55710926816869355,0.79600000000000048,0.14000000000000001,-0.00000000000000000,0.06000000000000000
2.73862892003620040,1.56714247947766117,0.80200000000000049,0.14000000000000001,-0.00000000000000000,0.06000000000000000
2.74833246277118137,1.57723409334221643,0.80800000000000050,0.14000000000000001,-0.00000000000000000,0.06000000000000000
2.75797528152302718,1.58738374646534997,0.81400000000000050,0.14000000000000001,-0.00000000000000000,0.06000000000000000
2.76755702915130408,1.59759107346064555,0.82000000000000051,0.14000000000000001,-0.00000000000000000,0.06000000000000000
2.77707736071413258,1.60785570686543378,0.82600000000000051,0.14000000000000001,-0.00000000000000000,0.06000000000000000
2.78653593348060413,1.61817727715402082,0.83200000000000052,0.14000000000000001,-0.00000000000000000,0.06000000000000000
2.79593240694312106,1.62855541275099069,0.83800000000000052,0.14000000000000001,-0.00000000000000000,0.06000000000000000
2.80526644282965343,1.63898974004458298,0.84400000000000053,0.14000000000000001,-0.00000000000000000,0.06000000000000000
2.81453770511591772,1.64947988340014207,0.85000000000000053,0.14000000000000001,-0.00000000000000000,0.06000000000000000
2.82374586003747252,1.66002546517363991,0.85600000000000054,0.14000000000000001,-0.00000000000000000,0.06000000000000000
2.83289057610173511,1.67062610572527159,0.86200000000000054,0.14000000000000001,-0.00000000000000000,0.06000000000000000
2.84197152409991505,1.68128142343312215,0.86800000000000055,0.14000000000000001,-0.00000000000000000,0.06000000000000000
2.85098837711886510,1.69199103470690493,0.87400000000000055,0.14000000000000001,-0.00000000000000000,0.06000000000000000
2.85994081055285010,1.70275455400177056,0.88000000000000056,0.14000000000000001,-0.00000000000000000,0.06000000000000000
2.86882850211523355,1.71357159383218716,0.88600000000000056,0.14000000000000001,-0.00000000000000000,0.06000000000000000
2.87765113185007904,1.72444176478588895,0.89200000000000057,0.14000000000000001,-0.00000000000000000,0.06000000000000000
2.88640838214366902,1.73536467553789553,0.89800000000000058,0.14000000000000001,-0.00000000000000000,0.06000000000000000
2.89509993773593877,1.74633993286459943,0.90400000000000058,0.14000000000000001,-0.00000000000000000,0.06000000000000000
2.90372548573182554,1.75736714165792218,0.91000000000000059,0.14000000000000001,-0.00000000000000000,0.06000000000000000
2.91228471561253288,1.76844590493953846,0.91600000000000059,0.14000000000000001,-0.00000000000000000,0.06000000000000000
2.92077731924670969,1.77957582387516644,0.92200000000000060,0.14000000000000001,-0.00000000000000000,0.06000000000000000
2.92920299090154224,1.79075649778892632,0.92800000000000060,0.14000000000000001,-0.00000000000000000,0.06000000000000000
2.93756142725376090,1.80198752417776498,0.93400000000000061,0.14000000000000001,-0.00000000000000000,0.06000000000000000
2.94585232740055991,1.81326849872594531,0.94000000000000061,0.14000000000000001,-0.00000000000000000,0.06000000000000000
2.95407539287042908,1.82459901531960189,0.94600000000000062,0.14000000000000001,-0.00000000000000000,0.06000000000000000
2.96223032763389993,1.83597866606136084,0.95200000000000062,0.14000000000000001,-0.00000000000000000,0.06000000000000000
2.97031683811420155,1.84740704128502475,0.95800000000000063,0.14000000000000001,-0.00000000000000000,0.06000000000000000
2.97833463319782998,1.85888372957031978,0.96400000000000063,0.14000000000000001,-0.00000000000000000,0.06000000000000000
2.98628342424502824,1.87040831775770688,0.97000000000000064,0.14000000000000001,-0.00000000000000000,0.06000000000000000
2.99416292510017668,1.88198039096325620,0.97600000000000064,0.14000000000000001,-0.00000000000000000,0.06000000000000000
3.00197285210209586,1.89359953259358216,0.98200000000000065,0.14000000000000001,-0.00000000000000000,0.06000000000000000
3.00971292409425706,1.90526532436084084,0.98800000000000066,0.14000000000000001,-0.00000000000000000,0.06000000000000000
3.01738286243490483,1.91697734629778860,0.99400000000000066,0.14000000000000001,-0.00000000000000000,0.06000000000000000
3.02498239100708677,1.92873517677290041,1.00000000000000067,0.14000000000000001,-0.00000000000000000,0.06000000000000000
3.03251123622859531,1.94053839250554927,1.00600000000000067,0.14000000000000001,-0.00000000000000000,0.06000000000000000
3.03996912706181543,1.95238656858124338,1.01200000000000068,0.14000000000000001,-0.00000000000000000,0.06000000000000000
3.04735579502348308,1.96427927846692363,1.01800000000000068,0.14000000000000001,-0.00000000000000000,0.06000000000000000
3.05467097419434896,1.97621609402631870,1.02400000000000069,0.14000000000000001,-0.00000000000000000,0.06000000000000000
3.06191440122875269,1.98819658553535739,1.03000000000000069,0.14000000000000001,-0.00000000000000000,0.06000000000000000
3.06908581536410363,2.00022032169763930,1.03600000000000070,0.14000000000000001,-0.00000000000000000,0.06000000000000000
3.07618495843026762,2.01228686965996140,1.04200000000000070,0.14000000000000001,-0.00000000000000000,0.06000000000000000
3.08321157485886088,2.02439579502790012,1.04800000000000071,0.14000000000000001,-0.00000000000000000,0.06000000000000000
3.09016541169245063,2.03654666188144962,1.05400000000000071,0.14000000000000001,-0.00000000000000000,0.06000000000000000
3.09704621859366203,2.04873903279071579,1.06000000000000072,0.14000000000000001,-0.00000000000000000,0.06000000000000000
3.10385374785418966,2.06097246883166285,1.06600000000000072,0.14000000000000001,-0.00000000000000000,0.06000000000000000
3.11058775440371527,2.07324652960191447,1.07200000000000073,0.14000000000000001,-0.00000000000000000,0.06000000000000000
3.11724799581873047,2.08556077323660816,1.07800000000000074,0.14000000000000001,-0.00000000000000000,0.06000000000000000
3.12383423233126400,2.09791475642430347,1.08400000000000074,0.14000000000000001,-0.00000000000000000,0.06000000000000000
3.13034622683751218,2.11030803442293946,1.09000000000000075,0.14000000000000001,-0.00000000000000000,0.06000000000000000
3.13678374490637646,2.12274016107584673,1.09600000000000075,0.14000000000000001,-0.00000000000000000,0.06000000000000000
3.14314655478790117,2.13521068882780840,1.10200000000000076,0.14000000000000001,-0.00000000000000000,0.06000000000000000
3.14943442742161839,2.14771916874117252,1.10800000000000076,0.14000000000000001,-0.00000000000000000,0.06000000000000000
3.15564713644479200,2.16026515051201295,1.11400000000000077,0.14000000000000001,-0.00000000000000000,0.06000000000000000
3.16178445820056808,2.17284818248634082,1.12000000000000077,0.14000000000000001,-0.00000000000000000,0.06000000000000000
3.16784617174602623,2.18546781167636439,1.12600000000000078,0.14000000000000001,-0.00000000000000000,0.06000000000000000
3.17383205886013364,2.19812358377679518,1.13200000000000078,0.14000000000000001,-0.00000000000000000,0.06000000000000000
3.17974190405160062,2.21081504318120459,1.13800000000000079,0.14000000000000001,-0.00000000000000000,0.06000000000000000
3.18557549456663835,2.22354173299842506,1.14400000000000079,0.14000000000000001,-0.00000000000000000,0.06000000000000000
3.19133262039661858,2.23630319506899733,1.15000000000000080,0.14000000000000001,-0.00000000000000000,0.06000000000000000
3.19701307428563331,2.24909896998166525,1.15600000000000080,0.14000000000000001,-0.00000000000000000,0.06000000000000000
3.20261665173795596,2.26192859708991367,1.16200000000000081,0.14000000000000001,-0.00000000000000000,0.06000000000000000
3.20814315102540304,2.27479161452855250,1.16800000000000082,0.14000000000000001,-0.00000000000000000,0.06000000000000000
3.21359237319459723,2.28768755923034295,1.17400000000000082,0.14000000000000001,-0.00000000000000000,0.06000000000000000
3.21896412207412919,2.30061596694266868,1.18000000000000083,0.17000000000000001,-0.00000000000000000,0.01000000000000000
3.22543198385862873,2.31633750439462549,1.18100000000000072,0.17000000000000001,-0.00000000000000000,0.01000000000000000
3.23188412087436605,2.33206550184652084,1.18200000000000061,0.17000000000000001,-0.00000000000000000,0.01000000000000000
3.23832052666920456,2.34779994357035848,1.18300000000000050,0.17000000000000001,-0.00000000000000000,0.01000000000000000
3.24474119480673906,2.36354081383169801,1.18400000000000039,0.17000000000000001,-0.00000000000000000,0.01000000000000000
3.25114611886630156,2.37928809688967036,1.18500000000000028,0.17000000000000001,-0.00000000000000000,0.01000000000000000
3.25753529244296924,2.39504177699699383,1.18600000000000017,0.17000000000000001,-0.00000000000000000,0.01000000000000000
3.26390870914756848,2.41080183839998963,1.18700000000000006,0.17000000000000001,-0.00000000000000000,0.01000000000000000
3.27026636260668324,2.42656826533859782,1.18799999999999994,0.17000000000000001,-0.00000000000000000,0.01000000000000000
3.27660824646266091,2.44234104204639291,1.18899999999999983,0.17000000000000001,-0.00000000000000000,0.01000000000000000
3.28293435437361758,2.45812015275059936,1.18999999999999972,0.17000000000000001,-0.00000000000000000,0.01000000000000000
3.28924468001344650,2.47390558167210761,1.19099999999999961,0.17000000000000001,-0.00000000000000000,0.01000000000000000
3.29553921707182207,2.48969731302549002,1.19199999999999950,0.17000000000000001,-0.00000000000000000,0.01000000000000000
3.30181795925420785,2.50549533101901689,1.19299999999999939,0.17000000000000001,-0.00000000000000000,0.01000000000000000
3.30808090028186230,2.52129961985467110,1.19399999999999928,0.17000000000000001,-0.00000000000000000,0.01000000000000000
3.31432803389184505,2.53711016372816545,1.19499999999999917,0.17000000000000001,-0.00000000000000000,0.01000000000000000
3.32055935383702305,2.55292694682895727,1.19599999999999906,0.17000000000000001,-0.00000000000000000,0.01000000000000000
3.32677485388607641,2.56874995334026490,1.19699999999999895,0.17000000000000001,-0.00000000000000000,0.01000000000000000
3.33297452782350589,2.58457916743908322,1.19799999999999884,0.17000000000000001,-0.00000000000000000,0.01000000000000000
3.33915836944963829,2.60041457329619918,1.19899999999999873,0.17000000000000001,-0.00000000000000000,0.01000000000000000
3.34532637258063215,2.61625615507620823,1.19999999999999862,0.17000000000000001,-0.00000000000000000,0.01000000000000000
3.35147853104848492,2.63210389693753033,1.20099999999999851,0.17000000000000001,-0.00000000000000000,0.01000000000000000
3.35761483870103872,2.64795778303242457,1.20199999999999840,0.17000000000000001,-0.00000000000000000,0.01000000000000000
3.36373528940198607,2.66381779750700609,1.20299999999999829,0.17000000000000001,-0.00000000000000000,0.01000000000000000
3.36983987703087706,2.67968392450126203,1.20399999999999818,0.17000000000000001,-0.00000000000000000,0.01000000000000000
3.37592859548312463,2.69555614814906663,1.20499999999999807,0.17000000000000001,-0.00000000000000000,0.01000000000000000
3.38200143867001080,2.71143445257819726,1.20599999999999796,0.17000000000000001,-0.00000000000000000,0.01000000000000000
3.38805840051869289,2.72731882191035124,1.20699999999999785,0.17000000000000001,-0.00000000000000000,0.01000000000000000
3.39409947497220976,2.74320924026116053,1.20799999999999774,0.17000000000000001,-0.00000000000000000,0.01000000000000000
3.40012465598948710,2.75910569174020770,1.20899999999999763,0.17000000000000001,-0.00000000000000000,0.01000000000000000
3.40613393754534455,2.77500816045104326,1.20999999999999752,0.17000000000000001,-0.00000000000000000,0.01000000000000000
3.41212731363050104,2.79091663049119942,1.21099999999999741,0.17000000000000001,-0.00000000000000000,0.01000000000000000
3.41810477825158099,2.80683108595220743,1.21199999999999730,0.17000000000000001,-0.00000000000000000,0.01000000000000000
3.42406632543112055,2.82275151091961307,1.21299999999999719,0.17000000000000001,-0.00000000000000000,0.01000000000000000
3.43001194920757246,2.83867788947299271,1.21399999999999708,0.17000000000000001,-0.00000000000000000,0.01000000000000000
3.43594164363531407,2.85461020568596924,1.21499999999999697,0.17000000000000001,-0.00000000000000000,0.01000000000000000
3.44185540278465085,2.87054844362622807,1.21599999999999686,0.17000000000000001,-0.00000000000000000,0.01000000000000000
3.44775322074182444,2.88649258735553227,1.21699999999999675,0.17000000000000001,-0.00000000000000000,0.01000000000000000
3.45363509160901749,2.90244262092973937,1.21799999999999664,0.17000000000000001,-0.00000000000000000,0.01000000000000000
3.45950100950435946,2.91839852839881742,1.21899999999999653,0.17000000000000001,-0.00000000000000000,0.01000000000000000
3.46535096856193281,2.93436029380686003,1.21999999999999642,0.14999999999999999,0.00000000000000000,-0.09000000000000000
3.47056897394737929,2.94842339805352527,1.21099999999999652,0.14999999999999999,0.00000000000000000,-0.09000000000000000
3.47591333423459359,2.96243897133382905,1.20199999999999663,0.14999999999999999,0.00000000000000000,-0.09000000000000000
3.48138361653331474,2.97640587839399906,1.19299999999999673,0.14999999999999999,0.00000000000000000,-0.09000000000000000
3.48697937775366773,2.99032298792219908,1.18399999999999683,0.14999999999999999,0.00000000000000000,-0.09000000000000000
3.49270016464205257,3.00418917264016683,1.17499999999999694,0.14999999999999999,0.00000000000000000,-0.09000000000000000
3.49854551381785983,3.01800330939452177,1.16599999999999704,0.14999999999999999,0.00000000000000000,-0.09000000000000000
3.50451495181100148,3.03176427924773950,1.15699999999999714,0.14999999999999999,0.00000000000000000,-0.09000000000000000
3.51060799510026422,3.04547096756878544,1.14799999999999724,0.14999999999999999,0.00000000000000000,-0.09000000000000000
3.51682415015247285,3.05912226412339994,1.13899999999999735,0.14999999999999999,0.00000000000000000,-0.09000000000000000
3.52316291346246713,3.07271706316402549,1.12999999999999745,0.14999999999999999,0.00000000000000000,-0.09000000000000000
3.52962377159388430,3.08625426351937326,1.12099999999999755,0.14999999999999999,0.00000000000000000,-0.09000000000000000
3.53620620122074847,3.09973276868361580,1.11199999999999766,0.14999999999999999,0.00000000000000000,-0.09000000000000000
3.54290966916985850,3.11315148690520394,1.10299999999999776,0.14999999999999999,0.00000000000000000,-0.09000000000000000
3.54973363246397611,3.12650933127529829,1.09399999999999786,0.14999999999999999,0.00000000000000000,-0.09000000000000000
3.55667753836580491,3.13980521981580862,1.08499999999999797,0.14999999999999999,0.00000000000000000,-0.09000000000000000
3.56374082442276352,3.15303807556703264,1.07599999999999807,0.14999999999999999,0.00000000000000000,-0.09000000000000000
3.57092291851254329,3.16620682667488929,1.06699999999999817,0.14999999999999999,0.00000000000000000,-0.09000000000000000
3.57822323888944993,3.17931040647773866,1.05799999999999828,0.14999999999999999,0.00000000000000000,-0.09000000000000000
3.58564119423152405,3.19234775359278178,1.04899999999999838,0.14999999999999999,0.00000000000000000,-0.09000000000000000
3.59317618368843883,3.20531781200203003,1.03999999999999848,0.14999999999999999,0.00000000000000000,-0.09000000000000000
3.60082759693016818,3.21821953113784343,1.03099999999999858,0.14999999999999999,0.00000000000000000,-0.09000000000000000
3.60859481419642281,3.23105186596802607,1.02199999999999869,0.14999999999999999,0.00000000000000000,-0.09000000000000000
3.61647720634685044,3.24381377708047314,1.01299999999999879,0.14999999999999999,0.00000000000000000,-0.09000000000000000
3.62447413491199733,3.25650423076736173,1.00399999999999889,0.14999999999999999,0.00000000000000000,-0.09000000000000000
3.63258495214502153,3.26912219910888213,0.99499999999999889,0.14999999999999999,0.00000000000000000,-0.09000000000000000
3.64080900107416161,3.28166666005649699,0.98599999999999888,0.14999999999999999,0.00000000000000000,-0.09000000000000000
3.64914561555595096,3.29413659751572840,0.97699999999999887,0.14999999999999999,0.00000000000000000,-0.09000000000000000
3.65759412032917464,3.30653100142846013,0.96799999999999886,0.14999999999999999,0.00000000000000000,-0.09000000000000000
3.66615383106956516,3.31884886785475208,0.95899999999999885,0.14999999999999999,0.00000000000000000,-0.09000000000000000
3.67482405444523286,3.33108919905415801,0.94999999999999885,0.14999999999999999,0.00000000000000000,-0.09000000000000000
3.68360408817282448,3.34325100356654348,0.94099999999999884,0.14999999999999999,0.00000000000000000,-0.09000000000000000
3.69249322107440836,3.35533329629239230,0.93199999999999883,0.14999999999999999,0.00000000000000000,-0.09000000000000000
3.70149073313507992,3.36733509857260005,0.92299999999999882,0.14999999999999999,0.00000000000000000,-0.09000000000000000
3.71059589556128167,3.37925543826774355,0.91399999999999881,0.14999999999999999,0.00000000000000000,-0.09000000000000000
3.71980797083983505,3.39109334983682498,0.90499999999999881,0.14999999999999999,0.00000000000000000,-0.09000000000000000
3.72912621279767942,3.40284787441547953,0.89599999999999880,0.14999999999999999,0.00000000000000000,-0.09000000000000000
3.73854986666231071,3.41451805989364354,0.88699999999999879,0.14999999999999999,0.00000000000000000,-0.09000000000000000
3.74807816912291836,3.42610296099267364,0.87799999999999878,0.14999999999999999,0.00000000000000000,-0.09000000000000000
3.75771034839221274,3.43760163934191487,0.86899999999999877,0.14999999999999999,0.00000000000000000,-0.09000000000000000
3.76744562426893914,3.44901316355470744,0.85999999999999877,0.14999999999999999,0.00000000000000000,-0.09000000000000000
3.77728320820107433,3.46033660930382991,0.85099999999999876,0.14999999999999999,0.00000000000000000,-0.09000000000000000
3.78722230334969856,3.47157105939636734,0.84199999999999875,0.14999999999999999,0.00000000000000000,-0.09000000000000000
3.79726210465353908,3.48271560384800472,0.83299999999999874,0.14999999999999999,0.00000000000000000,-0.09000000000000000
3.80740179889417973,3.49376933995673511,0.82399999999999873,0.14999999999999999,0.00000000000000000,-0.09000000000000000
3.81764056476193048,3.50473137237597676,0.81499999999999873,0.14999999999999999,0.00000000000000000,-0.09000000000000000
3.82797757292235419,3.51560081318709727,0.80599999999999872,0.14999999999999999,0.00000000000000000,-0.09000000000000000
3.83841198608344181,3.52637678197133431,0.79699999999999871,0.14999999999999999,0.00000000000000000,-0.09000000000000000
3.84894295906343231,3.53705840588110743,0.78799999999999870,0.14999999999999999,0.00000000000000000,-0.09000000000000000
3.85956963885927173,3.54764481971072065,0.77899999999999869,0.14999999999999999,0.00000000000000000,-0.09000000000000000
3.87029116471570678,3.55813516596644153,0.76999999999999869,0.14999999999999999,0.00000000000000000,-0.09000000000000000
3.88110666819500549,3.56852859493595886,0.76099999999999868,0.14999999999999999,0.00000000000000000,-0.09000000000000000
3.89201527324729879,3.57882426475720905,0.75199999999999867,0.14999999999999999,0.00000000000000000,-0.09000000000000000
3.90301609628154234,3.58902134148656549,0.74299999999999866,0.14999999999999999,0.00000000000000000,-0.09000000000000000
3.91410824623708464,3.59911899916638856,0.73399999999999865,0.14999999999999999,0.00000000000000000,-0.09000000000000000
3.92529082465584400,3.60911641989192677,0.72499999999999865,0.14999999999999999,0.00000000000000000,-0.09000000000000000
3.93656292575508271,3.61901279387756780,0.71599999999999864,0.14999999999999999,0.00000000000000000,-0.09000000000000000
3.94792363650077460,3.62880731952242908,0.70699999999999863,0.14999999999999999,0.00000000000000000,-0.09000000000000000
3.95937203668156057,3.63849920347528899,0.69799999999999862,0.14999999999999999,0.00000000000000000,-0.09000000000000000
3.97090719898328537,3.64808766069884616,0.68899999999999861,0.14999999999999999,0.00000000000000000,-0.09000000000000000
3.98252818906410955,3.65757191453330810,0.67999999999999861,0.14999999999999999,0.00000000000000000,-0.09000000000000000
3.99423406563019068,3.66695119675929959,0.67099999999999860,0.14999999999999999,0.00000000000000000,-0.09000000000000000
4.00602388051192637,3.67622474766008844,0.66199999999999859,0.14999999999999999,0.00000000000000000,-0.09000000000000000
4.01789667874075818,3.68539181608312205,0.65299999999999858,0.14999999999999999,0.00000000000000000,-0.09000000000000000
4.02985149862652037,3.69445165950087029,0.64399999999999857,0.14999999999999999,0.00000000000000000,-0.09000000000000000
4.04188737183533853,3.70340354407096983,0.63499999999999857,0.14999999999999999,0.00000000000000000,-0.09000000000000000
4.05400332346806280,3.71224674469566462,0.62599999999999856,0.14999999999999999,0.00000000000000000,-0.09000000000000000
4.06619837213923585,3.72098054508053933,0.61699999999999855,0.14999999999999999,0.00000000000000000,-0.09000000000000000
4.07847153005658303,3.72960423779253780,0.60799999999999854,0.14999999999999999,0.00000000000000000,-0.09000000000000000
4.09082180310102306,3.73811712431726573,0.59899999999999853,0.14999999999999999,0.00000000000000000,-0.09000000000000000
4.10324819090719206,3.74651851511556888,0.58999999999999853,0.14999999999999999,0.00000000000000000,-0.09000000000000000
4.11574968694447207,3.75480772967938581,0.58099999999999852,0.14999999999999999,0.00000000000000000,-0.09000000000000000
4.12832527859851961,3.76298409658686905,0.57199999999999851,0.14999999999999999,0.00000000000000000,-0.09000000000000000
4.14097394725328538,3.77104695355676922,0.56299999999999850,0.14999999999999999,0.00000000000000000,-0.09000000000000000
4.15369466837352430,3.77899564750208050,0.55399999999999849,0.14999999999999999,0.00000000000000000,-0.09000000000000000
4.16648641158778066,3.78682953458293925,0.54499999999999849,0.14999999999999999,0.00000000000000000,-0.09000000000000000
4.17934814077184846,3.79454798025877515,0.53599999999999848,0.14999999999999999,0.00000000000000000,-0.09000000000000000
4.19227881413269543,3.80215035933970835,0.52699999999999847,0.14999999999999999,0.00000000000000000,-0.09000000000000000
4.20527738429284881,3.80963605603718980,0.51799999999999846,0.14999999999999999,0.00000000000000000,-0.09000000000000000
4.21834279837523329,3.81700446401388005,0.50899999999999845,0.14999999999999999,0.00000000000000000,-0.09000000000000000
4.23147399808845126,3.82425498643276152,0.49999999999999845,0.14999999999999999,0.00000000000000000,-0.09000000000000000
4.24466991981250619,3.83138703600548247,0.49099999999999844,0.14999999999999999,0.00000000000000000,-0.09000000000000000
4.25792949468495241,3.83840003503992655,0.48199999999999843,0.14999999999999999,0.00000000000000000,-0.09000000000000000
4.27125164868747564,3.84529341548700687,0.47299999999999842,0.14999999999999999,0.00000000000000000,-0.09000000000000000
4.28463530273288473,3.85206661898667591,0.46399999999999841,0.14999999999999999,0.00000000000000000,-0.09000000000000000
4.29807937275251994,3.85871909691315373,0.45499999999999841,0.14999999999999999,0.00000000000000000,-0.09000000000000000
4.31158276978406008,3.86525031041936540,0.44599999999999840,0.14999999999999999,0.00000000000000000,-0.09000000000000000
4.32514440005972833,3.87165973048058776,0.43699999999999839,0.14999999999999999,0.00000000000000000,-0.09000000000000000
4.33876316509488724,3.87794683793730011,0.42799999999999838,0.14999999999999999,0.00000000000000000,-0.09000000000000000
4.35243796177701547,3.88411112353723587,0.41899999999999837,0.14999999999999999,0.00000000000000000,-0.09000000000000000
4.36616768245505860,3.89015208797663181,0.40999999999999837,0.14999999999999999,0.00000000000000000,-0.09000000000000000
4.37995121502914753,3.89606924194067172,0.40099999999999836,0.14999999999999999,0.00000000000000000,-0.09000000000000000
4.39378744304068025,3.90186210614311912,0.39199999999999835,0.14999999999999999,0.00000000000000000,-0.09000000000000000
4.40767524576275349,3.90753021136514089,0.38299999999999834,0.14999999999999999,0.00000000000000000,-0.09000000000000000
4.42161349829093897,3.91307309849331331,0.37399999999999833,0.14999999999999999,0.00000000000000000,-0.09000000000000000
4.43560107163440254,3.91849031855680963,0.36499999999999833,0.14999999999999999,0.00000000000000000,-0.09000000000000000
4.44963683280735189,3.92378143276376612,0.35599999999999832,0.14999999999999999,0.00000000000000000,-0.09000000000000000
4.46371964492080497,3.92894601253682563,0.34699999999999831,0.14999999999999999,0.00000000000000000,-0.09000000000000000
4.47784836727468161,3.93398363954784980,0.33799999999999830,0.14999999999999999,0.00000000000000000,-0.09000000000000000
4.49202185545019539,3.93889390575180487,0.32899999999999829,0.14999999999999999,0.00000000000000000,-0.09000000000000000
4.50623896140255287,3.94367641341981345,0.31999999999999829,0.14999999999999999,0.00000000000000000,-0.09000000000000000
4.52049853355394582,3.94833077517136877,0.31099999999999828,0.14999999999999999,0.00000000000000000,-0.09000000000000000
4.53479941688682597,3.95285661400571398,0.30199999999999827,0.14999999999999999,0.00000000000000000,-0.09000000000000000
4.54914045303746306,3.95725356333237821,0.29299999999999826,0.14999999999999999,0.00000000000000000,-0.09000000000000000
4.56352048038976932,3.96152126700086971,0.28399999999999825,0.14999999999999999,0.00000000000000000,-0.09000000000000000
4.57793833416939133,3.96565937932952473,0.27499999999999825,0.14999999999999999,0.00000000000000000,-0.09000000000000000
4.59239284653805591,3.96966756513350738,0.26599999999999824,0.14999999999999999,0.00000000000000000,-0.09000000000000000
4.60688284668816461,3.97354549975195903,0.25699999999999823,0.14999999999999999,0.00000000000000000,-0.09000000000000000
4.62140716093762727,3.97729286907429547,0.24799999999999822,0.14999999999999999,0.00000000000000000,-0.09000000000000000
4.63596461282493078,3.98090936956565056,0.23899999999999821,0.14999999999999999,0.00000000000000000,-0.09000000000000000
4.65055402320443179,3.98439470829146192,0.22999999999999821,0.14999999999999999,0.00000000000000000,-0.09000000000000000
4.66517421034186608,3.98774860294119859,0.22099999999999820,0.14999999999999999,0.00000000000000000,-0.09000000000000000
4.67982399001006932,3.99097078185122722,0.21199999999999819,0.14999999999999999,0.00000000000000000,-0.09000000000000000
4.69450217558489769,3.99406098402681842,0.20299999999999818,0.14999999999999999,0.00000000000000000,-0.09000000000000000
4.70920757814134472,3.99701895916328498,0.19399999999999817,0.14999999999999999,0.00000000000000000,-0.09000000000000000
4.72393900654984478,3.99984446766625812,0.18499999999999817,0.14999999999999999,0.00000000000000000,-0.09000000000000000
4.73869526757274961,4.00253728067109460,0.17599999999999816,0.14999999999999999,0.00000000000000000,-0.09000000000000000
4.75347516596098529,4.00509718006141213,0.16699999999999815,0.14999999999999999,0.00000000000000000,-0.09000000000000000
4.76827750455086274,4.00752395848676102,0.15799999999999814,0.14999999999999999,0.00000000000000000,-0.09000000000000000
4.78310108436104997,4.00981741937941472,0.14899999999999813,0.14999999999999999,0.00000000000000000,-0.09000000000000000
4.79794470468968726,4.01197737697029488,0.13999999999999813,0.14999999999999999,0.00000000000000000,-0.09000000000000000
4.81280716321164270,4.01400365630401801,0.13099999999999812,0.14999999999999999,0.00000000000000000,-0.09000000000000000
4.82768725607590277,4.01589609325306629,0.12199999999999811,0.14999999999999999,0.00000000000000000,-0.09000000000000000
4.84258377800308093,4.01765453453108101,0.11299999999999810,0.14999999999999999,0.00000000000000000,-0.09000000000000000
4.85749552238304538,4.01927883770528016,0.10399999999999809,0.14999999999999999,0.00000000000000000,-0.09000000000000000
4.87242128137265507,4.02076887120799498,0.09499999999999809,0.14999999999999999,0.00000000000000000,-0.09000000000000000
4.88735984599359163,4.02212451434732632,0.08599999999999808,0.14999999999999999,0.00000000000000000,-0.09000000000000000
4.90231000623028912,4.02334565731692084,0.07699999999999807,0.14999999999999999,0.00000000000000000,-0.09000000000000000
4.91727055112794265,4.02443220120486522,0.06799999999999806,0.14999999999999999,0.00000000000000000,-0.09000000000000000
4.93224026889059441,4.02538405800169929,0.05899999999999806,0.14999999999999999,0.00000000000000000,-0.09000000000000000
4.94721794697929074,4.02620115060754280,0.04999999999999806,0.14999999999999999,0.00000000000000000,-0.09000000000000000
4.96220237221029503,4.02688341283834106,0.04099999999999806,0.14999999999999999,0.00000000000000000,-0.09000000000000000
4.97719233085335588,4.02743078943122690,0.03199999999999806,0.14999999999999999,0.00000000000000000,-0.09000000000000000
4.99218660873001951,4.02784323604899530,0.02299999999999806,0.14999999999999999,0.00000000000000000,-0.09000000000000000
5.00718399131197689,4.02812071928369608,0.01399999999999806,0.14999999999999999,0.00000000000000000,-0.09000000000000000
5.02218326381943747,4.02826321665933840,0.00499999999999805,0.14999999999999999,0.00000000000000000,-0.09000000000000000
5.03718321131952962,4.02827071663371328,-0.00400000000000195,0.14999999999999999,0.00000000000000000,-0.09000000000000000
5.05218261882470632,4.02814321859932711,-0.01300000000000195,0.14999999999999999,0.00000000000000000,-0.09000000000000000
5.06718027139116067,4.02788073288345050,-0.02200000000000195,0.14999999999999999,0.00000000000000000,-0.09000000000000000
5.08217495421723520,4.02748328074728246,-0.03100000000000195,0.14999999999999999,0.00000000000000000,-0.09000000000000000
5.09716545274181954,4.02695089438422915,-0.04000000000000195,0.14999999999999999,0.00000000000000000,-0.09000000000000000
5.11215055274272867,4.02628361691729530,-0.04900000000000195,0.14999999999999999,0.00000000000000000,-0.09000000000000000
5.12712904043505624,4.02548150239559011,-0.05800000000000195,0.14999999999999999,0.00000000000000000,-0.09000000000000000
5.14209970256948790,4.02454461578995204,-0.06700000000000195,0.14999999999999999,0.00000000000000000,-0.09000000000000000
5.15706132653057647,4.02347303298768377,-0.07600000000000195,0.14999999999999999,0.00000000000000000,-0.09000000000000000
5.17201270043496031,4.02226684078640595,-0.08500000000000196,0.14999999999999999,0.00000000000000000,-0.09000000000000000
5.18695261322952916,4.02092613688702727,-0.09400000000000197,0.14999999999999999,0.00000000000000000,-0.09000000000000000
5.20187985478951465,4.01945102988583169,-0.10300000000000198,0.14999999999999999,0.00000000000000000,-0.09000000000000000
5.21679321601651136,4.01784163926567839,-0.11200000000000199,0.14999999999999999,0.00000000000000000,-0.09000000000000000
5.23169148893641456,4.01609809538632856,-0.12100000000000199,0.14999999999999999,0.00000000000000000,-0.09000000000000000
5.24657346679726277,4.01422053947388324,-0.13000000000000200,0.14999999999999999,0.00000000000000000,-0.09000000000000000
5.26143794416698540,4.01220912360934445,-0.13900000000000201,0.14999999999999999,0.00000000000000000,-0.09000000000000000
5.27628371703104371,4.01006401071629703,-0.14800000000000202,0.14999999999999999,0.00000000000000000,-0.09000000000000000
5.29110958288995192,4.00778537454771300,-0.15700000000000203,0.14999999999999999,0.00000000000000000,-0.09000000000000000
5.30591434085668201,4.00537339967187656,-0.16600000000000203,0.14999999999999999,0.00000000000000000,-0.09000000000000000
5.32069679175393251,4.00282828145743341,-0.17500000000000204,0.14999999999999999,0.00000000000000000,-0.09000000000000000
5.33545573821126418,4.00015022605756698,-0.18400000000000205,0.14999999999999999,0.00000000000000000,-0.09000000000000000
5.35018998476208196,3.99733945039330107,-0.19300000000000206,0.14999999999999999,0.00000000000000000,-0.09000000000000000
5.36489833794047222,3.99439618213592729,-0.20200000000000207,0.14999999999999999,0.00000000000000000,-0.09000000000000000
5.37957960637786936,3.99132065968856553,-0.21100000000000207,0.14999999999999999,0.00000000000000000,-0.09000000000000000
5.39423260089955647,3.98811313216685281,-0.22000000000000208,0.14999999999999999,0.00000000000000000,-0.09000000000000000
5.40885613462098824,3.98477385937876427,-0.22900000000000209,0.14999999999999999,0.00000000000000000,-0.09000000000000000
5.42344902304392917,3.98130311180356999,-0.23800000000000210,0.14999999999999999,0.00000000000000000,-0.09000000000000000
5.43801008415239551,3.97770117056992589,-0.24700000000000211,0.14999999999999999,0.00000000000000000,-0.09000000000000000
5.45253813850839908,3.97396832743310258,-0.25600000000000211,0.14999999999999999,0.00000000000000000,-0.09000000000000000
5.46703200934747979,3.97010488475135315,-0.26500000000000212,0.14999999999999999,0.00000000000000000,-0.09000000000000000
5.48149052267402492,3.96611115546142257,-0.27400000000000213,0.14999999999999999,0.00000000000000000,-0.09000000000000000
5.49591250735635928,3.96198746305319993,-0.28300000000000214,0.14999999999999999,0.00000000000000000,-0.09000000000000000
5.51029679522160976,3.95773414154351544,-0.29200000000000215,0.14999999999999999,0.00000000000000000,-0.09000000000000000
5.52464222115032300,3.95335153544908602,-0.30100000000000215,0.14999999999999999,0.00000000000000000,-0.09000000000000000
5.53894762317084233,3.94883999975860922,-0.31000000000000216,0.14999999999999999,0.00000000000000000,-0.09000000000000000
5.55321184255342537,3.94419989990400932,-0.31900000000000217,0.14999999999999999,0.00000000000000000,-0.09000000000000000
5.56743372390410141,3.93943161173083745,-0.32800000000000218,0.14999999999999999,0.00000000000000000,-0.09000000000000000
5.58161211525825696,3.93453552146782837,-0.33700000000000219,0.14999999999999999,0.00000000000000000,-0.09000000000000000
5.59574586817394426,3.92951202569561664,-0.34600000000000219,0.14999999999999999,0.00000000000000000,-0.09000000000000000
5.60983383782490463,3.92436153131461340,-0.35500000000000220,0.14999999999999999,0.00000000000000000,-0.09000000000000000
5.62387488309329875,3.91908445551204698,-0.36400000000000221,0.14999999999999999,0.00000000000000000,-0.09000000000000000
5.63786786666213668,3.91368122572817256,-0.37300000000000222,0.14999999999999999,0.00000000000000000,-0.09000000000000000
5.65181165510740069,3.90815227962164835,-0.38200000000000223,0.14999999999999999,0.00000000000000000,-0.09000000000000000
5.66570511898984996,3.90249806503408614,-0.39100000000000223,0.14999999999999999,0.00000000000000000,-0.09000000000000000
5.67954713294650659,3.89671903995377589,-0.40000000000000224,0.14999999999999999,0.00000000000000000,-0.09000000000000000
5.69333657578180752,3.89081567247858962,-0.40900000000000225,0.14999999999999999,0.00000000000000000,-0.09000000000000000
5.70707233055842345,3.88478844077806507,-0.41800000000000226,0.14999999999999999,0.00000000000000000,-0.09000000000000000
5.72075328468772693,3.87863783305467447,-0.42700000000000227,0.14999999999999999,0.00000000000000000,-0.09000000000000000
5.73437833001991315,3.87236434750428105,-0.43600000000000227,0.14999999999999999,0.00000000000000000,-0.09000000000000000
5.74794636293376016,3.86596849227578376,-0.44500000000000228,0.14999999999999999,0.00000000000000000,-0.09000000000000000
5.76145628442601954,3.85945078542995956,-0.45400000000000229,0.14999999999999999,0.00000000000000000,-0.09000000000000000
5.77490700020043768,3.85281175489749916,-0.46300000000000230,0.14999999999999999,0.00000000000000000,-0.09000000000000000
5.78829742075639064,3.84605193843624615,-0.47200000000000231,0.14999999999999999,0.00000000000000000,-0.09000000000000000
5.80162646147713534,3.83917188358763761,-0.48100000000000231,0.14999999999999999,0.00000000000000000,-0.09000000000000000
5.81489304271766017,3.83217214763235514,-0.49000000000000232,0.14999999999999999,0.00000000000000000,-0.09000000000000000
5.82809608989213856,3.82505329754518364,-0.49900000000000233,0.14999999999999999,0.00000000000000000,-0.09000000000000000
5.84123453356096789,3.81781590994908804,-0.50800000000000234,0.14999999999999999,0.00000000000000000,-0.09000000000000000
5.85430730951739431,3.81046057106850622,-0.51700000000000235,0.14999999999999999,0.00000000000000000,-0.09000000000000000
5.86731335887371319,3.80298787668186655,-0.52600000000000235,0.14999999999999999,0.00000000000000000,-0.09000000000000000
5.88025162814703783,3.79539843207332828,-0.53500000000000236,0.14999999999999999,0.00000000000000000,-0.09000000000000000
5.89312106934463120,3.78769285198375538,-0.54400000000000237,0.14999999999999999,0.00000000000000000,-0.09000000000000000
5.90592064004879180,3.77987176056092222,-0.55300000000000238,0.14999999999999999,0.00000000000000000,-0.09000000000000000
5.91864930350129104,3.77193579130895751,-0.56200000000000239,0.14999999999999999,0.00000000000000000,-0.09000000000000000
5.93130602868734869,3.76388558703703202,-0.57100000000000239,0.14999999999999999,0.00000000000000000,-0.09000000000000000
5.94388979041914567,3.75572179980729004,-0.58000000000000240,0.14999999999999999,0.00000000000000000,-0.09000000000000000
5.95639956941886073,3.74744509088203381,-0.58900000000000241,0.14999999999999999,0.00000000000000000,-0.09000000000000000
5.96883435240123461,3.73905613067016107,-0.59800000000000242,0.14999999999999999,0.00000000000000000,-0.09000000000000000
5.98119313215564485,3.73055559867286224,-0.60700000000000243,0.14999999999999999,0.00000000000000000,-0.09000000000000000
5.99347490762768853,3.72194418342858135,-0.61600000000000243,0.14999999999999999,0.00000000000000000,-0.09000000000000000
6.00567868400026761,3.71322258245724512,-0.62500000000000244,0.14999999999999999,0.00000000000000000,-0.09000000000000000
6.01780347277416805,3.70439150220376323,-0.63400000000000245,0.14999999999999999,0.00000000000000000,-0.09000000000000000
6.02984829184812821,3.69545165798080832,-0.64300000000000246,0.14999999999999999,0.00000000000000000,-0.09000000000000000
6.04181216559838852,3.68640377391087437,-0.65200000000000247,0.14999999999999999,0.00000000000000000,-0.09000000000000000
6.05369412495771630,3.67724858286762446,-0.66100000000000247,0.14999999999999999,0.00000000000000000,-0.09000000000000000
6.06549320749390031,3.66798682641652718,-0.67000000000000248,0.14999999999999999,0.00000000000000000,-0.09000000000000000
6.07720845748770611,3.65861925475479133,-0.67900000000000249,0.14999999999999999,0.00000000000000000,-0.09000000000000000
6.08883892601028975,3.64914662665059986,-0.68800000000000250,0.14999999999999999,0.00000000000000000,-0.09000000000000000
6.10038367100005985,3.63956970938164970,-0.69700000000000251,0.14999999999999999,0.00000000000000000,-0.09000000000000000
6.11184175733898361,3.62988927867300415,-0.70600000000000251,0.14999999999999999,0.00000000000000000,-0.09000000000000000
6.12321225692833249,3.62010611863425735,-0.71500000000000252,0.14999999999999999,0.00000000000000000,-0.09000000000000000
6.13449424876385763,3.61022102169602332,-0.72400000000000253,0.14999999999999999,0.00000000000000000,-0.09000000000000000
6.14568681901038794,3.60023478854574996,-0.73300000000000254,0.14999999999999999,0.00000000000000000,-0.09000000000000000
6.15678906107585266,3.59014822806286205,-0.74200000000000255,0.14999999999999999,0.00000000000000000,-0.09000000000000000
6.16780007568471511,3.57996215725324429,-0.75100000000000255,0.14999999999999999,0.00000000000000000,-0.09000000000000000
6.17871897095081213,3.56967740118306276,-0.76000000000000256,0.14999999999999999,0.00000000000000000,-0.09000000000000000
6.18954486244959678,3.55929479291193607,-0.76900000000000257,0.14999999999999999,0.00000000000000000,-0.09000000000000000
6.20027687328977706,3.54881517342545738,-0.77800000000000258,0.14999999999999999,0.00000000000000000,-0.09000000000000000
6.21091413418434257,3.53823939156707556,-0.78700000000000259,0.14999999999999999,0.00000000000000000,-0.09000000000000000
6.22145578352097584,3.52756830396933863,-0.79600000000000259,0.14999999999999999,0.00000000000000000,-0.09000000000000000
6.23190096743184530,3.51680277498450744,-0.80500000000000260,0.14999999999999999,0.00000000000000000,-0.09000000000000000
6.24224883986276513,3.50594367661454420,-0.81400000000000261,0.14999999999999999,0.00000000000000000,-0.09000000000000000
6.25249856264172532,3.49499188844047959,-0.82300000000000262,0.14999999999999999,0.00000000000000000,-0.09000000000000000
6.26264930554678578,3.48394829755116753,-0.83200000000000263,0.14999999999999999,0.00000000000000000,-0.09000000000000000
6.27270024637332035,3.47281379847143246,-0.84100000000000263,0.14999999999999999,0.00000000000000000,-0.09000000000000000
6.28265057100061775,3.46158929308961172,-0.85000000000000264,0.14999999999999999,0.00000000000000000,-0.09000000000000000
6.29249947345782346,3.45027569058450423,-0.85900000000000265,0.14999999999999999,0.00000000000000000,-0.09000000000000000
6.30224615598922355,3.43887390735172715,-0.86800000000000266,0.14999999999999999,0.00000000000000000,-0.09000000000000000
6.31188982911886143,3.42738486692948863,-0.87700000000000267,0.14999999999999999,0.00000000000000000,-0.09000000000000000
6.32142971171448664,3.41580949992378136,-0.88600000000000267,0.14999999999999999,0.00000000000000000,-0.09000000000000000
6.33086503105082432,3.40414874393300382,-0.89500000000000268,0.14999999999999999,0.00000000000000000,-0.09000000000000000
6.34019502287216774,3.39240354347201567,-0.90400000000000269,0.14999999999999999,0.00000000000000000,-0.09000000000000000
6.34941893145427994,3.38057484989563273,-0.91300000000000270,0.14999999999999999,0.00000000000000000,-0.09000000000000000
6.35853600966560872,3.36866362132156727,-0.92200000000000271,0.14999999999999999,0.00000000000000000,-0.09000000000000000
6.36754551902780452,3.35667082255282123,-0.93100000000000271,0.14999999999999999,0.00000000000000000,-0.09000000000000000
6.37644672977553473,3.34459742499953805,-0.94000000000000272,0.14999999999999999,0.00000000000000000,-0.09000000000000000
6.38523892091559553,3.33244440660031849,-0.94900000000000273,0.14999999999999999,0.00000000000000000,-0.09000000000000000
6.39392138028531143,3.32021275174300801,-0.95800000000000274,0.14999999999999999,0.00000000000000000,-0.09000000000000000
6.40249340461022065,3.30790345118496276,-0.96700000000000275,0.14999999999999999,0.00000000000000000,-0.09000000000000000
6.41095429956103935,3.29551750197279736,-0.97600000000000275,0.14999999999999999,0.00000000000000000,-0.09000000000000000
6.41930337980990284,3.28305590736162634,-0.98500000000000276,0.14999999999999999,0.00000000000000000,-0.09000000000000000
6.42753996908587588,3.27051967673379984,-0.99400000000000277,0.14999999999999999,0.00000000000000000,-0.09000000000000000
6.43566340022973016,3.25790982551714459,-1.00300000000000278,0.14999999999999999,0.00000000000000000,-0.09000000000000000
6.44367301524798464,3.24522737510271453,-1.01200000000000268,0.14999999999999999,0.00000000000000000,-0.09000000000000000
6.45156816536620248,3.23247335276205927,-1.02100000000000257,0.14999999999999999,0.00000000000000000,-0.09000000000000000
6.45934821108154011,3.21964879156401507,-1.03000000000000247,0.14999999999999999,0.00000000000000000,-0.09000000000000000
6.46701252221454848,3.20675473029102687,-1.03900000000000237,0.14999999999999999,0.00000000000000000,-0.09000000000000000
6.47456047796021661,3.19379221335500851,-1.04800000000000226,0.14999999999999999,0.00000000000000000,-0.09000000000000000
