3.14159,0,0,0
3.1416,0.00199997,1e-05,0.002
3.14163,0.00399973,4e-05,0.004
3.14168,0.0059991,9e-05,0.006
3.14175,0.00799787,0.00016,0.008
3.14184,0.00999583,0.00025,0.01
3.14195,0.0119928,0.00036,0.012
3.14208,0.0139886,0.00049,0.014
3.14223,0.0159829,0.00064,0.016
3.1424,0.0179757,0.00081,0.018
3.14259,0.0199667,0.001,0.02
3.1428,0.0219557,0.00121,0.022
3.14303,0.0239424,0.00144,0.024
3.14328,0.0259268,0.00169,0.026
3.14355,0.0279086,0.00196,0.028
3.14384,0.0298876,0.00225,0.03
3.14415,0.0318636,0.00256,0.032
3.14448,0.0338364,0.00289,0.034
3.14482,0.0358059,0.00324,0.036
3.14519,0.0377717,0.00361,0.038
3.14558,0.0397338,0.004,0.04
3.14599,0.0416919,0.00441,0.042
3.14641,0.0436458,0.00484,0.044
3.14686,0.0455954,0.00529,0.046
3.14733,0.0475404,0.00576,0.048
3.14781,0.0494806,0.00625,0.05
3.14831,0.0514159,0.00676,0.052
3.14884,0.053346,0.00729,0.054
3.14938,0.0552708,0.00784,0.056
3.14994,0.05719,0.00841,0.058
3.15053,0.0591036,0.009,0.06
3.15113,0.0610112,0.00961,0.062
3.15175,0.0629127,0.01024,0.064
3.15238,0.0648078,0.01089,0.066
3.15304,0.0666965,0.01156,0.068
3.15372,0.0685785,0.01225,0.07
3.15441,0.0704537,0.01296,0.072
3.15513,0.0723217,0.01369,0.074
3.15586,0.0741826,0.01444,0.076
3.15661,0.0760359,0.01521,0.078
3.15738,0.0778817,0.016,0.08
3.15817,0.0797196,0.01681,0.082
3.15897,0.0815496,0.01764,0.084
3.1598,0.0833714,0.01849,0.086
3.16064,0.0851848,0.01936,0.088
3.1615,0.0869896,0.02025,0.09
3.16238,0.0887857,0.02116,0.092
3.16328,0.0905729,0.02209,0.094
3.16419,0.092351,0.02304,0.096
3.16513,0.0941199,0.02401,0.098
3.16608,0.0958793,0.025,0.1
3.16704,0.097629,0.02601,0.102
3.16803,0.0993689,0.02704,0.104
3.16903,0.101099,0.02809,0.106
3.17005,0.102819,0.02916,0.108
3.17109,0.104528,0.03025,0.11
3.17214,0.106227,0.03136,0.112
3.17321,0.107915,0.03249,0.114
3.1743,0.109593,0.03364,0.116
3.1754,0.111259,0.03481,0.118
3.17652,0.112914,0.036,0.12
3.17766,0.114558,0.03721,0.122
3.17882,0.11619,0.03844,0.124
3.17999,0.117811,0.03969,0.126
3.18117,0.11942,0.04096,0.128
3.18237,0.121017,0.04225,0.13
3.18359,0.122601,0.04356,0.132
3.18483,0.124173,0.04489,0.134
3.18608,0.125733,0.04624,0.136
3.18734,0.12728,0.04761,0.138
3.18862,0.128814,0.049,0.14
3.18992,0.130335,0.05041,0.142
3.19123,0.131843,0.05184,0.144
3.19255,0.133338,0.05329,0.146
3.19389,0.134819,0.05476,0.148
3.19525,0.136287,0.05625,0.15
3.19662,0.137741,0.05776,0.152
3.198,0.139181,0.05929,0.154
3.1994,0.140607,0.06084,0.156
3.20082,0.142018,0.06241,0.158
3.20224,0.143416,0.064,0.16
3.20368,0.144799,0.06561,0.162
3.20514,0.146167,0.06724,0.164
3.20661,0.147521,0.06889,0.166
3.20809,0.148859,0.07056,0.168
3.20959,0.150183,0.07225,0.17
3.21109,0.151491,0.07396,0.172
3.21261,0.152784,0.07569,0.174
3.21415,0.154062,0.07744,0.176
3.2157,0.155324,0.07921,0.178
3.21726,0.15657,0.081,0.18
3.21883,0.1578,0.08281,0.182
3.22041,0.159015,0.08464,0.184
3.22201,0.160213,0.08649,0.186
3.22362,0.161395,0.08836,0.188
3.22524,0.162561,0.09025,0.19
3.22687,0.16371,0.09216,0.192
3.22851,0.164843,0.09409,0.194
3.23016,0.165959,0.09604,0.196
3.23183,0.167058,0.09801,0.198
3.2335,0.16814,0.1,0.2
3.23519,0.169206,0.10201,0.202
3.23689,0.170254,0.10404,0.204
3.2386,0.171284,0.10609,0.206
3.24031,0.172298,0.10816,0.208
3.24204,0.173294,0.11025,0.21
3.24378,0.174272,0.11236,0.212
3.24553,0.175233,0.11449,0.214
3.24728,0.176175,0.11664,0.216
3.24905,0.1771,0.11881,0.218
3.25083,0.178007,0.121,0.22
3.25261,0.178896,0.12321,0.222
3.2544,0.179767,0.12544,0.224
3.25621,0.180619,0.12769,0.226
3.25802,0.181453,0.12996,0.228
3.25984,0.182269,0.13225,0.23
3.26166,0.183066,0.13456,0.232
3.2635,0.183844,0.13689,0.234
3.26534,0.184604,0.13924,0.236
3.26719,0.185345,0.14161,0.238
3.26905,0.186067,0.144,0.24
3.27091,0.186771,0.14641,0.242
3.27278,0.187455,0.14884,0.244
3.27466,0.18812,0.15129,0.246
3.27654,0.188766,0.15376,0.248
3.27843,0.189393,0.15625,0.25
3.28033,0.19,0.15876,0.252
3.28223,0.190588,0.16129,0.254
3.28414,0.191157,0.16384,0.256
3.28606,0.191706,0.16641,0.258
3.28798,0.192236,0.169,0.26
3.2899,0.192746,0.17161,0.262
3.29183,0.193237,0.17424,0.264
3.29377,0.193708,0.17689,0.266
3.29571,0.194159,0.17956,0.268
3.29765,0.19459,0.18225,0.27
3.2996,0.195002,0.18496,0.272
3.30155,0.195393,0.18769,0.274
3.30351,0.195765,0.19044,0.276
3.30547,0.196117,0.19321,0.278
3.30743,0.196449,0.196,0.28
3.30939,0.196761,0.19881,0.282
3.31136,0.197052,0.20164,0.284
3.31334,0.197324,0.20449,0.286
3.31531,0.197575,0.20736,0.288
3.31729,0.197807,0.21025,0.29
3.31927,0.198018,0.21316,0.292
3.32125,0.198209,0.21609,0.294
3.32323,0.19838,0.21904,0.296
3.32521,0.19853,0.22201,0.298
3.3272,0.198661,0.225,0.3
3.32919,0.198771,0.22801,0.302
3.33118,0.198861,0.23104,0.304
3.33316,0.19893,0.23409,0.306
3.33515,0.198979,0.23716,0.308
3.33714,0.199008,0.24025,0.31
3.33913,0.199017,0.24336,0.312
3.34112,0.199005,0.24649,0.314
3.34311,0.198973,0.24964,0.316
3.3451,0.198921,0.25281,0.318
3.34709,0.198849,0.256,0.32
3.34908,0.198756,0.25921,0.322
3.35107,0.198643,0.26244,0.324
3.35305,0.19851,0.26569,0.326
3.35504,0.198356,0.26896,0.328
3.35702,0.198182,0.27225,0.33
3.359,0.197988,0.27556,0.332
3.36098,0.197774,0.27889,0.334
3.36296,0.19754,0.28224,0.336
3.36493,0.197285,0.28561,0.338
3.3669,0.197011,0.289,0.34
3.36887,0.196716,0.29241,0.342
3.37084,0.196401,0.29584,0.344
3.3728,0.196067,0.29929,0.346
3.37476,0.195712,0.30276,0.348
3.37671,0.195337,0.30625,0.35
3.37866,0.194943,0.30976,0.352
3.38061,0.194528,0.31329,0.354
3.38256,0.194094,0.31684,0.356
3.38449,0.19364,0.32041,0.358
3.38643,0.193166,0.324,0.36
3.38836,0.192673,0.32761,0.362
3.39028,0.19216,0.33124,0.364
3.3922,0.191627,0.33489,0.366
3.39411,0.191075,0.33856,0.368
3.39602,0.190503,0.34225,0.37
3.39792,0.189912,0.34596,0.372
3.39982,0.189302,0.34969,0.374
3.40171,0.188672,0.35344,0.376
3.40359,0.188023,0.35721,0.378
3.40547,0.187356,0.361,0.38
3.40734,0.186669,0.36481,0.382
3.4092,0.185963,0.36864,0.384
3.41106,0.185238,0.37249,0.386
3.41291,0.184494,0.37636,0.388
3.41475,0.183731,0.38025,0.39
3.41658,0.18295,0.38416,0.392
3.41841,0.18215,0.38809,0.394
3.42023,0.181332,0.39204,0.396
3.42203,0.180495,0.39601,0.398
3.42384,0.17964,0.4,0.4
3.42563,0.178767,0.40401,0.402
3.42741,0.177875,0.40804,0.404
3.42918,0.176966,0.41209,0.406
3.43095,0.176038,0.41616,0.408
3.43271,0.175093,0.42025,0.41
3.43445,0.17413,0.42436,0.412
3.43619,0.173149,0.42849,0.414
3.43791,0.17215,0.43264,0.416
3.43963,0.171134,0.43681,0.418
3.44134,0.170101,0.441,0.42
3.44303,0.16905,0.44521,0.422
3.44472,0.167983,0.44944,0.424
3.44639,0.166898,0.45369,0.426
3.44806,0.165796,0.45796,0.428
3.44971,0.164678,0.46225,0.43
3.45135,0.163543,0.46656,0.432
3.45298,0.162391,0.47089,0.434
3.4546,0.161223,0.47524,0.436
3.4562,0.160038,0.47961,0.438
3.4578,0.158838,0.484,0.44
3.45938,0.157621,0.48841,0.442
3.46095,0.156388,0.49284,0.444
3.46251,0.155139,0.49729,0.446
3.46405,0.153875,0.50176,0.448
3.46559,0.152595,0.50625,0.45
3.46711,0.1513,0.51076,0.452
3.46861,0.149989,0.51529,0.454
3.4701,0.148664,0.51984,0.456
3.47158,0.147323,0.52441,0.458
3.47305,0.145967,0.529,0.46
3.4745,0.144597,0.53361,0.462
3.47594,0.143212,0.53824,0.464
3.47737,0.141812,0.54289,0.466
3.47878,0.140398,0.54756,0.468
3.48018,0.13897,0.55225,0.47
3.48156,0.137528,0.55696,0.472
3.48293,0.136072,0.56169,0.474
3.48428,0.134603,0.56644,0.476
3.48562,0.133119,0.57121,0.478
3.48694,0.131623,0.576,0.48
3.48825,0.130113,0.58081,0.482
3.48954,0.12859,0.58564,0.484
3.49082,0.127054,0.59049,0.486
3.49209,0.125505,0.59536,0.488
3.49333,0.123943,0.60025,0.49
3.49456,0.122369,0.60516,0.492
3.49578,0.120783,0.61009,0.494
3.49698,0.119184,0.61504,0.496
3.49816,0.117574,0.62001,0.498
3.49933,0.115952,0.625,0.5
3.50048,0.114318,0.63001,0.502
3.50162,0.112672,0.63504,0.504
3.50274,0.111015,0.64009,0.506
3.50384,0.109347,0.64516,0.508
3.50492,0.107668,0.65025,0.51
3.50599,0.105978,0.65536,0.512
3.50704,0.104278,0.66049,0.514
3.50808,0.102567,0.66564,0.516
3.50909,0.100846,0.67081,0.518
3.51009,0.0991142,0.676,0.52
3.51108,0.0973728,0.68121,0.522
3.51204,0.0956216,0.68644,0.524
3.51299,0.0938609,0.69169,0.526
3.51392,0.0920907,0.69696,0.528
3.51483,0.0903112,0.70225,0.53
3.51572,0.0885227,0.70756,0.532
3.5166,0.0867253,0.71289,0.534
3.51746,0.0849191,0.71824,0.536
3.5183,0.0831045,0.72361,0.538
3.51912,0.0812815,0.729,0.54
3.51992,0.0794504,0.73441,0.542
3.52071,0.0776113,0.73984,0.544
3.52148,0.0757644,0.74529,0.546
3.52223,0.0739099,0.75076,0.548
3.52296,0.072048,0.75625,0.55
3.52367,0.0701789,0.76176,0.552
3.52436,0.0683028,0.76729,0.554
3.52503,0.0664198,0.77284,0.556
3.52569,0.0645301,0.77841,0.558
3.52632,0.062634,0.784,0.56
3.52694,0.0607316,0.78961,0.562
3.52754,0.0588231,0.79524,0.564
3.52812,0.0569087,0.80089,0.566
3.52868,0.0549886,0.80656,0.568
3.52922,0.0530631,0.81225,0.57
3.52974,0.0511322,0.81796,0.572
3.53024,0.0491962,0.82369,0.574
3.53072,0.0472552,0.82944,0.576
3.53118,0.0453095,0.83521,0.578
3.53163,0.0433593,0.841,0.58
3.53205,0.0414048,0.84681,0.582
3.53246,0.0394461,0.85264,0.584
3.53284,0.0374834,0.85849,0.586
3.5332,0.0355171,0.86436,0.588
3.53355,0.0335471,0.87025,0.59
3.53388,0.0315738,0.87616,0.592
3.53418,0.0295974,0.88209,0.594
3.53447,0.0276179,0.88804,0.596
3.53473,0.0256357,0.89401,0.598
3.53498,0.023651,0.9,0.6
3.53521,0.0216639,0.90601,0.602
