3.14159265358979312,0.00000000000000000,0.00000000000000000,0.00000000000000000
3.14155199882485103,-0.00644827122846204,-0.00004200000000000,-0.00840000000000000
3.14138643460265499,-0.02756391186938092,-0.00016800000000000,-0.01680000000000000
3.14110273587170852,-0.02946237888507346,-0.00037800000000000,-0.02520000000000000
3.14073073369682909,-0.04352085944665160,-0.00067200000000000,-0.03360000000000000
3.14026185011371872,-0.05346667725054266,-0.00105000000000000,-0.04200000000000000
3.13972715045879092,-0.05115689605189069,-0.00151200000000000,-0.05039999999999999
3.13918921344250101,-0.05720490348207661,-0.00205800000000000,-0.05879999999999999
3.13854400635630704,-0.07138535246010307,-0.00268800000000000,-0.06720000000000000
3.13778146278766457,-0.08172154498601107,-0.00340200000000000,-0.07560000000000000
3.13689750699888670,-0.09543298451597591,-0.00420000000000000,-0.08400000000000001
3.13593843760576441,-0.09597337348160864,-0.00508182851418220,-0.09236570283643958
3.13491756883890460,-0.10824841874765988,-0.00604731405672879,-0.10073140567287915
3.13378233113260674,-0.11759486946782602,-0.00709645662763978,-0.10909710850931872
3.13256875204869090,-0.12656395728548214,-0.00822925622691517,-0.11746281134575830
3.13125780412150423,-0.13647020867853640,-0.00944571285455495,-0.12582851418219787
3.12983627085368443,-0.14488407864029229,-0.01074582651055912,-0.13419421701863743
3.12834479535239396,-0.15325398191093514,-0.01212959719492769,-0.14255991985507699
3.12676633884998623,-0.16011771319813495,-0.01359702490766066,-0.15092562269151655
3.12512745633892308,-0.16664464321086236,-0.01514810964875802,-0.15929132552795611
3.12337679546321390,-0.18473444464597796,-0.01678285141821978,-0.16765702836439567
3.12142278600490108,-0.20434016594315449,-0.01850116195698803,-0.17600507938925256
3.11931574793308464,-0.21516179620594589,-0.02030295300600483,-0.18435313041410945
3.11712823168753239,-0.22428698029885502,-0.02218822456527021,-0.19270118143896633
3.11484060675418384,-0.23526167462386949,-0.02415697663478416,-0.20104923246382322
3.11244109818010983,-0.24472770679260911,-0.02620920921454668,-0.20939728348868011
3.10995799905017556,-0.25173824936643968,-0.02834492230455776,-0.21774533451353700
3.10742211253241152,-0.25909598156132879,-0.03056411590481742,-0.22609338553839389
3.10480685189281846,-0.26618635793087392,-0.03286679001532564,-0.23444143656325078
3.10214709947071299,-0.26789075511691957,-0.03525294463608244,-0.24278948758810767
3.09940369199713039,-0.28122391074850589,-0.03772257976708780,-0.25113753861296456
3.09651325827498169,-0.29265664457605273,-0.04027545388949786,-0.25943728586904757
3.09354965614550359,-0.29905534172922621,-0.04291132548446875,-0.26773703312513059
3.09055465692838105,-0.29627627033269066,-0.04563019455200047,-0.27603678038121360
3.08757788979449810,-0.30097098844832576,-0.04843206109209303,-0.28433652763729661
3.08456210482286153,-0.30050676617833971,-0.05131692510474641,-0.29263627489337962
3.08152044297978822,-0.30738769498726698,-0.05428478658996062,-0.30093602214946263
3.07836266375684176,-0.32264897264288595,-0.05733564554773566,-0.30923576940554565
3.07511742204004612,-0.32493149132678784,-0.06046950197807154,-0.31753551666162866
3.07183226024216616,-0.33229936403538396,-0.06368635588096824,-0.32583526391771167
3.06847845928869489,-0.33919339504405976,-0.06698620725642578,-0.33413501117379468
3.06498875432768614,-0.35441118215844764,-0.07036936832424927,-0.34249720239090459
3.06139011514354920,-0.36532196529766708,-0.07383615130424387,-0.35085939360801449
3.05772716829963009,-0.36757974326314458,-0.07738655619640956,-0.35922158482512440
3.05400555319676048,-0.37540236006386452,-0.08102058300074635,-0.36758377604223430
3.05020772498351267,-0.38769867263585789,-0.08473823171725425,-0.37594596725934420
3.04630419100173278,-0.39249566468820890,-0.08853950234593325,-0.38430815847645411
3.04233491503677023,-0.40004915745821812,-0.09242439488678333,-0.39267034969356401
3.03832017876221006,-0.40317148346440446,-0.09639290933980452,-0.40103254091067392
3.03423951184631591,-0.41692286594510175,-0.10044504570499681,-0.40939473212778382
3.03004192833132890,-0.42194458062169121,-0.10458080398236019,-0.41775692334489373
3.02580471396457185,-0.42638247233328691,-0.10880006688884478,-0.42609565795202364
3.02149053487790376,-0.43473782079155127,-0.11310271714140066,-0.43443439255915356
3.01710358398321432,-0.44092848693954784,-0.11748875474002785,-0.44277312716628348
3.01271427745739118,-0.44357258336847227,-0.12195817968472633,-0.45111186177341339
3.00821820933421069,-0.45495397945664889,-0.12651099197549612,-0.45945059638054331
3.00363195483802770,-0.46308083414566792,-0.13114719161233721,-0.46778933098767322
2.99893970993487535,-0.47172601311118434,-0.13586677859524959,-0.47612806559480314
2.99418923719676400,-0.47868496881851175,-0.14066975292423328,-0.48446680020193306
2.98935888013537987,-0.48687397239650082,-0.14555611459928827,-0.49280553480906297
2.98442892697971107,-0.50022893214848885,-0.15052586362041456,-0.50114426941619283
2.97944362864092849,-0.50053186985441778,-0.15557889690528412,-0.50946238755771744
2.97444166874286697,-0.50221540695116940,-0.16071511137156891,-0.51778050569924206
2.96944881020757023,-0.50161553511996226,-0.16593450701926896,-0.52609862384076667
2.96441447439482353,-0.50393748645067260,-0.17123708384838424,-0.53441674198229128
2.95932856834464886,-0.51357664581839468,-0.17662284185891478,-0.54273486012381589
2.95417548730984514,-0.51771934615104653,-0.18209178105086055,-0.55105297826534050
2.94901353524162868,-0.51549515208491381,-0.18764390142422158,-0.55937109640686511
2.94381049060321853,-0.52589859596355992,-0.19327920297899784,-0.56768921454838972
2.93855018983661598,-0.52450492896873535,-0.19899768571518936,-0.57600733268991433
2.93322564514018325,-0.54109091959451150,-0.20479934963279611,-0.58432545083143894
2.92778097905315526,-0.55089225721522150,-0.21068459218628902,-0.59272305986714269
2.92220292263325643,-0.56386426899118725,-0.21665381083013896,-0.60112066890284643
2.91656356242029169,-0.56899309715984925,-0.22270700556434594,-0.60951827793855018
2.91084290527219736,-0.56995257202183924,-0.22884417638890997,-0.61791588697425393
2.90511939831322419,-0.57437927320085058,-0.23506532330383104,-0.62631349600995767
2.89936157627545832,-0.57664404250732282,-0.24137044630910914,-0.63471110504566142
2.89355841319387963,-0.58681386829613658,-0.24775954540474426,-0.64310871408136516
2.88766621793917633,-0.58662443736616809,-0.25423262059073642,-0.65150632311706891
2.88171525571015152,-0.60260923103637998,-0.26078967186708563,-0.65990393215277265
2.87568331739829475,-0.60669783733679628,-0.26743069923379187,-0.66830154118847640
2.86955163798111723,-0.61916897436836837,-0.27415561054830800,-0.67668072171475591
2.86332143209521206,-0.62909741388862217,-0.28096431366808694,-0.68505990224103541
2.85700055157368737,-0.64006027677490651,-0.28785680859312868,-0.69343908276731492
2.85054594988663901,-0.65087533888083204,-0.29483309532343321,-0.70181826329359442
2.84401825424510513,-0.65712017075495610,-0.30189317385900055,-0.71019744381987393
2.83741124445220017,-0.66714476704270265,-0.30903704419983069,-0.71857662434615344
2.83068727965091682,-0.67689560816844074,-0.31626470634592363,-0.72695580487243294
2.82388332729722613,-0.68246650697047073,-0.32357616029727937,-0.73533498539871245
2.81703708252618501,-0.68681226065785461,-0.33097140605389791,-0.74371416592499195
2.81013911463674937,-0.69314733056862765,-0.33845044361577925,-0.75209334645127146
2.80323703522128120,-0.68707447998065374,-0.34601273706714319,-0.76036534382151943
2.79634659988091361,-0.69384861911039453,-0.35365775049220965,-0.76863734119176741
2.78936554475770038,-0.70241936255860082,-0.36138548389097858,-0.77690933856201538
2.78234321681928698,-0.70378630988030755,-0.36919593726344996,-0.78518133593226336
2.77527269382449582,-0.70685983248643580,-0.37708911060962386,-0.79345333330251133
2.76817463378053041,-0.71383372355250896,-0.38506500392950022,-0.80172533067275931
2.76100839665073394,-0.71910890193400545,-0.39312361722307904,-0.80999732804300728
2.75377071842782861,-0.72854271771149104,-0.40126495049036037,-0.81826932541325526
2.74648927738945581,-0.73110530426341513,-0.40948900373134417,-0.82654132278350323
2.73916816771828131,-0.73690059220315540,-0.41779577694603043,-0.83481332015375120
2.73175186311873297,-0.74516678388735724,-0.42618529279428785,-0.84308984949772914
2.72424752246767454,-0.75338974995549746,-0.43465757393598503,-0.85136637884170707
2.71667786239429176,-0.75926756487420988,-0.44321262037112197,-0.85964290818568501
2.70904347860173278,-0.76383736446021300,-0.45185043209969872,-0.86791943752966294
2.70134842841729750,-0.77149998555382138,-0.46057100912171522,-0.87619596687364087
2.69368447191487270,-0.76179010743871667,-0.46937435143717154,-0.88447249621761881
2.68607857630807434,-0.76342157537217248,-0.47826045904606762,-0.89274902556159674
2.67842026806407585,-0.76992677858427205,-0.48722933194840345,-0.90102555490557468
2.67069054999105404,-0.77527249573736035,-0.49628097014417910,-0.90930208424955261
2.66295905632124885,-0.77232341907098034,-0.50541537363339450,-0.91757861359353055
2.65522656386561984,-0.77431585961223226,-0.51463254333702457,-0.92585532713247898
2.64743558815665114,-0.78133271295644469,-0.52393248017604410,-0.93413204067142741
2.63962372304755810,-0.78115247361166329,-0.53331518415045309,-0.94240875421037584
2.63179689645220982,-0.78509876355337160,-0.54278065526025154,-0.95068546774932428
2.62391677662664335,-0.78669378412894830,-0.55232889350543957,-0.95896218128827271
2.61605590685173706,-0.78933020530497655,-0.56195989888601705,-0.96723889482722114
2.60813010302021908,-0.79626849574514458,-0.57167367140198400,-0.97551560836616957
2.60019295697983210,-0.79359047665429217,-0.58147021105334040,-0.98379232190511801
2.59225165425655302,-0.79141363650712460,-0.59134951784008627,-0.99206903544406644
2.58435696934861348,-0.78904918084869424,-0.60131159176222171,-1.00034574898301498
2.57648798623812425,-0.78334765699099906,-0.61135658987351105,-1.00865387327484868
2.56862557080313181,-0.78855085276724468,-0.62148466922771872,-1.01696199756668237
2.56075216575031384,-0.78490806240089694,-0.63169582982484473,-1.02527012185851607
2.55293424140131187,-0.77847570906401364,-0.64199007166488908,-1.03357824615034977
2.54513634599531180,-0.77945205255886574,-0.65236739474785177,-1.04188637044218346
2.53732939886563535,-0.78422639500203017,-0.66282779907373279,-1.05019449473401716
2.52944513751033817,-0.79407803612753303,-0.67337128464253215,-1.05850261902585085
2.52152046479835867,-0.79107578055624916,-0.68399785145424985,-1.06681074331768455
2.51363309939878299,-0.78306318293208621,-0.69470749950888588,-1.07511886760951825
2.50578006899666583,-0.78694861403402117,-0.70550022880644025,-1.08342699190135194
2.49790788014215437,-0.78662186025232128,-0.71630241877201262,-1.07701100121311732
2.49015013741911240,-0.76572667074480449,-0.72704044883070262,-1.07059501052488271
2.48251185420014941,-0.76227022158508895,-0.73771431898251028,-1.06417901983664809
2.47496306033157509,-0.74447900933326328,-0.74832402922743557,-1.05776302914841347
2.46759610323111911,-0.72662606469366586,-0.75886957956547851,-1.05134703846017885
2.46036784093646066,-0.71814774994896402,-0.76935096999663910,-1.04493104777194423
2.45317846887558044,-0.71623734808186745,-0.77976820052091733,-1.03851505708370961
2.44601025514571901,-0.71444720156103247,-0.79012127113831321,-1.03209906639547500
2.43891212459124329,-0.70374508985260353,-0.80041018184882684,-1.02568307570724038
2.43193676621926436,-0.69408678739389618,-0.81063493265245812,-1.01926708501900576
2.42503921109825171,-0.68467847803078530,-0.82079544574980867,-1.01283553445110908
2.41829593679126642,-0.66238959650934115,-0.83089164334148025,-1.00640398388321239
2.41172689089051318,-0.65538288413165646,-0.84092352542747284,-0.99997243331531560
2.40519461985071281,-0.65280539581407748,-0.85089109200778656,-0.99354088274741881
2.39869074623768430,-0.64750347643933970,-0.86079434308242131,-0.98710933217952201
2.39228789406360587,-0.63186596759777192,-0.87063327865137707,-0.98067778161162522
2.38601169550966752,-0.62157616320261944,-0.88040789871465386,-0.97424623104372843
2.37983313340667202,-0.61091929263396305,-0.89011820327225166,-0.96781468047583163
2.37373216839757362,-0.60383853181225888,-0.89976419232417049,-0.96138312990793484
2.36774039953047044,-0.59343891771830615,-0.90934586587041033,-0.95495157934003805
2.36185260706584721,-0.58300874293016181,-0.91886326582220446,-0.94852841101878327
2.35599586052625654,-0.58567962431463894,-0.92831643409078601,-0.94210524269752849
2.35013460632199589,-0.58512634520096873,-0.93770537067615500,-0.93568207437627371
2.34437196907005330,-0.56667206066449616,-0.94703007557831143,-0.92925890605501893
2.33869482311405008,-0.57226312164994453,-0.95629054879725539,-0.92283573773376415
2.33303698884171418,-0.56076437449900052,-0.96548679033298679,-0.91641256941250937
2.32745749579986949,-0.55375697209902874,-0.97461880018550562,-0.90998940109125459
2.32194744354838001,-0.54911607122552208,-0.98368657835481188,-0.90356623276999981
2.31647570626792110,-0.54349301749404844,-0.99269012484090557,-0.89714306444874503
2.31105870096237798,-0.54029961656068504,-1.00162943964378681,-0.89071989612749025
2.30572701711748174,-0.52679813047744029,-1.01050464302418641,-0.88432077995243275
2.30057024830199097,-0.50338319241563068,-1.01931585524283541,-0.87792166377737524
2.29560778535296706,-0.49002466732872879,-1.02806307629973381,-0.87152254760231773
2.29076499894546970,-0.47707335813338136,-1.03674630619488162,-0.86512343142726023
2.28607183355342247,-0.46700119312202298,-1.04536554492827882,-0.85872431525220272
2.28137941364290420,-0.46806171764670113,-1.05392079249992565,-0.85232519907714521
2.27677017925582881,-0.45214576701539677,-1.06241204890982188,-0.84592608290208771
2.27235051579735270,-0.43215890518352268,-1.07083931415796751,-0.83952696672703020
2.26803250525933642,-0.43183793780060725,-1.07920258824436255,-0.83312785055197269
2.26373848716300685,-0.42772469286593484,-1.08750187116900698,-0.82672873437691519
2.25951786855582526,-0.41795424813302645,-1.09573746123494642,-0.82038927881099299
2.25542317714060836,-0.40413920091983391,-1.10390965674522668,-0.81404982324507080
2.25141195796048166,-0.40146656962581961,-1.11201845769984775,-0.80771036767914861
2.24742441689274219,-0.39157542186304251,-1.12006386409880965,-0.80137091211322642
2.24352391993810141,-0.38869049908025710,-1.12804587594211236,-0.79503145654730423
2.23972160041053669,-0.37106638183223190,-1.13596449322975590,-0.78869200098138204
2.23608000078078373,-0.36261923577386868,-1.14381971596174004,-0.78235254541545984
2.23246876229879820,-0.36059884423340899,-1.15161154413806499,-0.77601308984953765
2.22891436407293320,-0.34753446337346650,-1.15933997775873077,-0.76967363428361546
2.22548766486429805,-0.33914370183480635,-1.16700501682373736,-0.76333417871769327
2.22217118987398088,-0.32528037896541312,-1.17460707286898458,-0.75707703033174156
2.21893589018756288,-0.32249459178985829,-1.18214655743037222,-0.75081988194578986
2.21580578552281171,-0.30716512471399049,-1.18962347050790029,-0.74456273355983815
2.21279903057753558,-0.29050601794077818,-1.19703781210156901,-0.73830558517388645
2.20995226993513327,-0.28012466919748896,-1.20438958221137815,-0.73204843678793474
2.20723596393952537,-0.26687534419450476,-1.21167878083732772,-0.72579128840198304
2.20455622166879550,-0.27002187584785653,-1.21890540797941771,-0.71953414001603133
2.20190645493632431,-0.25751763282125278,-1.22606946363764835,-0.71327699163007963
2.19939178117734979,-0.24585932273203356,-1.23317094781201941,-0.70701984324412792
2.19702448534362915,-0.23109270945168978,-1.24020986050253090,-0.70076269485817622
2.19480790640968948,-0.21427700914833503,-1.24718634052827149,-0.69453331028993248
2.19270876220809896,-0.20481240370753859,-1.25410052670832961,-0.68830392572168875
2.19067733649688545,-0.19777344955456877,-1.26095241904270527,-0.68207454115344501
2.18877877061486714,-0.17979971420753527,-1.26774201753139848,-0.67584515658520128
2.18704135347853423,-0.16426949473440636,-1.27446932217440922,-0.66961577201695754
2.18547699016082930,-0.14880423655474670,-1.28113433297173751,-0.66338638744871381
2.18403243395621605,-0.13961251360073890,-1.28773704992338334,-0.65715700288047008
2.18269308790079819,-0.12543022909159945,-1.29427747302934693,-0.65092761831222634
2.18153054080254183,-0.10403315915201002,-1.30075560228962805,-0.64469823374398261
2.18052764262141707,-0.09776768093474182,-1.30717143770422672,-0.63846884917573887
2.17963287378706827,-0.08186539772679284,-1.31352457203961093,-0.63215801790109916
2.17889505665878147,-0.06802524417324533,-1.31981459806224866,-0.62584718662645944
2.17823522981638629,-0.06247072008927246,-1.32604151577214013,-0.61953635535181972
2.17771123803285427,-0.04290522614006858,-1.33220532516928514,-0.61322552407718001
2.17735234359053020,-0.02845237766203449,-1.33830602625368367,-0.60691469280254029
2.17711483381903292,-0.01671463414160472,-1.34434361902533595,-0.60060386152790057
2.17696829069823039,-0.01302001041374560,-1.35031810348424175,-0.59429303025326086
2.17688983308749151,-0.00233044256192352,-1.35622947963040108,-0.58798219897862114
2.17697255875273221,0.01652672455959487,-1.36207774746381416,-0.58167136770398142
2.17716702937767970,0.02484593058563179,-1.36786290698448076,-0.57536053642934171
2.17747050239615714,0.03321817643786412,-1.37358444072032326,-0.56894621073914919
2.17786308547083785,0.04775500289707969,-1.37924183119926380,-0.56253188504895668
2.17843068235361415,0.06391898255601054,-1.38483507842130238,-0.55611755935876417
2.17906253122233284,0.06724595591886204,-1.39036418238643900,-0.54970323366857166
2.17974995871245625,0.07025366203605392,-1.39582914309467365,-0.54328890797837914
2.18049045431230759,0.07880666561119409,-1.40122996054600657,-0.53687458228818663
2.18134997064098002,0.09303094120589050,-1.40656663474043753,-0.53046025659799412
2.18232548813944760,0.10240757423028268,-1.41183916567796652,-0.52404593090780160
2.18335516861619183,0.10115823152328715,-1.41704755335859356,-0.51763160521760909
2.18443538454235497,0.11416236889641443,-1.42219179778231863,-0.51121727952741658
2.18565629260028338,0.12788187750854199,-1.42727142921872363,-0.50470900775360095
2.18700015346916832,0.13762308886903363,-1.43228597793739065,-0.49820073597978537
2.18844648180180634,0.14956315089830136,-1.43723544393831948,-0.49169246420596979
2.19001982671588280,0.16478595966874959,-1.44211982722151011,-0.48518419243215422
2.19170392993329255,0.17341170433054198,-1.44693912778696254,-0.47867592065833864
2.19347508572298544,0.17886295975250027,-1.45169334563467678,-0.47216764888452306
2.19531314292146895,0.18873386493694616,-1.45638248076465304,-0.46565937711070748
2.19723346021118715,0.19461651113666448,-1.46100653317689111,-0.45915110533689191
2.19926977790922251,0.21212124156354292,-1.46556550287139098,-0.45264283356307633
2.20145422580561601,0.22740476394923373,-1.47005938984815265,-0.44613456178926075
2.20377237624354194,0.23341328108618664,-1.47448738569820370,-0.43946460822095190
2.20619943728097656,0.25223843511368543,-1.47884868201257169,-0.43279465465264305
2.20876368967183812,0.26295381358677300,-1.48314327879125663,-0.42612470108433420
2.21141004425749976,0.26824706011154448,-1.48737117603425850,-0.41945474751602535
2.21417257104922705,0.28676436993740029,-1.49153237374157710,-0.41278479394771650
2.21713915326425859,0.30709080648478948,-1.49562687191321264,-0.40611484037940765
2.22028255650302864,0.32251269870392102,-1.49965467054916513,-0.39944488681109880
2.22360814203843038,0.34190375965660014,-1.50361576964943455,-0.39277493324278995
2.22706022441806173,0.34814784684971739,-1.50751016921402092,-0.38610497967448110
2.23061465806489068,0.36565182374740307,-1.51133786924292424,-0.37943502610617225
2.23434538756964418,0.38020964329630719,-1.51509817171379058,-0.37262546806711300
2.23822119105724937,0.39302188651927428,-1.51879037860426647,-0.36581591002805375
2.24219459558371881,0.40192145028339771,-1.52241448991435169,-0.35900635198899450
2.24625922129762579,0.40979408460586769,-1.52597050564404624,-0.35219679394993525
2.25040587757915134,0.42052265575210535,-1.52945842579335034,-0.34538723591087600
2.25466700272560683,0.43192079860256177,-1.53287825036226377,-0.33857767787181675
2.25901263381660211,0.43532797881277174,-1.53622997935078653,-0.33176811983275750
2.26347818315480254,0.45511625137056794,-1.53951361275891885,-0.32495856179369825
2.26812630245799873,0.47117668649343608,-1.54272915058666049,-0.31814900375463900
2.27293223415114465,0.48729782837247515,-1.54587659283401169,-0.31133944571557975
2.27784149098721311,0.49567567272166591,-1.54895549547919509,-0.30444108332112030
2.28286068217009142,0.50825859829069364,-1.55196541450043402,-0.29754272092666084
2.28799649645300196,0.51937543763160943,-1.55490634989772825,-0.29064435853220139
2.29325603949012891,0.53558649160169791,-1.55777830167107800,-0.28374599613774193
2.29861898952236121,0.54195894124106936,-1.56058126982048306,-0.27684763374328247
2.30414145756172850,0.56028953581763474,-1.56331525434594365,-0.26994927134882302
2.30981320227217424,0.57278737377386302,-1.56598025524745954,-0.26305090895436356
2.31557479746854789,0.57708094281968025,-1.56857627252503096,-0.25615254655990410
2.32145938626677406,0.59896389536025918,-1.57110330617865768,-0.24925418416544465
2.32752249026890468,0.61431068363153651,-1.57356135620833992,-0.24235582177098519
2.33371251778691580,0.62830382078298797,-1.57595023079907026,-0.23541909637507799
2.34003206425764176,0.63588944249804602,-1.57826973813584148,-0.22848237097917079
2.34642021627224828,0.64137911675093096,-1.58051987821865358,-0.22154564558326359
2.35289322572620119,0.65278382612584496,-1.58270065104750679,-0.21460892018735639
2.35947911734765547,0.66400172822947590,-1.58481205662240088,-0.20767219479144919
2.36615130469780599,0.67356676656711101,-1.58685409494333585,-0.20073546939554199
2.37294517386890291,0.68989690914065227,-1.58882676601031170,-0.19379874399963479
2.37989380918436755,0.70036023247732992,-1.59073006982332843,-0.18686201860372759
2.38689403877587303,0.70310418298022714,-1.59256400638238627,-0.17992529320782039
2.39399191786811461,0.71965445403871597,-1.59432857568748498,-0.17298856781191319
2.40123147986756713,0.72744778557475431,-1.59602360389059883,-0.16601707281083847
2.40855743725053273,0.74438171453436019,-1.59764891714370183,-0.15904557780976375
2.41608916881114233,0.76153454193842274,-1.59920451544679398,-0.15207408280868903
2.42377934595927869,0.77977528949430874,-1.60069039879987551,-0.14510258780761431
2.43162113919180634,0.78830021140172679,-1.60210656720294620,-0.13813109280653960
2.43960968561779890,0.80946389413312203,-1.60345302065600626,-0.13115959780546488
2.44774772080620284,0.82006060472264874,-1.60472975915905547,-0.12418810280439016
2.45601316755088295,0.83218857829905546,-1.60593678271209406,-0.11721660780331544
2.46443279019265216,0.84759413684554041,-1.60707409131512180,-0.11024511280224072
2.47296659505540539,0.85723738083106316,-1.60814168496813892,-0.10327361780116601
2.48165370999549939,0.87499445136451437,-1.60913990462577283,-0.09637031372561429
2.49051061448296807,0.89482018239328476,-1.61006909124265118,-0.08946700965006257
2.49948724518028964,0.89603297288386652,-1.61092924481877398,-0.08256370557451086
2.50850379363120801,0.91153777672027658,-1.61172036535414143,-0.07566040149895914
2.51763527070959281,0.91532085347816772,-1.61244245284875332,-0.06875709742340742
2.52679434384856361,0.92170950476806668,-1.61309550730260964,-0.06185379334785571
2.53603067679453797,0.92507256479487843,-1.61367952871571041,-0.05495048927230399
2.54533982919044988,0.93644390909425779,-1.61419451708805561,-0.04804718519675227
2.55474931936160665,0.94777831709816385,-1.61464047241964548,-0.04114388112120056
2.56431876175999562,0.96333591677131392,-1.61501739471047978,-0.03424057704564884
2.57395884052469981,0.97053750305305675,-1.61532545930867188,-0.02737234259276432
2.58374791142508364,0.98508024241685821,-1.61556484156233515,-0.02050410813987980
2.59369641558327402,0.99948023437367728,-1.61573554147146958,-0.01363587368699527
2.60373080317590144,1.00804988028292697,-1.61583755903607518,-0.00676763923411075
2.61387065315141243,1.01765831942263851,-1.61587089425615194,0.00010059521877377
2.62407721376139769,1.02495383444978128,-1.61583554713169986,0.00696882967165829
2.63440711127471161,1.03882751337497470,-1.61573151766271894,0.01383706412454281
2.64484437548781770,1.04717836603959324,-1.61555880584920919,0.02070529857742734
2.65533218492846856,1.05182815256421547,-1.61531741169117060,0.02757353303031186
2.66590553949982478,1.06435542176145836,-1.61500733518860295,0.03444176748319638
2.67659315515367791,1.07130088595682671,-1.61462882778355588,0.04125971352622160
2.68735504496157684,1.08097239998346173,-1.61418214091807855,0.04807765956924683
2.69821278145369803,1.09154065115261711,-1.61366727459217096,0.05489560561227205
2.70919542821326242,1.10798304743664322,-1.61308422880583313,0.06171355165529728
2.72032259422056732,1.11798527901286904,-1.61243300355906505,0.06853149769832251
2.73150836339761582,1.11741287020098068,-1.61171359885186671,0.07534944374134774
2.74268641419753223,1.12090015758752259,-1.61092601468423813,0.08216738978437296
2.75395571740759593,1.12857670551768674,-1.61007025105617929,0.08898533582739819
2.76524384121278999,1.12796674866658386,-1.60914630796769020,0.09580328187042342
2.77657351046735190,1.13608302220364732,-1.60815418541877087,0.10262122791344865
2.78796613582411190,1.14158826662641033,-1.60709388037898404,0.10943978004392386
2.79940582298588048,1.14741117684874872,-1.60596538981789250,0.11625833217439908
2.81095257284069611,1.16195597210085877,-1.60476871373549623,0.12307688430487430
2.82264673170408464,1.17714690276149536,-1.60350385213179503,0.12989543643534951
2.83448998254647844,1.18951193424737545,-1.60217080500678910,0.13671398856582473
2.84647006780224210,1.20414261460118177,-1.60076957236047845,0.14353254069629995
2.85856799963099562,1.21289807996709120,-1.59930015419286309,0.15035109282677517
2.87075510020283708,1.22223233511141971,-1.59776255050394300,0.15716964495725039
2.88301632207940361,1.22671343733259186,-1.59615676129371820,0.16398819708772561
2.89528100612017525,1.22656747339899286,-1.59448278656218867,0.17080674921820083
2.90762346919271852,1.24336976638551322,-1.59274105249483067,0.17754006425340754
2.92010307068676322,1.25304791883741218,-1.59093198527712065,0.18427337928861426
2.93266268422387277,1.25554017934653261,-1.58905558490905841,0.19100669432382097
2.94523435800895683,1.26183102124333280,-1.58711185139064415,0.19774000935902769
2.95788978767643052,1.26753919944564042,-1.58510078472187788,0.20447332439423441
2.97063630455075156,1.28447541947145005,-1.58302238490275959,0.21120663942944112
2.98354568403714460,1.29647132195817960,-1.58087665193328908,0.21793995446464784
2.99653102150694917,1.30086103062746816,-1.57866358581346655,0.22467326949985456
3.00959580424047424,1.30897228291905532,-1.57638318654329201,0.23140658453506127
3.02266917930989276,1.30981859962865532,-1.57403545412276547,0.23813989957026799
3.03580241310042709,1.31766393570466689,-1.57162090843526014,0.24476923793081615
3.04903168703551053,1.32887736658296540,-1.56914006936414929,0.25139857629136431
3.06231994493960435,1.32677754727838648,-1.56659293690943291,0.25802791465191249
3.07564400216122102,1.34060864955284353,-1.56397951107111099,0.26465725301246068
3.08909984654536895,1.34456745270279465,-1.56129979184918355,0.27128659137300887
3.10256631017169848,1.34608355388329182,-1.55855377924365079,0.27791592973355705
3.11603849285775159,1.34724201683054678,-1.55574147325451251,0.28454526809410524
3.12951645754880303,1.35446926130775314,-1.55286287388176869,0.29117460645465343
-3.14007775715128545,1.36238872162425184,-1.54991798112541934,0.29780394481520162
-3.12646105480456882,1.35995053805700317,-1.54690679498546468,0.30443328317574980
-3.11280525343830350,1.37421844505552504,-1.54382954530233829,0.31101665344954604
-3.09905236355541946,1.37334746800712204,-1.54068646191647396,0.31760002372334228
-3.08530705663615024,1.37781042909859663,-1.53747754482787147,0.32418339399713852
-3.07152265228918209,1.37945597128892805,-1.53420279403653104,0.33076676427093477
-3.05770725060378767,1.38108590303574674,-1.53086220954245267,0.33735013454473101
-3.04388388815204625,1.38327732295869565,-1.52745579134563636,0.34393350481852725
-3.03003207194479751,1.38870173116642803,-1.52398353944608211,0.35051687509232349
-3.01607401292248145,1.40088167487233073,-1.52044545384378993,0.35710024536611973
-3.00201510762843871,1.40953222346992013,-1.51684153453875981,0.36368361563991597
-2.98787898602787205,1.41881523963325940,-1.51317178153099174,0.37026698591371221
-2.97365987861100178,1.42558193623080709,-1.50943677133758936,0.37673505276677360
-2.95935444557405081,1.43689189142009788,-1.50563708047565625,0.38320311961983500
-2.94496944853113352,1.43957399117015772,-1.50177270894519266,0.38967118647289639
-2.93053018766354478,1.44797695247258917,-1.49784365674619835,0.39613925332595779
-2.91603994436712677,1.45063681091405883,-1.49384992387867355,0.40260732017901918
-2.90148091722857249,1.45956190474932757,-1.48979151034261803,0.40907538703208057
-2.88687864231607172,1.46341714422067026,-1.48566841613803202,0.41554345388514197
-2.87223525570864968,1.46308764214872489,-1.48148064126491530,0.42201152073820336
-2.85754727025839594,1.47569346254091505,-1.47722818572326786,0.42847958759126475
-2.84280077282292165,1.47756585906778470,-1.47291104951308993,0.43494765444432615
-2.82798302682482650,1.48378111455168860,-1.46853006108124085,0.44125003192548617
-2.81312933708401891,1.48409300966071167,-1.46408604887458016,0.44755240940664620
-2.79827976421496105,1.48446406557800481,-1.45957901289310787,0.45385478688780623
-2.78342720809814104,1.48803059555009742,-1.45500895313682399,0.46015716436896625
-2.76853570800371962,1.48944782124466579,-1.45037586960572851,0.46645954185012628
-2.75364708221431798,1.49078239620129227,-1.44567976229982142,0.47276191933128631
-2.73869047315881042,1.50244793082425665,-1.44092063121910274,0.47906429681244633
-2.72362462820420870,1.50714254304355966,-1.43609847636357246,0.48536667429360636
-2.70857840881461431,1.50353340297917826,-1.43121329773323058,0.49166905177476639
-2.69356687194286559,1.50201109915863240,-1.42626509532807710,0.49797142925592641
-2.67855795399291230,1.50259570015492150,-1.42125440579878592,0.50416647660231417
-2.66353228447285595,1.49794753090055699,-1.41618176579603094,0.51036152394870193
-2.64853118075215788,1.49944134228403780,-1.41104717531981194,0.51655657129508969
-2.63356797928425346,1.49462524768525773,-1.40585063437012914,0.52275161864147746
-2.61870791878458409,1.47513567054395511,-1.40059214294698253,0.52894666598786522
-2.60397692047691498,1.47305364076617629,-1.39527170105037190,0.53514171333425298
-2.58922578168328510,1.47621602042911126,-1.38988930868029748,0.54133676068064074
-2.57450807228033751,1.47114421682175345,-1.38444496583675902,0.54753180802702850
-2.55983344956913506,1.46928472673503285,-1.37893867251975677,0.55372685537341626
-2.54522565711345328,1.45511296141429591,-1.37337042872929072,0.55992190271980402
-2.53070009611066826,1.45040820296166739,-1.36773989380682193,0.56618508177396631
-2.51613143763028013,1.46251138668054037,-1.36204672709381147,0.57244826082812861
-2.50149057009371800,1.47032230023024635,-1.35629092859025935,0.57871143988229090
-2.48677822115959080,1.47045160827615273,-1.35047249829616556,0.58497461893645319
-2.47199539979439953,1.48401738409981765,-1.34459143621153032,0.59123779799061549
-2.45715257977963031,1.48255929788691176,-1.33864774233635342,0.59750097704477778
-2.44235603945718927,1.47825444954412788,-1.33264141667063485,0.60376415609894007
-2.42755250691589586,1.48114575098351198,-1.32657245921437461,0.61002733515310237
-2.41275733047307739,1.47894616392124512,-1.32044086996757271,0.61629051420726466
-2.39801230793827314,1.47015404368687852,-1.31424664893022936,0.62255369326142695
-2.38336193785784367,1.46185812679995975,-1.30799065547344773,0.62864499809489194
-2.36880573187068100,1.44993456063744275,-1.30167374896833143,0.63473630292835692
-2.35434297161599337,1.44305364684413728,-1.29529592941488048,0.64082760776182190
-2.33990584457078077,1.44255450711178357,-1.28885719681309485,0.64691891259528689
-2.32551180869592056,1.43846111722524750,-1.28235755116297456,0.65301021742875187
-2.31114994144789732,1.43745813268490474,-1.27579699246451961,0.65910152226221685
-2.29682549497520716,1.42888992236993517,-1.26917552071773021,0.66519282709568184
-2.28257032036915142,1.42058330598577132,-1.26249313592260615,0.67128413192914682
-2.26834033816508862,1.42122402106877033,-1.25574983807914742,0.67737543676261180
-2.25411902475788928,1.41995365084317648,-1.24894562718735402,0.68346674159607679
-2.23993891814740476,1.41970959955873344,-1.24208053049928369,0.68955259601797381
-2.22581778913998063,1.40702317671595933,-1.23515457526699457,0.69563845043987083
-2.21174919699245942,1.40534824123735502,-1.22816776149048645,0.70172430486176784
-2.19769031977427920,1.40328042142699072,-1.22112008916975934,0.70781015928366486
-2.18371070824822278,1.39594733472263166,-1.21401155830481322,0.71389601370556188
-2.16981250867858089,1.38829315698981581,-1.20684216889564810,0.71998186812745890
-2.15593515399868929,1.38898479712736833,-1.19961192094226399,0.72606772254935592
-2.14211571568470482,1.37953576909415854,-1.19232081444466087,0.73215357697125294
-2.12835357984686580,1.37249696220787132,-1.18496884940283875,0.73823943139314996
-2.11473159514311515,1.35226368512289374,-1.17755602581679786,0.74432528581504698
-2.10124446089282868,1.34613651144288271,-1.17008230879208841,0.75041811912683121
-2.08779638593443373,1.34207317730171405,-1.16254766343426108,0.75651095243861544
-2.07439472991626062,1.34048649425620670,-1.15495208974331609,0.76260378575039967
-2.06102173977233916,1.33894553338049516,-1.14729558771925322,0.76869661906218389
-2.04770515436643841,1.32707897841799416,-1.13957815736207246,0.77478945237396812
-2.03449436482404877,1.31787145319919263,-1.13179979867177383,0.78088228568575235
-2.02136173957555476,1.30816336573578740,-1.12396051164835731,0.78697511899753658
-2.00834812318434386,1.29440107769090251,-1.11606029629182313,0.79306795230932081
-1.99543769696444295,1.28311174019719254,-1.10809915260217107,0.79916078562110504
-1.98259718330488255,1.28456670591542488,-1.10007708057940112,0.80525361893288927
-1.96983887317719630,1.27043114917732436,-1.09199418822966932,0.81132485101349094
-1.95720924590419121,1.25673607247810515,-1.08385058355913144,0.81739608309409262
-1.94468061061028497,1.24892882995197629,-1.07564626656778750,0.82346731517469429
-1.93222510225304656,1.24208702037703045,-1.06738123725563749,0.82953854725529597
-1.91980034497167940,1.24336468338917805,-1.05905549562268142,0.83560977933589764
-1.90738019558860339,1.23466195693189729,-1.05066904166891950,0.84168101141649931
-1.89511289046265996,1.22232169595436480,-1.04222187539435152,0.84775224349710099
-1.88293601737281202,1.21292122434481842,-1.03371399679897746,0.85382347557770266
-1.87085134262160424,1.20283687673797735,-1.02514540588279734,0.85989470765830434
-1.85885434116938830,1.19597800661852260,-1.01651610264581138,0.86596593973890601
-1.84697649492890137,1.17934616050732166,-1.00785122856037779,0.86700887734783350
-1.83522231009210124,1.16954069291259066,-0.99917592509885478,0.86805181495676098
-1.82350166372028344,1.17426177095059781,-0.99049019226124257,0.86909475256568847
-1.81185785243652298,1.15247395014006737,-0.98179403004754107,0.87013769017461595
-1.80035348705132980,1.15288267741956285,-0.97308743845775025,0.87118062778354344
-1.78886876389308669,1.14479785500154585,-0.96437041749187014,0.87222356539247092
-1.77741931821368571,1.14441407137035189,-0.95564296714990082,0.87326650300139841
-1.76603776558990755,1.13011684833854753,-0.94690508743184221,0.87430944061032589
-1.75478010192374811,1.12518032688027669,-0.93815677833769429,0.87535237821925338
-1.74357262914864908,1.11531979170555973,-0.92939803986745706,0.87639531582818087
-1.73248661154751815,1.10156881296215836,-0.92068408670917523,0.86639531582818086
-1.72150404084841191,1.09378151201834184,-0.91207013355089339,0.85639531582818085
-1.71060981533612244,1.08307227808308038,-0.90355618039261154,0.84639531582818084
-1.69988170341214628,1.06435695930217289,-0.89514222723432968,0.83639531582818083
-1.68927490475491959,1.05726784648889938,-0.88682827407604792,0.82639531582818082
-1.67880070566732953,1.03869495302466253,-0.87861432091776615,0.81639531582818081
-1.66847503552578047,1.02649556484026250,-0.87050036775948436,0.80639531582818080
-1.65828453052108316,1.01272227056678199,-0.86248641460120257,0.79639531582818079
-1.64815141455486236,1.01216860669343456,-0.85457246144292076,0.78639531582818079
-1.63811934251521141,0.99901671343379683,-0.84675850828463894,0.77639531582818078
-1.62817295725313627,0.98703146773678274,-0.83894455512635713,0.78639531582818079
-1.61834720974137802,0.97699315162046763,-0.83103060196807532,0.79639531582818079
-1.60865293387509034,0.96256689691358532,-0.82301664880979353,0.80639531582818080
-1.59902421509543236,0.96171713431128492,-0.81490269565151174,0.81639531582818081
-1.58948639998067409,0.94685199101461226,-0.80668874249322997,0.82639531582818082
-1.58006417462715998,0.93845871847153584,-0.79837478933494821,0.83639531582818083
-1.57071080896536719,0.93088281223545843,-0.78996083617666635,0.84639531582818084
-1.56147343285425100,0.91315043136634755,-0.78144688301838450,0.85639531582818085
-1.55240645663166266,0.90145190472432279,-0.77283292986010266,0.86639531582818086
-1.54344493523482562,0.89190404159665260,-0.76411897670182083,0.87639531582818087
-1.53462356862317528,0.87486473998395864,-0.75531957588057008,0.88348484842196229
-1.52593601400840506,0.86375002972037351,-0.74644927973338160,0.89057438101574371
-1.51733847255350507,0.86053435257742950,-0.73750808826025527,0.89766391360952513
-1.50878554125936204,0.84815606436418167,-0.72849600146119109,0.90475344620330655
-1.50030226564324320,0.84630617438564792,-0.71941301933618906,0.91184297879708798
-1.49190107627964563,0.83592809725774853,-0.71025914188524930,0.91893251139086940
-1.48354147282385251,0.83602785581491013,-0.70103436910837169,0.92602204398465082
-1.47527538424091120,0.81524370264848689,-0.69173870100555623,0.93311157657843224
-1.46716652499301947,0.80637839767608332,-0.68237213757680304,0.94020110917221367
-1.45914176835217768,0.80084398373708676,-0.67293467882211200,0.94729064176599509
-1.45117462604250536,0.79068668364936334,-0.66342794015326456,0.95405709200348909
-1.44331135749546280,0.78245184881317331,-0.65385353698204218,0.96082354224098310
-1.43553976548588436,0.76923992478586523,-0.64421146930844486,0.96758999247847710
-1.42791449202790699,0.76082887712593994,-0.63450173713247260,0.97435644271597110
-1.42029238408932734,0.76113306619335863,-0.62472434045412539,0.98112289295346511
-1.41273524832268227,0.74993138734273346,-0.61487927927340325,0.98788934319095911
-1.40524077302867689,0.74592666883238656,-0.60496655359030616,0.99465579342845312
-1.39783225813200351,0.73657632228674030,-0.59498616340483412,1.00142224366594723
-1.39052677804573621,0.72712836111623536,-0.58493810871698715,1.00818869390344124
-1.38327017615631553,0.72350851598326249,-0.57482238952676523,1.01495514414093524
-1.37607077758921026,0.71454934151411098,-0.56462705575142458,1.02411161092718905
-1.36894849714408928,0.71001972440309380,-0.55434015730822139,1.03326807771344287
-1.36189056162620981,0.70161339559221370,-0.54396169419715568,1.04242454449969668
-1.35493259242862285,0.69048159627405525,-0.53349166641822743,1.05158101128595050
-1.34804417693353007,0.69009441403508553,-0.52293007397143665,1.06073747807220431
-1.34119127682485906,0.68171664040993796,-0.51227691685678334,1.06989394485845812
-1.33446196577422049,0.66235773731571346,-0.50153219507426750,1.07905041164471194
-1.32789524717150464,0.65464355434605803,-0.49069590862388912,1.08820687843096575
-1.32141556980416719,0.63553529368261252,-0.47976805750564822,1.09736334521721957
-1.31509161212811576,0.62670763103301030,-0.46874864171954478,1.10651981200347338
-1.30889322061522773,0.61215098351763342,-0.45763480401651940,1.11624772860160681
-1.30282532931070594,0.60194966742167866,-0.44642368714751268,1.12597564519974025
-1.29683120475648406,0.59880065872903054,-0.43511529111252462,1.13570356179787368
-1.29090512491216391,0.58742510931478786,-0.42370961591155520,1.14543147839600712
-1.28508434485647327,0.57595365350214156,-0.41220666154460445,1.15515939499414055
-1.27938691440264307,0.56679708257512385,-0.40060642801167240,1.16488731159227399
-1.27374318465852610,0.55924018448913371,-0.38890891531275901,1.17461522819040742
-1.26821365979653944,0.54866572059566587,-0.37711412344786427,1.18434314478854086
-1.26279139506733751,0.53746951255887854,-0.36522205241698819,1.19407106138667429
-1.25747788188451892,0.52531263880595513,-0.35323270222013076,1.20379897798480773
-1.25230165305181473,0.51037550635215101,-0.34114471244028266,1.21379897798480774
-1.24718474595607409,0.51194199338309920,-0.32895672266043458,1.22379897798480775
-1.24209735660698151,0.50595293614008907,-0.31666873288058650,1.23379897798480775
-1.23704765988314591,0.50226883736396266,-0.30428074310073844,1.24379897798480776
-1.23207120106682733,0.49154349616420634,-0.29179275332089039,1.25379897798480777
-1.22720821412364245,0.47857921406131904,-0.27920476354104229,1.26379897798480778
-1.22251039156046160,0.46494109239708753,-0.26651677376119420,1.27379897798480779
-1.21794240822070021,0.44708885313715946,-0.25372878398134613,1.28379897798480780
-1.21352835271528536,0.43525163731298322,-0.24084079420149807,1.29379897798480781
-1.20928703238333379,0.41479932624210575,-0.22785280442164998,1.30379897798480782
-1.20521795601858894,0.40012613217092702,-0.21476501934592707,1.31375803715977746
-1.20128873151241167,0.38710300293326511,-0.20157764367845443,1.32371709633474710
-1.19747497058820129,0.37906739569774578,-0.18829067741923211,1.33367615550971674
-1.19373730020797808,0.36737627523150823,-0.17490412056826010,1.34363521468468639
-1.19011322762432004,0.35610884970720413,-0.16141797312553838,1.35359427385965603
-1.18664494464350168,0.33983182006632007,-0.14783223509106697,1.36355333303462567
-1.18333503812867358,0.32096586452349746,-0.13414690646484587,1.37351239220959531
-1.18019528014846498,0.30741256279162915,-0.12036198724687507,1.38347145138456495
-1.17710925842263769,0.30721973611082848,-0.10647747743715456,1.39343051055953460
-1.17415927782237417,0.28330572531080256,-0.09249337703568437,1.40338956973450424
-1.17135863688205455,0.27781300432383510,-0.07841980370447174,1.41132509650802218
-1.16861783929275687,0.26954636307901547,-0.06426687510552392,1.41926062328154012
-1.16597891448569313,0.25874545887149936,-0.05003459123884093,1.42719615005505807
-1.16346893931740869,0.24205421102572830,-0.03572295210442276,1.43513167682857601
-1.16116792171328531,0.22018817299719526,-0.02133195770226941,1.44306720360209395
-1.15899635874759022,0.21475150455940051,-0.00686160803238088,1.45100273037561189
-1.15692821912281474,0.20157073290454092,0.00768809690524283,1.45893825714912984
-1.15494775743900280,0.19652315799946632,0.02231715711060172,1.46687378392264778
-1.15302738585661113,0.18420752098947793,0.03702557258369579,1.47480931069616572
-1.15123870758955338,0.17281068400998922,0.05181334332452503,1.48274483746968366
-1.14953993385700848,0.16337447926492382,0.06667756453638599,1.49009940490250603
-1.14797795770088307,0.15147846252056762,0.08161533142257515,1.49745397233532840
-1.14654667805741606,0.13467194678952241,0.09662664398309255,1.50480853976815077
-1.14526128381147241,0.12059569383498236,0.11171150221793817,1.51216310720097313
-1.14411676913031046,0.10804150419016073,0.12686990612711202,1.51951767463379550
-1.14310313668536812,0.09422597354595401,0.14210185571061409,1.52687224206661787
-1.14226317619705586,0.07730980169147908,0.15740735096844438,1.53422680949944024
-1.14154373588099034,0.06889266709935418,0.17278639190060288,1.54158137693226260
-1.14091154768687542,0.05448811733903192,0.18823897850708962,1.54893594436508497
-1.14040358905209249,0.04540255617147494,0.20376511078790457,1.55629051179790734
-1.13995698739418616,0.04240163207119380,0.21935382596076503,1.56145252277418578
-1.13955853025431608,0.03422995063548080,0.23499416124338826,1.56661453375046422
-1.13930229839300257,0.01786559980003732,0.25068611663577428,1.57177654472674266
-1.13914079430110604,0.01052141351280857,0.26642969213792311,1.57693855570302111
-1.13909868364461309,0.00073200309311646,0.28222488774983473,1.58210056667929955
-1.13914788851971238,-0.01385282903028979,0.29807170347150913,1.58726257765557799
-1.13935994109356198,-0.02643730517074175,0.31397013930294632,1.59242458863185643
-1.13966163570511991,-0.03202618448226483,0.32992019524414629,1.59758659960813487
-1.14006144144022237,-0.04602730824535124,0.34592187129510904,1.60274861058441331
-1.14056286397227247,-0.05363131245283748,0.36197516745583458,1.60791062156069176
-1.14110009472504581,-0.05709065169425682,0.37807807182506858,1.61267025228610916
-1.14168301016108198,-0.06023646288356440,0.39422857250155674,1.61742988301152657
-1.14231264621122564,-0.07087040532651871,0.41042666948529910,1.62218951373694398
-1.14301937822671706,-0.07257982999336289,0.42667236277629561,1.62694914446236139
-1.14377179139902241,-0.07846307396223716,0.44296565237454633,1.63170877518777879
-1.14456618064710014,-0.08303414889213653,0.45930653828005119,1.63646840591319620
-1.14544921835346747,-0.09129514309581949,0.47569502049281026,1.64122803663861361
-1.14637063865627775,-0.09238683214474272,0.49213109901282348,1.64598766736403102
-1.14729344947543432,-0.09238742839318638,0.50861477384009091,1.65074729808944842
-1.14827099038631864,-0.10298836529059202,0.52514604497461248,1.65550692881486583
-1.14932267279934974,-0.10862154956494620,0.54174247885344240,1.66377984695111780
-1.15047156527723815,-0.12006908986986495,0.55842164191363486,1.67205276508736977
-1.15181188426413073,-0.14476304927191891,0.57518353415518986,1.68032568322362175
-1.15336725555711173,-0.16325642140600080,0.59202815557810728,1.68859860135987372
-1.15506465192353991,-0.17307531404823406,0.60895550618238725,1.69687151949612569
-1.15684651306055741,-0.18541389415410142,0.62596558596802976,1.70514443763237766
-1.15877393093363334,-0.19870896072166402,0.64305839493503480,1.71341735576862964
-1.16084422553473088,-0.21194970459737089,0.66023393308340239,1.72169027390488161
-1.16303076863546351,-0.22322836758720821,0.67749220041313252,1.72996319204113358
-1.16529670326411794,-0.22842698213478621,0.69483319692422507,1.73823611017738555
-1.16764205754037342,-0.23860592674271067,0.71224636580844780,1.74439766666715657
-1.17009520042483395,-0.24944559689157281,0.72972115025756823,1.75055922315692758
-1.17267706520221804,-0.26339145585828988,0.74725755027158636,1.75672077964669859
-1.17536755213910227,-0.27480375276824598,0.76485556585050218,1.76288233613646961
-1.17815256903020238,-0.28484162662636525,0.78251519699431571,1.76904389262624062
-1.18107275627029806,-0.29617104069707689,0.80023644370302693,1.77520544911601164
-1.18411306204314615,-0.31097765981613967,0.81801930597663586,1.78136700560578265
-1.18723814188268206,-0.31805540490588641,0.83586378381514259,1.78752856209555366
-1.19042895460271736,-0.31927130184395469,0.85376987721854702,1.79369011858532468
-1.19367227951266996,-0.32692549830380546,0.87173758618684916,1.79985167507509569
-1.19695490492090095,-0.33002305013694616,0.88976433085437856,1.80549725843079512
-1.20034462829675181,-0.34673186590406413,0.90784753135546503,1.81114284178649454
-1.20391104204898070,-0.36709099614983798,0.92598718769010846,1.81678842514219396
-1.20757903161385305,-0.36980780028236698,0.94418329985830884,1.82243400849789339
-1.21131593213819055,-0.38043586333969126,0.96243586786006630,1.82807959185359281
-1.21519639062096796,-0.39668667728709400,0.98074489169538070,1.83372517520929224
-1.21922809104436580,-0.41110153931617044,0.99911037136425218,1.83937075856499166
-1.22339111218744212,-0.42116266655151441,1.01753230686668061,1.84501634192069108
-1.22763235254402803,-0.42915668041244170,1.03601069820266600,1.85066192527639051
-1.23199908799583602,-0.44125411462641367,1.05454554537220835,1.85630750863208993
-1.23644100870088369,-0.44754138633955853,1.07312575144540090,1.85973370600640342
-1.24097780958246329,-0.45909217350944359,1.09174021949233646,1.86315990338071691
-1.24561591968631857,-0.46818594098006128,1.11038894951301526,1.86658610075503040
-1.25034622393779271,-0.47584220282184636,1.12907194150743706,1.87001229812934389
-1.25513933448756454,-0.48210042304438439,1.14778919547560210,1.87343849550365737
-1.25995417938152632,-0.48082198416913297,1.16654071141751015,1.87686469287797086
-1.26480660700506209,-0.49164602778687416,1.18532648933316143,1.88029089025228435
-1.26975935252421723,-0.50018089298658674,1.20414652922255594,1.88371708762659784
-1.27480999645827642,-0.51153401355617623,1.22300083108569346,1.88714328500091133
-1.27999060132129916,-0.52234298449299477,1.24188939492257422,1.89056948237522482
-1.28526642185349127,-0.53269996901886429,1.26081275219852351,1.89410197281463444
-1.29062950302312185,-0.53906999474740691,1.27977143437886687,1.89763446325404406
-1.29604807098476082,-0.54650725516302490,1.29876544146360429,1.90116695369345368
-1.30156855374602154,-0.55583615106676532,1.31779477345273577,1.90469944413286330
-1.30718105897621384,-0.56603877723821383,1.33685943034626153,1.90823193457227291
-1.31286150872095697,-0.56855359252661819,1.35595941214418136,1.91176442501168253
-1.31859067968603827,-0.57662027562891560,1.37509471884649526,1.91529691545109215
-1.32445510286962032,-0.59452982827133938,1.39426535045320321,1.91882940589050177
-1.33045099534664302,-0.60487544759116463,1.41347130696430523,1.92236189632991139
-1.33657592686479076,-0.61999567329811323,1.43271258837980131,1.92589438676932101
-1.34282263900514964,-0.62855717679317258,1.45198024728137631,1.92763739354565766
-1.34917627064597512,-0.63822748573373533,1.47126533625071465,1.92938040032199432
-1.35557211568235525,-0.64103471746932239,1.49056785528781632,1.93112340709833097
-1.36205184645351585,-0.65228046509028070,1.50988780439268133,1.93286641387466762
-1.36860744780309251,-0.65669097349064476,1.52922518356530968,1.93460942065100427
-1.37524017288604083,-0.66914757820086279,1.54857999280570136,1.93635242742734093
-1.38203621367269291,-0.69280365753436102,1.56795223211385637,1.93809543420367758
-1.38905945698117939,-0.71000037401556193,1.58734190148977472,1.93983844098001423
-1.39619146882377931,-0.71310065686333146,1.60674900093345663,1.94158144775635089
-1.40337058736820408,-0.71951375663382355,1.62617353044490187,1.94332445453268754
-1.41057825244871227,-0.72166768238829393,1.64559886384190945,1.94174222486884940
-1.41781661184101027,-0.72630940473334216,1.66500837494227882,1.94015999520501126
-1.42510144510236358,-0.73279365660691520,1.68440206374600976,1.93857776554117311
-1.43252150240383092,-0.74830542421776813,1.70377993025310226,1.93699553587733497
-1.44003573498245685,-0.75792250199851752,1.72314197446355633,1.93541330621349683
-1.44768744319195775,-0.77119435684230364,1.74248819637737218,1.93383107654965869
-1.45543126271167522,-0.77834192796965207,1.76181859599454960,1.93224884688582055
-1.46325509702446799,-0.78719692315559364,1.78113317331508858,1.93066661722198241
-1.47117858516559519,-0.79761016732926304,1.80043192833898913,1.92908438755814426
-1.47918716424490526,-0.80324465437459824,1.81971486106625147,1.92750215789430612
-1.48726252074760135,-0.81150802266938205,1.83896369611184229,1.92226485122387492
-1.49537199297795698,-0.80924410145531644,1.85816015809072899,1.91702754455344371
-1.50350505186168149,-0.81742829749007606,1.87730424700291132,1.91179023788301250
-1.51172323310697010,-0.82658791294094236,1.89639596284838929,1.90655293121258129
-1.52003645070080173,-0.83527100390364373,1.91543530562716291,1.90131562454215008
-1.52842814205169053,-0.84126608846938722,1.93442227533923217,1.89607831787171888
-1.53685237077836212,-0.84486371893184309,1.95335687198459729,1.89084101120128767
-1.54535366019725950,-0.85354226728697691,1.97223909556325805,1.88560370453085646
-1.55392014538300782,-0.86229837908698159,1.99106894607521445,1.88036639786042525
-1.56262056816601191,-0.87780697043931255,2.00984642352046672,1.87512909118999405
