0,0,0,0.0954,0,0.018
0.00953999,8.586e-06,0.0018,0.0954,0,0.018
0.01908,3.4344e-05,0.0036,0.0954,0,0.018
0.0286199,7.72738e-05,0.0054,0.0954,0,0.018
0.0381597,0.000137375,0.0072,0.0954,0,0.018
0.0476994,0.000214649,0.009,0.0954,0,0.018
0.0572389,0.000309093,0.0108,0.0954,0,0.018
0.0667782,0.000420708,0.0126,0.0954,0,0.018
0.0763174,0.000549495,0.0144,0.0954,0,0.018
0.0858562,0.000695451,0.0162,0.0954,0,0.018
0.0953948,0.000858577,0.018,0.0954,0,0.018
0.104933,0.00103887,0.0198,0.0954,0,0.018
0.114471,0.00123634,0.0216,0.0954,0,0.018
0.124009,0.00145097,0.0234,0.0954,0,0.018
0.133546,0.00168277,0.0252,0.0954,0,0.018
0.143083,0.00193173,0.027,0.0954,0,0.018
0.152619,0.00219786,0.0288,0.0954,0,0.018
0.162155,0.00248116,0.0306,0.0954,0,0.018
0.17169,0.00278162,0.0324,0.0954,0,0.018
0.181225,0.00309924,0.0342,0.0954,0,0.018
0.190759,0.00343403,0.036,0.0954,0,0.018
0.200292,0.00378598,0.0378,0.0954,0,0.018
0.209825,0.00415508,0.0396,0.0954,0,0.018
0.219357,0.00454135,0.0414,0.0954,0,0.018
0.228889,0.00494477,0.0432,0.0954,0,0.018
0.23842,0.00536534,0.045,0.0954,0,0.018
0.247949,0.00580308,0.0468,0.0954,0,0.018
0.257479,0.00625796,0.0486,0.0954,0,0.018
0.267007,0.00673,0.0504,0.0954,0,0.018
0.276534,0.00721919,0.0522,0.0954,0,0.018
0.286061,0.00772552,0.054,0.0954,0,0.018
0.295587,0.00824901,0.0558,0.0954,0,0.018
0.305111,0.00878963,0.0576,0.0954,0,0.018
0.314635,0.00934741,0.0594,0.0954,0,0.018
0.324158,0.00992232,0.0612,0.0954,0,0.018
0.333679,0.0105144,0.063,0.0954,0,0.018
0.3432,0.0111236,0.0648,0.0954,0,0.018
0.352719,0.0117499,0.0666,0.0954,0,0.018
0.362237,0.0123934,0.0684,0.0954,0,0.018
0.371754,0.0130539,0.0702,0.0954,0,0.018
0.38127,0.0137317,0.072,0.0954,0,0.018
0.390785,0.0144265,0.0738,0.0954,0,0.018
0.400298,0.0151385,0.0756,0.0954,0,0.018
0.409811,0.0158676,0.0774,0.0954,0,0.018
0.419321,0.0166138,0.0792,0.0954,0,0.018
0.428831,0.0173771,0.081,0.0954,0,0.018
0.438339,0.0181576,0.0828,0.0954,0,0.018
0.447845,0.0189552,0.0846,0.0954,0,0.018
0.45735,0.0197698,0.0864,0.0954,0,0.018
0.466854,0.0206016,0.0882,0.0954,0,0.018
0.476356,0.0214505,0.09,0.0954,0,0.018
0.485857,0.0223165,0.0918,0.0954,0,0.018
0.495356,0.0231996,0.0936,0.0954,0,0.018
0.504853,0.0240998,0.0954,0.0954,0,0.018
0.514349,0.0250171,0.0972,0.0954,0,0.018
0.523843,0.0259514,0.099,0.0954,0,0.018
0.533336,0.0269029,0.1008,0.0954,0,0.018
0.542826,0.0278715,0.1026,0.0954,0,0.018
0.552315,0.0288571,0.1044,0.0954,0,0.018
0.561803,0.0298598,0.1062,0.0954,0,0.018
0.571288,0.0308796,0.108,0.0954,0,0.018
0.580771,0.0319164,0.1098,0.0954,0,0.018
0.590253,0.0329703,0.1116,0.0954,0,0.018
0.599733,0.0340413,0.1134,0.0954,0,0.018
0.60921,0.0351294,0.1152,0.0954,0,0.018
0.618686,0.0362345,0.117,0.0954,0,0.018
0.62816,0.0373566,0.1188,0.0954,0,0.018
0.637632,0.0384959,0.1206,0.0954,0,0.018
0.647101,0.0396521,0.1224,0.0954,0,0.018
0.656569,0.0408254,0.1242,0.0954,0,0.018
0.666034,0.0420158,0.126,0.0954,0,0.018
0.675498,0.0432231,0.1278,0.0954,0,0.018
0.684959,0.0444476,0.1296,0.0954,0,0.018
0.694418,0.045689,0.1314,0.0954,0,0.018
0.703874,0.0469475,0.1332,0.0954,0,0.018
0.713329,0.0482229,0.135,0.0954,0,0.018
0.722781,0.0495154,0.1368,0.0954,0,0.018
0.73223,0.050825,0.1386,0.0954,0,0.018
0.741678,0.0521515,0.1404,0.0954,0,0.018
0.751123,0.053495,0.1422,0.0954,0,0.018
0.760565,0.0548555,0.144,0.0954,0,0.018
0.770005,0.056233,0.1458,0.0954,0,0.018
0.779443,0.0576275,0.1476,0.0954,0,0.018
0.788878,0.059039,0.1494,0.0954,0,0.018
0.79831,0.0604675,0.1512,0.0954,0,0.018
0.80774,0.0619129,0.153,0.0954,0,0.018
0.817167,0.0633753,0.1548,0.0954,0,0.018
0.826592,0.0648547,0.1566,0.0954,0,0.018
0.836014,0.0663511,0.1584,0.0954,0,0.018
0.845433,0.0678644,0.1602,0.0954,0,0.018
0.854849,0.0693946,0.162,0.0954,0,0.018
0.864263,0.0709418,0.1638,0.0954,0,0.018
0.873674,0.072506,0.1656,0.0954,0,0.018
0.883082,0.0740871,0.1674,0.0954,0,0.018
0.892487,0.0756851,0.1692,0.0954,0,0.018
0.90189,0.0773,0.171,0.0954,0,0.018
0.911289,0.0789319,0.1728,0.0954,0,0.018
0.920685,0.0805807,0.1746,0.0954,0,0.018
0.930079,0.0822463,0.1764,0.0954,0,0.018
0.939469,0.0839289,0.1782,0.0954,0,0.018
0.948857,0.0856284,0.18,0.0666,0,0.042
0.955407,0.0868345,0.1842,0.0666,0,0.042
0.961951,0.0880681,0.1884,0.0666,0,0.042
0.968491,0.0893292,0.1926,0.0666,0,0.042
0.975025,0.0906177,0.1968,0.0666,0,0.042
0.981554,0.0919337,0.201,0.0666,0,0.042
0.988077,0.093277,0.2052,0.0666,0,0.042
0.994594,0.0946478,0.2094,0.0666,0,0.042
1.00111,0.0960459,0.2136,0.0666,0,0.042
1.00761,0.0974713,0.2178,0.0666,0,0.042
1.01411,0.0989241,0.222,0.0666,0,0.042
1.0206,0.100404,0.2262,0.0666,0,0.042
1.02709,0.101911,0.2304,0.0666,0,0.042
1.03357,0.103446,0.2346,0.0666,0,0.042
1.04005,0.105008,0.2388,0.0666,0,0.042
1.04651,0.106597,0.243,0.0666,0,0.042
1.05298,0.108213,0.2472,0.0666,0,0.042
1.05943,0.109856,0.2514,0.0666,0,0.042
1.06588,0.111526,0.2556,0.0666,0,0.042
1.07232,0.113224,0.2598,0.0666,0,0.042
1.07875,0.114948,0.264,0.0666,0,0.042
1.08518,0.116699,0.2682,0.0666,0,0.042
1.09159,0.118478,0.2724,0.0666,0,0.042
1.098,0.120283,0.2766,0.0666,0,0.042
1.10441,0.122115,0.2808,0.0666,0,0.042
1.1108,0.123974,0.285,0.0666,0,0.042
1.11719,0.12586,0.2892,0.0666,0,0.042
1.12357,0.127773,0.2934,0.0666,0,0.042
1.12994,0.129712,0.2976,0.0666,0,0.042
1.1363,0.131679,0.3018,0.0666,0,0.042
1.14266,0.133672,0.306,0.0666,0,0.042
1.149,0.135691,0.3102,0.0666,0,0.042
1.15534,0.137738,0.3144,0.0666,0,0.042
1.16167,0.13981,0.3186,0.0666,0,0.042
1.16799,0.14191,0.3228,0.0666,0,0.042
1.1743,0.144036,0.327,0.0666,0,0.042
1.18061,0.146188,0.3312,0.0666,0,0.042
1.1869,0.148367,0.3354,0.0666,0,0.042
1.19318,0.150572,0.3396,0.0666,0,0.042
1.19946,0.152804,0.3438,0.0666,0,0.042
1.20572,0.155062,0.348,0.0666,0,0.042
1.21198,0.157347,0.3522,0.0666,0,0.042
1.21823,0.159657,0.3564,0.0666,0,0.042
1.22446,0.161994,0.3606,0.0666,0,0.042
1.23069,0.164357,0.3648,0.0666,0,0.042
1.23691,0.166746,0.369,0.0666,0,0.042
1.24311,0.169161,0.3732,0.0666,0,0.042
1.24931,0.171602,0.3774,0.0666,0,0.042
1.2555,0.17407,0.3816,0.0666,0,0.042
1.26167,0.176563,0.3858,0.0666,0,0.042
1.26784,0.179082,0.39,0.0666,0,0.042
1.27399,0.181627,0.3942,0.0666,0,0.042
1.28014,0.184198,0.3984,0.0666,0,0.042
1.28627,0.186794,0.4026,0.0666,0,0.042
1.29239,0.189417,0.4068,0.0666,0,0.042
1.2985,0.192065,0.411,0.0666,0,0.042
1.3046,0.194738,0.4152,0.0666,0,0.042
1.31069,0.197438,0.4194,0.0666,0,0.042
1.31677,0.200162,0.4236,0.0666,0,0.042
1.32283,0.202913,0.4278,0.0666,0,0.042
1.32889,0.205688,0.432,0.0666,0,0.042
1.33493,0.20849,0.4362,0.0666,0,0.042
1.34096,0.211316,0.4404,0.0666,0,0.042
1.34698,0.214168,0.4446,0.0666,0,0.042
1.35298,0.217045,0.4488,0.0666,0,0.042
1.35898,0.219947,0.453,0.0666,0,0.042
1.36496,0.222875,0.4572,0.0666,0,0.042
1.37093,0.225827,0.4614,0.0666,0,0.042
1.37689,0.228805,0.4656,0.0666,0,0.042
1.38283,0.231807,0.4698,0.0666,0,0.042
1.38876,0.234835,0.474,0.0666,0,0.042
1.39468,0.237887,0.4782,0.0666,0,0.042
1.40059,0.240964,0.4824,0.0666,0,0.042
1.40648,0.244066,0.4866,0.0666,0,0.042
1.41236,0.247193,0.4908,0.0666,0,0.042
1.41823,0.250344,0.495,0.0666,0,0.042
1.42409,0.25352,0.4992,0.0666,0,0.042
1.42993,0.256721,0.5034,0.0666,0,0.042
1.43575,0.259946,0.5076,0.0666,0,0.042
1.44157,0.263196,0.5118,0.0666,0,0.042
1.44737,0.26647,0.516,0.0666,0,0.042
1.45315,0.269768,0.5202,0.0666,0,0.042
1.45892,0.27309,0.5244,0.0666,0,0.042
1.46468,0.276437,0.5286,0.0666,0,0.042
1.47043,0.279808,0.5328,0.0666,0,0.042
1.47616,0.283203,0.537,0.0666,0,0.042
1.48187,0.286622,0.5412,0.0666,0,0.042
1.48757,0.290065,0.5454,0.0666,0,0.042
1.49326,0.293532,0.5496,0.0666,0,0.042
1.49893,0.297022,0.5538,0.0666,0,0.042
1.50459,0.300537,0.558,0.0666,0,0.042
1.51023,0.304075,0.5622,0.0666,0,0.042
1.51586,0.307637,0.5664,0.0666,0,0.042
1.52147,0.311223,0.5706,0.0666,0,0.042
1.52707,0.314832,0.5748,0.0666,0,0.042
1.53265,0.318464,0.579,0.0666,0,0.042
1.53822,0.32212,0.5832,0.0666,0,0.042
1.54377,0.3258,0.5874,0.0666,0,0.042
1.5493,0.329502,0.5916,0.0666,0,0.042
1.55482,0.333228,0.5958,0.0666,0,0.042
1.56033,0.336977,0.6,0.0666,0,0.042
1.56582,0.340749,0.6042,0.0666,0,0.042
1.57129,0.344544,0.6084,0.0666,0,0.042
1.57675,0.348362,0.6126,0.0666,0,0.042
1.58219,0.352203,0.6168,0.0666,0,0.042
1.58761,0.356067,0.621,0.0666,0,0.042
1.59302,0.359953,0.6252,0.0666,0,0.042
1.59841,0.363862,0.6294,0.0666,0,0.042
1.60379,0.367794,0.6336,0.0666,0,0.042
1.60915,0.371748,0.6378,0.0666,0,0.042
1.61449,0.375725,0.642,0.0666,0,0.042
1.61982,0.379724,0.6462,0.0666,0,0.042
1.62512,0.383746,0.6504,0.0666,0,0.042
1.63042,0.38779,0.6546,0.0666,0,0.042
1.63569,0.391856,0.6588,0.0666,0,0.042
1.64095,0.395944,0.663,0.0666,0,0.042
1.64619,0.400054,0.6672,0.0666,0,0.042
1.65141,0.404186,0.6714,0.0666,0,0.042
1.65662,0.40834,0.6756,0.0666,0,0.042
1.66181,0.412516,0.6798,0.0666,0,0.042
1.66698,0.416713,0.684,0.0666,0,0.042
1.67213,0.420933,0.6882,0.0666,0,0.042
1.67727,0.425174,0.6924,0.0666,0,0.042
1.68238,0.429436,0.6966,0.0666,0,0.042
1.68748,0.43372,0.7008,0.0666,0,0.042
1.69256,0.438025,0.705,0.0666,0,0.042
1.69763,0.442352,0.7092,0.0666,0,0.042
1.70267,0.446699,0.7134,0.0666,0,0.042
1.7077,0.451068,0.7176,0.0666,0,0.042
1.71271,0.455458,0.7218,0.0666,0,0.042
1.7177,0.459869,0.726,0.0666,0,0.042
1.72267,0.464301,0.7302,0.0666,0,0.042
1.72762,0.468754,0.7344,0.0666,0,0.042
1.73255,0.473228,0.7386,0.0666,0,0.042
1.73747,0.477722,0.7428,0.0666,0,0.042
1.74237,0.482237,0.747,0.0666,0,0.042
1.74724,0.486772,0.7512,0.0666,0,0.042
1.7521,0.491328,0.7554,0.0666,0,0.042
1.75694,0.495904,0.7596,0.0666,0,0.042
1.76176,0.5005,0.7638,0.0666,0,0.042
1.76656,0.505117,0.768,0.0666,0,0.042
1.77134,0.509753,0.7722,0.0666,0,0.042
1.7761,0.51441,0.7764,0.0666,0,0.042
1.78084,0.519087,0.7806,0.0666,0,0.042
1.78557,0.523784,0.7848,0.0666,0,0.042
1.79027,0.5285,0.789,0.0666,0,0.042
1.79495,0.533236,0.7932,0.0666,0,0.042
1.79961,0.537992,0.7974,0.0666,0,0.042
1.80425,0.542767,0.8016,0.0666,0,0.042
1.80888,0.547562,0.8058,0.0666,0,0.042
1.81348,0.552376,0.81,0.0666,0,0.042
1.81806,0.557209,0.8142,0.0666,0,0.042
1.82262,0.562062,0.8184,0.0666,0,0.042
1.82716,0.566934,0.8226,0.0666,0,0.042
1.83168,0.571824,0.8268,0.0666,0,0.042
1.83618,0.576734,0.831,0.0666,0,0.042
1.84066,0.581663,0.8352,0.0666,0,0.042
1.84512,0.58661,0.8394,0.0666,0,0.042
1.84956,0.591576,0.8436,0.0666,0,0.042
1.85398,0.59656,0.8478,0.0666,0,0.042
1.85837,0.601563,0.852,0.063,0,-0.098
1.86255,0.606284,0.8422,0.063,0,-0.098
1.86676,0.610964,0.8324,0.063,0,-0.098
1.87103,0.615603,0.8226,0.063,0,-0.098
1.87533,0.620199,0.8128,0.063,0,-0.098
1.87969,0.624753,0.803,0.063,0,-0.098
1.88409,0.629264,0.7932,0.063,0,-0.098
1.88853,0.633731,0.7834,0.063,0,-0.098
1.89301,0.638155,0.7736,0.063,0,-0.098
1.89754,0.642535,0.7638,0.063,0,-0.098
1.90211,0.64687,0.754,0.063,0,-0.098
1.90673,0.65116,0.7442,0.063,0,-0.098
1.91138,0.655405,0.7344,0.063,0,-0.098
1.91608,0.659604,0.7246,0.063,0,-0.098
1.92082,0.663757,0.7148,0.063,0,-0.098
1.92559,0.667863,0.705,0.063,0,-0.098
1.93041,0.671922,0.6952,0.063,0,-0.098
1.93527,0.675933,0.6854,0.063,0,-0.098
1.94017,0.679897,0.6756,0.063,0,-0.098
1.9451,0.683813,0.6658,0.063,0,-0.098
1.95008,0.68768,0.656,0.0864,0,0.044
1.95691,0.692965,0.6604,0.0864,0,0.044
1.96372,0.69828,0.6648,0.0864,0,0.044
1.97051,0.703625,0.6692,0.0864,0,0.044
1.97728,0.709,0.6736,0.0864,0,0.044
1.98402,0.714404,0.678,0.0864,0,0.044
1.99073,0.719838,0.6824,0.0864,0,0.044
1.99743,0.725302,0.6868,0.0864,0,0.044
2.0041,0.730795,0.6912,0.0864,0,0.044
2.01074,0.736317,0.6956,0.0864,0,0.044
2.01736,0.741869,0.7,0.0864,0,0.044
2.02396,0.747449,0.7044,0.0864,0,0.044
2.03053,0.753059,0.7088,0.0864,0,0.044
2.03707,0.758697,0.7132,0.0864,0,0.044
2.0436,0.764365,0.7176,0.0864,0,0.044
2.05009,0.77006,0.722,0.0864,0,0.044
2.05656,0.775785,0.7264,0.0864,0,0.044
2.06301,0.781537,0.7308,0.0864,0,0.044
2.06943,0.787318,0.7352,0.0864,0,0.044
2.07583,0.793128,0.7396,0.0864,0,0.044
2.0822,0.798965,0.744,0.0864,0,0.044
2.08854,0.80483,0.7484,0.0864,0,0.044
2.09486,0.810723,0.7528,0.0864,0,0.044
2.10115,0.816644,0.7572,0.0864,0,0.044
2.10742,0.822593,0.7616,0.0864,0,0.044
2.11366,0.828569,0.766,0.0864,0,0.044
2.11987,0.834572,0.7704,0.0864,0,0.044
2.12606,0.840603,0.7748,0.0864,0,0.044
2.13222,0.846661,0.7792,0.0864,0,0.044
2.13835,0.852746,0.7836,0.0864,0,0.044
2.14446,0.858858,0.788,0.0864,0,0.044
2.15054,0.864996,0.7924,0.0864,0,0.044
2.15659,0.871162,0.7968,0.0864,0,0.044
2.16262,0.877354,0.8012,0.0864,0,0.044
2.16862,0.883572,0.8056,0.0864,0,0.044
2.17459,0.889817,0.81,0.0864,0,0.044
2.18053,0.896088,0.8144,0.0864,0,0.044
2.18645,0.902385,0.8188,0.0864,0,0.044
2.19234,0.908708,0.8232,0.0864,0,0.044
2.1982,0.915056,0.8276,0.0864,0,0.044
2.20403,0.921431,0.832,0.0864,0,0.044
2.20983,0.927831,0.8364,0.0864,0,0.044
2.21561,0.934257,0.8408,0.0864,0,0.044
2.22136,0.940708,0.8452,0.0864,0,0.044
2.22707,0.947184,0.8496,0.0864,0,0.044
2.23277,0.953685,0.854,0.0864,0,0.044
2.23843,0.960212,0.8584,0.0864,0,0.044
2.24406,0.966763,0.8628,0.0864,0,0.044
2.24966,0.973339,0.8672,0.0864,0,0.044
2.25524,0.979939,0.8716,0.0864,0,0.044
2.26079,0.986564,0.876,0.0864,0,0.044
2.2663,0.993213,0.8804,0.0864,0,0.044
2.27179,0.999887,0.8848,0.0864,0,0.044
2.27725,1.00658,0.8892,0.0864,0,0.044
2.28268,1.01331,0.8936,0.0864,0,0.044
2.28808,1.02005,0.898,0.0864,0,0.044
2.29345,1.02682,0.9024,0.0864,0,0.044
2.29879,1.03361,0.9068,0.0864,0,0.044
2.30409,1.04043,0.9112,0.0864,0,0.044
2.30937,1.04727,0.9156,0.0864,0,0.044
2.31462,1.05413,0.92,0.0864,0,0.044
2.31984,1.06102,0.9244,0.0864,0,0.044
2.32503,1.06792,0.9288,0.0864,0,0.044
2.33019,1.07486,0.9332,0.0864,0,0.044
2.33532,1.08181,0.9376,0.0864,0,0.044
2.34041,1.08879,0.942,0.0864,0,0.044
2.34548,1.09578,0.9464,0.0864,0,0.044
2.35052,1.1028,0.9508,0.0864,0,0.044
2.35552,1.10985,0.9552,0.0864,0,0.044
2.3605,1.11691,0.9596,0.0864,0,0.044
2.36544,1.124,0.964,0.1242,0,-0.02
2.37253,1.1342,0.962,0.1242,0,-0.02
2.37964,1.14438,0.96,0.1242,0,-0.02
2.38678,1.15454,0.958,0.1242,0,-0.02
2.39393,1.1647,0.956,0.1242,0,-0.02
2.4011,1.17484,0.954,0.1242,0,-0.02
2.4083,1.18496,0.952,0.1242,0,-0.02
2.41551,1.19507,0.95,0.1242,0,-0.02
2.42275,1.20516,0.948,0.1242,0,-0.02
2.43,1.21525,0.946,0.1242,0,-0.02
2.43728,1.22531,0.944,0.1242,0,-0.02
2.44457,1.23536,0.942,0.1242,0,-0.02
2.45189,1.2454,0.94,0.1242,0,-0.02
2.45922,1.25542,0.938,0.1242,0,-0.02
2.46658,1.26543,0.936,0.1242,0,-0.02
2.47395,1.27542,0.934,0.1242,0,-0.02
2.48135,1.2854,0.932,0.1242,0,-0.02
2.48876,1.29537,0.93,0.1242,0,-0.02
2.4962,1.30532,0.928,0.1242,0,-0.02
2.50365,1.31525,0.926,0.1242,0,-0.02
2.51113,1.32517,0.924,0.1242,0,-0.02
2.51862,1.33507,0.922,0.1242,0,-0.02
2.52614,1.34496,0.92,0.1242,0,-0.02
2.53367,1.35483,0.918,0.1242,0,-0.02
2.54122,1.36469,0.916,0.1242,0,-0.02
2.5488,1.37454,0.914,0.1242,0,-0.02
2.55639,1.38437,0.912,0.1242,0,-0.02
2.564,1.39418,0.91,0.1242,0,-0.02
2.57164,1.40398,0.908,0.1242,0,-0.02
2.57929,1.41376,0.906,0.1242,0,-0.02
2.58696,1.42353,0.904,0.1242,0,-0.02
2.59465,1.43328,0.902,0.1242,0,-0.02
2.60236,1.44302,0.9,0.1242,0,-0.02
2.61009,1.45274,0.898,0.1242,0,-0.02
2.61784,1.46244,0.896,0.1242,0,-0.02
2.62561,1.47213,0.894,0.1242,0,-0.02
2.6334,1.48181,0.892,0.1242,0,-0.02
2.64121,1.49147,0.89,0.1242,0,-0.02
2.64903,1.50111,0.888,0.1242,0,-0.02
2.65688,1.51074,0.886,0.1242,0,-0.02
2.66475,1.52035,0.884,0.1242,0,-0.02
2.67263,1.52995,0.882,0.1242,0,-0.02
2.68053,1.53953,0.88,0.1242,0,-0.02
2.68846,1.54909,0.878,0.1242,0,-0.02
2.6964,1.55864,0.876,0.1242,0,-0.02
2.70436,1.56817,0.874,0.1242,0,-0.02
2.71234,1.57769,0.872,0.1242,0,-0.02
2.72034,1.58719,0.87,0.1242,0,-0.02
2.72836,1.59668,0.868,0.1242,0,-0.02
2.7364,1.60614,0.866,0.1242,0,-0.02
2.74445,1.6156,0.864,0.1242,0,-0.02
2.75253,1.62503,0.862,0.1242,0,-0.02
2.76062,1.63445,0.86,0.1242,0,-0.02
2.76873,1.64386,0.858,0.1242,0,-0.02
2.77686,1.65325,0.856,0.1242,0,-0.02
2.78501,1.66262,0.854,0.1242,0,-0.02
2.79318,1.67197,0.852,0.1242,0,-0.02
2.80137,1.68131,0.85,0.1242,0,-0.02
2.80958,1.69064,0.848,0.1242,0,-0.02
2.8178,1.69994,0.846,0.1242,0,-0.02
2.82605,1.70923,0.844,0.1242,0,-0.02
2.83431,1.7185,0.842,0.1242,0,-0.02
2.84259,1.72776,0.84,0.1242,0,-0.02
2.85089,1.737,0.838,0.1242,0,-0.02
2.85921,1.74623,0.836,0.1242,0,-0.02
2.86754,1.75543,0.834,0.1242,0,-0.02
2.8759,1.76462,0.832,0.1242,0,-0.02
2.88427,1.7738,0.83,0.1242,0,-0.02
2.89266,1.78295,0.828,0.1242,0,-0.02
2.90107,1.79209,0.826,0.1242,0,-0.02
2.9095,1.80122,0.824,0.1242,0,-0.02
2.91794,1.81032,0.822,0.1242,0,-0.02
2.92641,1.81941,0.82,0.1242,0,-0.02
2.93489,1.82848,0.818,0.1242,0,-0.02
2.94339,1.83754,0.816,0.1242,0,-0.02
2.95191,1.84658,0.814,0.1242,0,-0.02
2.96044,1.8556,0.812,0.1242,0,-0.02
2.969,1.8646,0.81,0.1242,0,-0.02
2.97757,1.87359,0.808,0.1242,0,-0.02
2.98616,1.88256,0.806,0.1242,0,-0.02
2.99477,1.89151,0.804,0.1242,0,-0.02
3.0034,1.90045,0.802,0.1242,0,-0.02
3.01204,1.90937,0.8,0.1242,0,-0.02
3.0207,1.91827,0.798,0.1242,0,-0.02
3.02938,1.92715,0.796,0.1242,0,-0.02
3.03808,1.93602,0.794,0.1242,0,-0.02
3.0468,1.94487,0.792,0.1242,0,-0.02
3.05553,1.9537,0.79,0.1242,0,-0.02
3.06428,1.96251,0.788,0.1242,0,-0.02
3.07305,1.97131,0.786,0.1242,0,-0.02
3.08183,1.98009,0.784,0.1242,0,-0.02
3.09064,1.98885,0.782,0.1242,0,-0.02
3.09946,1.99759,0.78,0.1242,0,-0.02
3.1083,2.00632,0.778,0.1242,0,-0.02
3.11715,2.01502,0.776,0.1242,0,-0.02
3.12602,2.02372,0.774,0.1242,0,-0.02
3.13492,2.03239,0.772,0.1242,0,-0.02
3.14382,2.04104,0.77,0.1242,0,-0.02
3.15275,2.04968,0.768,0.1242,0,-0.02
3.16169,2.0583,0.766,0.1242,0,-0.02
3.17065,2.0669,0.764,0.1242,0,-0.02
3.17963,2.07548,0.762,0.1242,0,-0.02
3.18862,2.08405,0.76,0.1242,0,-0.02
3.19763,2.0926,0.758,0.1242,0,-0.02
3.20666,2.10113,0.756,0.1242,0,-0.02
3.2157,2.10964,0.754,0.1242,0,-0.02
3.22477,2.11813,0.752,0.1242,0,-0.02
3.23385,2.12661,0.75,0.1242,0,-0.02
3.24294,2.13506,0.748,0.1242,0,-0.02
3.25206,2.1435,0.746,0.1242,0,-0.02
3.26118,2.15192,0.744,0.1242,0,-0.02
3.27033,2.16032,0.742,0.1242,0,-0.02
3.27949,2.16871,0.74,0.1242,0,-0.02
3.28867,2.17707,0.738,0.1242,0,-0.02
3.29787,2.18542,0.736,0.1242,0,-0.02
3.30709,2.19375,0.734,0.1242,0,-0.02
3.31632,2.20206,0.732,0.1242,0,-0.02
3.32556,2.21035,0.73,0.1242,0,-0.02
3.33483,2.21862,0.728,0.1242,0,-0.02
3.34411,2.22688,0.726,0.1242,0,-0.02
3.3534,2.23511,0.724,0.1242,0,-0.02
3.36271,2.24333,0.722,0.1242,0,-0.02
3.37204,2.25153,0.72,0.1242,0,-0.02
3.38139,2.25971,0.718,0.1242,0,-0.02
3.39075,2.26787,0.716,0.1242,0,-0.02
3.40013,2.27602,0.714,0.1242,0,-0.02
3.40952,2.28414,0.712,0.1242,0,-0.02
3.41894,2.29224,0.71,0.1242,0,-0.02
3.42836,2.30033,0.708,0.1242,0,-0.02
3.43781,2.3084,0.706,0.1242,0,-0.02
3.44726,2.31645,0.704,0.1242,0,-0.02
3.45674,2.32448,0.702,0.1242,0,-0.02
3.46623,2.33249,0.7,0.1242,0,-0.02
3.47574,2.34048,0.698,0.1242,0,-0.02
3.48526,2.34845,0.696,0.1242,0,-0.02
3.4948,2.35641,0.694,0.1242,0,-0.02
3.50436,2.36434,0.692,0.1242,0,-0.02
3.51393,2.37226,0.69,0.1242,0,-0.02
3.52351,2.38015,0.688,0.1242,0,-0.02
3.53312,2.38803,0.686,0.1242,0,-0.02
3.54273,2.39589,0.684,0.1242,0,-0.02
3.55237,2.40372,0.682,0.1242,0,-0.02
3.56202,2.41154,0.68,0.1242,0,-0.02
3.57168,2.41934,0.678,0.1242,0,-0.02
3.58136,2.42712,0.676,0.1242,0,-0.02
3.59106,2.43489,0.674,0.1242,0,-0.02
3.60077,2.44263,0.672,0.1242,0,-0.02
3.6105,2.45035,0.67,0.1242,0,-0.02
3.62024,2.45805,0.668,0.1242,0,-0.02
3.63,2.46574,0.666,0.1242,0,-0.02
3.63977,2.4734,0.664,0.1242,0,-0.02
3.64956,2.48104,0.662,0.1242,0,-0.02
3.65937,2.48867,0.66,0.1242,0,-0.02
3.66919,2.49627,0.658,0.1242,0,-0.02
3.67902,2.50386,0.656,0.1242,0,-0.02
3.68887,2.51143,0.654,0.1242,0,-0.02
3.69874,2.51897,0.652,0.1242,0,-0.02
3.70862,2.5265,0.65,0.1242,0,-0.02
3.71851,2.534,0.648,0.1242,0,-0.02
3.72842,2.54149,0.646,0.1242,0,-0.02
3.73834,2.54896,0.644,0.1242,0,-0.02
3.74828,2.55641,0.642,0.1242,0,-0.02
3.75824,2.56383,0.64,0.1242,0,-0.02
3.76821,2.57124,0.638,0.1242,0,-0.02
3.77819,2.57863,0.636,0.1242,0,-0.02
3.78819,2.58599,0.634,0.1242,0,-0.02
3.79821,2.59334,0.632,0.1242,0,-0.02
3.80823,2.60067,0.63,0.1242,0,-0.02
3.81828,2.60798,0.628,0.1242,0,-0.02
3.82833,2.61526,0.626,0.1242,0,-0.02
3.83841,2.62253,0.624,0.1242,0,-0.02
3.84849,2.62978,0.622,0.1242,0,-0.02
3.85859,2.637,0.62,0.1242,0,-0.02
3.86871,2.64421,0.618,0.1242,0,-0.02
3.87884,2.6514,0.616,0.1242,0,-0.02
3.88898,2.65856,0.614,0.1242,0,-0.02
3.89914,2.66571,0.612,0.1242,0,-0.02
3.90932,2.67283,0.61,0.1242,0,-0.02
3.9195,2.67994,0.608,0.1242,0,-0.02
3.9297,2.68702,0.606,0.1242,0,-0.02
3.93992,2.69409,0.604,0.1242,0,-0.02
3.95015,2.70113,0.602,0.1242,0,-0.02
3.96039,2.70815,0.6,0.1242,0,-0.02
3.97065,2.71515,0.598,0.1242,0,-0.02
3.98092,2.72214,0.596,0.1242,0,-0.02
3.99121,2.7291,0.594,0.1242,0,-0.02
4.00151,2.73604,0.592,0.1242,0,-0.02
4.01182,2.74296,0.59,0.1242,0,-0.02
4.02215,2.74986,0.588,0.1242,0,-0.02
4.03249,2.75674,0.586,0.1242,0,-0.02
4.04284,2.7636,0.584,0.1242,0,-0.02
4.05321,2.77043,0.582,0.1242,0,-0.02
4.06359,2.77725,0.58,0.1242,0,-0.02
4.07399,2.78405,0.578,0.1242,0,-0.02
4.0844,2.79082,0.576,0.1242,0,-0.02
4.09482,2.79758,0.574,0.1242,0,-0.02
4.10526,2.80431,0.572,0.1242,0,-0.02
4.11571,2.81102,0.57,0.1242,0,-0.02
4.12617,2.81771,0.568,0.1242,0,-0.02
4.13665,2.82439,0.566,0.1242,0,-0.02
4.14714,2.83104,0.564,0.1242,0,-0.02
4.15764,2.83766,0.562,0.1242,0,-0.02
4.16816,2.84427,0.56,0.1242,0,-0.02
4.17869,2.85086,0.558,0.1242,0,-0.02
4.18923,2.85742,0.556,0.1242,0,-0.02
4.19978,2.86397,0.554,0.1242,0,-0.02
4.21035,2.87049,0.552,0.1242,0,-0.02
4.22094,2.87699,0.55,0.1242,0,-0.02
4.23153,2.88348,0.548,0.1242,0,-0.02
4.24214,2.88994,0.546,0.1242,0,-0.02
4.25276,2.89637,0.544,0.1242,0,-0.02
4.26339,2.90279,0.542,0.1242,0,-0.02
4.27404,2.90919,0.54,0.1242,0,-0.02
4.2847,2.91556,0.538,0.1242,0,-0.02
4.29537,2.92192,0.536,0.1242,0,-0.02
4.30605,2.92825,0.534,0.1242,0,-0.02
4.31675,2.93456,0.532,0.1242,0,-0.02
4.32746,2.94085,0.53,0.1242,0,-0.02
4.33818,2.94712,0.528,0.1242,0,-0.02
4.34892,2.95336,0.526,0.1242,0,-0.02
4.35967,2.95959,0.524,0.1242,0,-0.02
4.37042,2.96579,0.522,0.1242,0,-0.02
4.3812,2.97197,0.52,0.1242,0,-0.02
4.39198,2.97814,0.518,0.1242,0,-0.02
4.40278,2.98427,0.516,0.1242,0,-0.02
4.41359,2.99039,0.514,0.1242,0,-0.02
4.42441,2.99649,0.512,0.1242,0,-0.02
4.43524,3.00256,0.51,0.1242,0,-0.02
4.44609,3.00861,0.508,0.1242,0,-0.02
4.45695,3.01464,0.506,0.1242,0,-0.02
4.46781,3.02065,0.504,0.1242,0,-0.02
4.4787,3.02664,0.502,0.1242,0,-0.02
4.48959,3.03261,0.5,0.1242,0,-0.02
4.5005,3.03855,0.498,0.1242,0,-0.02
4.51141,3.04447,0.496,0.1242,0,-0.02
4.52234,3.05037,0.494,0.1242,0,-0.02
4.53328,3.05625,0.492,0.1242,0,-0.02
4.54424,3.0621,0.49,0.1242,0,-0.02
4.5552,3.06794,0.488,0.1242,0,-0.02
4.56618,3.07375,0.486,0.1242,0,-0.02
4.57716,3.07954,0.484,0.1242,0,-0.02
4.58816,3.08531,0.482,0.1242,0,-0.02
4.59917,3.09106,0.48,0.1242,0,-0.02
4.6102,3.09678,0.478,0.1242,0,-0.02
4.62123,3.10248,0.476,0.1242,0,-0.02
4.63227,3.10816,0.474,0.1242,0,-0.02
4.64333,3.11382,0.472,0.1242,0,-0.02
4.6544,3.11946,0.47,0.1242,0,-0.02
4.66548,3.12507,0.468,0.1242,0,-0.02
4.67657,3.13066,0.466,0.1242,0,-0.02
4.68767,3.13623,0.464,0.1242,0,-0.02
4.69878,3.14178,0.462,0.1242,0,-0.02
4.70991,3.1473,0.46,0.1242,0,-0.02
4.72104,3.15281,0.458,0.1242,0,-0.02
4.73218,3.15829,0.456,0.1242,0,-0.02
4.74334,3.16374,0.454,0.1242,0,-0.02
4.75451,3.16918,0.452,0.1242,0,-0.02
4.76569,3.17459,0.45,0.1242,0,-0.02
4.77688,3.17999,0.448,0.1242,0,-0.02
4.78808,3.18535,0.446,0.1242,0,-0.02
4.79929,3.1907,0.444,0.1242,0,-0.02
4.81051,3.19602,0.442,0.1242,0,-0.02
4.82174,3.20133,0.44,0.1242,0,-0.02
4.83298,3.2066,0.438,0.1242,0,-0.02
4.84423,3.21186,0.436,0.1242,0,-0.02
4.8555,3.21709,0.434,0.1242,0,-0.02
4.86677,3.22231,0.432,0.1242,0,-0.02
4.87806,3.22749,0.43,0.1242,0,-0.02
4.88935,3.23266,0.428,0.1242,0,-0.02
4.90065,3.2378,0.426,0.1242,0,-0.02
4.91197,3.24293,0.424,0.1764,0,-0.05
4.92807,3.25014,0.419,0.1764,0,-0.05
4.9442,3.25728,0.414,0.1764,0,-0.05
4.96036,3.26433,0.409,0.1764,0,-0.05
4.97657,3.27131,0.404,0.1764,0,-0.05
4.9928,3.2782,0.399,0.1764,0,-0.05
5.00908,3.28502,0.394,0.1764,0,-0.05
5.02538,3.29175,0.389,0.1764,0,-0.05
5.04172,3.2984,0.384,0.1764,0,-0.05
5.05809,3.30496,0.379,0.1764,0,-0.05
5.0745,3.31145,0.374,0.1764,0,-0.05
5.09093,3.31785,0.369,0.1764,0,-0.05
5.1074,3.32417,0.364,0.1764,0,-0.05
5.1239,3.33041,0.359,0.1764,0,-0.05
5.14043,3.33657,0.354,0.1764,0,-0.05
5.15699,3.34264,0.349,0.1764,0,-0.05
5.17359,3.34863,0.344,0.1764,0,-0.05
5.19021,3.35454,0.339,0.1764,0,-0.05
5.20686,3.36037,0.334,0.1764,0,-0.05
5.22354,3.36611,0.329,0.1764,0,-0.05
5.24024,3.37176,0.324,0.1764,0,-0.05
5.25698,3.37734,0.319,0.1764,0,-0.05
5.27374,3.38283,0.314,0.1764,0,-0.05
5.29054,3.38824,0.309,0.1764,0,-0.05
5.30735,3.39356,0.304,0.1764,0,-0.05
5.3242,3.3988,0.299,0.1764,0,-0.05
5.34107,3.40395,0.294,0.1764,0,-0.05
5.35796,3.40902,0.289,0.1764,0,-0.05
5.37489,3.414,0.284,0.1764,0,-0.05
5.39183,3.4189,0.279,0.1764,0,-0.05
5.4088,3.42372,0.274,0.1764,0,-0.05
5.42579,3.42845,0.269,0.1764,0,-0.05
5.44281,3.4331,0.264,0.1764,0,-0.05
5.45985,3.43766,0.259,0.1764,0,-0.05
5.47691,3.44213,0.254,0.1764,0,-0.05
5.494,3.44652,0.249,0.1764,0,-0.05
5.51111,3.45083,0.244,0.1764,0,-0.05
5.52823,3.45505,0.239,0.1764,0,-0.05
5.54538,3.45918,0.234,0.1764,0,-0.05
5.56255,3.46323,0.229,0.1764,0,-0.05
5.57974,3.46719,0.224,0.1764,0,-0.05
5.59695,3.47106,0.219,0.1764,0,-0.05
5.61418,3.47485,0.214,0.1764,0,-0.05
5.63143,3.47855,0.209,0.1764,0,-0.05
5.64869,3.48217,0.204,0.1764,0,-0.05
5.66598,3.4857,0.199,0.1764,0,-0.05
5.68328,3.48915,0.194,0.1764,0,-0.05
5.70059,3.4925,0.189,0.1764,0,-0.05
5.71793,3.49577,0.184,0.1764,0,-0.05
5.73528,3.49896,0.179,0.1764,0,-0.05
5.75264,3.50206,0.174,0.1764,0,-0.05
5.77002,3.50507,0.169,0.1764,0,-0.05
5.78742,3.50799,0.164,0.1764,0,-0.05
5.80483,3.51083,0.159,0.1764,0,-0.05
5.82226,3.51358,0.154,0.1764,0,-0.05
5.83969,3.51624,0.149,0.1764,0,-0.05
5.85714,3.51881,0.144,0.1764,0,-0.05
5.87461,3.5213,0.139,0.1764,0,-0.05
5.89208,3.5237,0.134,0.1764,0,-0.05
5.90957,3.52601,0.129,0.1764,0,-0.05
5.92707,3.52824,0.124,0.1764,0,-0.05
5.94458,3.53038,0.119,0.1764,0,-0.05
5.9621,3.53243,0.114,0.1764,0,-0.05
5.97963,3.53439,0.109,0.1764,0,-0.05
5.99717,3.53627,0.104,0.1764,0,-0.05
6.01472,3.53805,0.099,0.1764,0,-0.05
6.03228,3.53975,0.094,0.1764,0,-0.05
6.04984,3.54136,0.089,0.1764,0,-0.05
6.06742,3.54289,0.084,0.1764,0,-0.05
6.085,3.54432,0.079,0.1764,0,-0.05
6.10259,3.54567,0.074,0.1764,0,-0.05
6.12018,3.54693,0.069,0.1764,0,-0.05
6.13778,3.54811,0.064,0.1764,0,-0.05
6.15539,3.54919,0.059,0.1764,0,-0.05
6.173,3.55019,0.054,0.1764,0,-0.05
6.19062,3.55109,0.049,0.1764,0,-0.05
6.20824,3.55191,0.044,0.1764,0,-0.05
6.22587,3.55265,0.039,0.1764,0,-0.05
6.24349,3.55329,0.034,0.1764,0,-0.05
6.26112,3.55384,0.029,0.1764,0,-0.05
6.27876,3.55431,0.024,0.0432,0,-0.072
6.28308,3.5544,0.0168,0.0432,0,-0.072
6.2874,3.55446,0.0096,0.0432,0,-0.072
6.29172,3.55448,0.0024,0.0432,0,-0.072
6.29604,3.55448,-0.0048,0.0432,0,-0.072
6.30036,3.55444,-0.012,0.0432,0,-0.072
6.30468,3.55437,-0.0192,0.0432,0,-0.072
6.309,3.55428,-0.0264,0.0432,0,-0.072
6.31331,3.55415,-0.0336,0.0432,0,-0.072
6.31763,3.55399,-0.0408,0.0432,0,-0.072
6.32195,3.55379,-0.048,0.0432,0,-0.072
6.32626,3.55357,-0.0552,0.0432,0,-0.072
6.33057,3.55332,-0.0624,0.0432,0,-0.072
6.33488,3.55303,-0.0696,0.0432,0,-0.072
6.33919,3.55272,-0.0768,0.0432,0,-0.072
6.3435,3.55237,-0.084,0.0432,0,-0.072
6.3478,3.55199,-0.0912,0.0432,0,-0.072
6.3521,3.55158,-0.0984,0.0432,0,-0.072
6.3564,3.55114,-0.1056,0.0432,0,-0.072
6.36069,3.55067,-0.1128,0.0432,0,-0.072
6.36498,3.55017,-0.12,0.0432,0,-0.072
6.36927,3.54964,-0.1272,0.0432,0,-0.072
6.37355,3.54907,-0.1344,0.0432,0,-0.072
6.37783,3.54848,-0.1416,0.0432,0,-0.072
6.38211,3.54785,-0.1488,0.0432,0,-0.072
6.38638,3.5472,-0.156,0.0432,0,-0.072
6.39064,3.54651,-0.1632,0.0432,0,-0.072
6.3949,3.5458,-0.1704,0.0432,0,-0.072
6.39916,3.54505,-0.1776,0.0432,0,-0.072
6.40341,3.54427,-0.1848,0.0432,0,-0.072
6.40765,3.54346,-0.192,0.0432,0,-0.072
6.41189,3.54262,-0.1992,0.0432,0,-0.072
6.41612,3.54175,-0.2064,0.0432,0,-0.072
6.42034,3.54085,-0.2136,0.0432,0,-0.072
6.42456,3.53992,-0.2208,0.0432,0,-0.072
6.42877,3.53896,-0.228,0.0432,0,-0.072
6.43298,3.53797,-0.2352,0.0432,0,-0.072
6.43718,3.53694,-0.2424,0.0432,0,-0.072
6.44137,3.53589,-0.2496,0.0432,0,-0.072
6.44555,3.53481,-0.2568,0.0432,0,-0.072
6.44972,3.5337,-0.264,0.0432,0,-0.072
6.45389,3.53255,-0.2712,0.0432,0,-0.072
6.45805,3.53138,-0.2784,0.0432,0,-0.072
6.4622,3.53018,-0.2856,0.0432,0,-0.072
6.46634,3.52895,-0.2928,0.0432,0,-0.072
6.47047,3.52769,-0.3,0.0432,0,-0.072
6.47459,3.5264,-0.3072,0.0432,0,-0.072
6.4787,3.52507,-0.3144,0.0432,0,-0.072
6.48281,3.52372,-0.3216,0.0432,0,-0.072
6.4869,3.52234,-0.3288,0.0432,0,-0.072
6.49099,3.52093,-0.336,0.0432,0,-0.072
6.49506,3.51949,-0.3432,0.0432,0,-0.072
6.49912,3.51803,-0.3504,0.0432,0,-0.072
6.50317,3.51653,-0.3576,0.0432,0,-0.072
6.50721,3.515,-0.3648,0.0432,0,-0.072
6.51124,3.51345,-0.372,0.0432,0,-0.072
6.51526,3.51186,-0.3792,0.0432,0,-0.072
6.51927,3.51025,-0.3864,0.0432,0,-0.072
6.52327,3.50861,-0.3936,0.0432,0,-0.072
6.52725,3.50693,-0.4008,0.0432,0,-0.072
6.53122,3.50523,-0.408,0.0432,0,-0.072
6.53518,3.50351,-0.4152,0.0432,0,-0.072
6.53913,3.50175,-0.4224,0.0432,0,-0.072
6.54306,3.49996,-0.4296,0.0432,0,-0.072
6.54698,3.49815,-0.4368,0.0432,0,-0.072
6.55089,3.49631,-0.444,0.0432,0,-0.072
6.55478,3.49444,-0.4512,0.0432,0,-0.072
6.55867,3.49254,-0.4584,0.0432,0,-0.072
6.56253,3.49062,-0.4656,0.0432,0,-0.072
6.56639,3.48866,-0.4728,0.0432,0,-0.072
6.57022,3.48668,-0.48,0.0432,0,-0.072
6.57405,3.48467,-0.4872,0.0432,0,-0.072
6.57786,3.48264,-0.4944,0.0432,0,-0.072
6.58165,3.48057,-0.5016,0.0432,0,-0.072
6.58543,3.47848,-0.5088,0.0432,0,-0.072
6.5892,3.47636,-0.516,0.0432,0,-0.072
6.59295,3.47422,-0.5232,0.0432,0,-0.072
6.59668,3.47205,-0.5304,0.0432,0,-0.072
6.6004,3.46985,-0.5376,0.0432,0,-0.072
6.60411,3.46762,-0.5448,0.0432,0,-0.072
6.60779,3.46537,-0.552,0.0432,0,-0.072
6.61146,3.46309,-0.5592,0.0432,0,-0.072
6.61512,3.46079,-0.5664,0.0432,0,-0.072
6.61875,3.45846,-0.5736,0.0432,0,-0.072
6.62237,3.4561,-0.5808,0.0432,0,-0.072
6.62598,3.45372,-0.588,0.0432,0,-0.072
6.62956,3.45131,-0.5952,0.0432,0,-0.072
6.63313,3.44887,-0.6024,0.0432,0,-0.072
6.63668,3.44641,-0.6096,0.0432,0,-0.072
6.64021,3.44392,-0.6168,0.0432,0,-0.072
6.64373,3.44141,-0.624,0.0432,0,-0.072
6.64723,3.43888,-0.6312,0.0432,0,-0.072
6.6507,3.43631,-0.6384,0.0432,0,-0.072
6.65416,3.43373,-0.6456,0.0432,0,-0.072
6.6576,3.43112,-0.6528,0.0432,0,-0.072
6.66103,3.42848,-0.66,0.0432,0,-0.072
6.66443,3.42582,-0.6672,0.0432,0,-0.072
6.66781,3.42313,-0.6744,0.0432,0,-0.072
6.67118,3.42042,-0.6816,0.0432,0,-0.072
6.67452,3.41769,-0.6888,0.0432,0,-0.072
6.67785,3.41493,-0.696,0.0432,0,-0.072
6.68115,3.41215,-0.7032,0.0432,0,-0.072
6.68444,3.40935,-0.7104,0.0432,0,-0.072
6.6877,3.40652,-0.7176,0.0432,0,-0.072
6.69095,3.40366,-0.7248,0.0432,0,-0.072
6.69417,3.40079,-0.732,0.0432,0,-0.072
6.69738,3.39789,-0.7392,0.0432,0,-0.072
6.70056,3.39497,-0.7464,0.0432,0,-0.072
6.70372,3.39202,-0.7536,0.0432,0,-0.072
6.70686,3.38906,-0.7608,0.0432,0,-0.072
6.70998,3.38607,-0.768,0.0432,0,-0.072
6.71307,3.38305,-0.7752,0.0432,0,-0.072
6.71615,3.38002,-0.7824,0.0432,0,-0.072
6.7192,3.37696,-0.7896,0.0432,0,-0.072
6.72223,3.37388,-0.7968,0.0432,0,-0.072
6.72524,3.37078,-0.804,0.0432,0,-0.072
6.72823,3.36766,-0.8112,0.0432,0,-0.072
6.73119,3.36452,-0.8184,0.0432,0,-0.072
6.73413,3.36135,-0.8256,0.0432,0,-0.072
6.73705,3.35817,-0.8328,0.0432,0,-0.072
6.73994,3.35496,-0.84,0.0432,0,-0.072
6.74281,3.35174,-0.8472,0.0432,0,-0.072
6.74566,3.34849,-0.8544,0.0432,0,-0.072
6.74849,3.34522,-0.8616,0.0432,0,-0.072
6.75129,3.34193,-0.8688,0.0432,0,-0.072
6.75407,3.33862,-0.876,0.0432,0,-0.072
6.75682,3.33529,-0.8832,0.0432,0,-0.072
6.75955,3.33195,-0.8904,0.0432,0,-0.072
6.76226,3.32858,-0.8976,0.0432,0,-0.072
6.76494,3.32519,-0.9048,0.0432,0,-0.072
6.76759,3.32178,-0.912,0.0432,0,-0.072
6.77023,3.31836,-0.9192,0.0432,0,-0.072
6.77283,3.31491,-0.9264,0.0432,0,-0.072
6.77542,3.31145,-0.9336,0.0432,0,-0.072
6.77797,3.30797,-0.9408,0.0432,0,-0.072
6.78051,3.30447,-0.948,0.0432,0,-0.072
6.78301,3.30095,-0.9552,0.0432,0,-0.072
6.7855,3.29742,-0.9624,0.0432,0,-0.072
6.78795,3.29386,-0.9696,0.0432,0,-0.072
6.79038,3.29029,-0.9768,0.0432,0,-0.072
6.79279,3.2867,-0.984,0.0432,0,-0.072
6.79517,3.2831,-0.9912,0.0432,0,-0.072
6.79752,3.27947,-0.9984,0.0432,0,-0.072
6.79985,3.27583,-1.0056,0.0432,0,-0.072
6.80215,3.27218,-1.0128,0.0432,0,-0.072
6.80442,3.2685,-1.02,0.0432,0,-0.072
6.80667,3.26482,-1.0272,0.0432,0,-0.072
6.80889,3.26111,-1.0344,0.0432,0,-0.072
6.81108,3.25739,-1.0416,0.0432,0,-0.072
