3.14159,0,1,0
3.1417,0.0243705,1.00008,0.0163227
3.14205,0.0468887,1.00032,0.0300727
3.14254,0.0526614,1.00071,0.052499
3.14312,0.064816,1.00132,0.0695511
3.14388,0.0866441,1.00208,0.0870174
3.14484,0.102211,1.00306,0.108131
3.14598,0.121737,1.00426,0.134046
3.14732,0.144423,1.00566,0.140643
3.14888,0.168126,1.00715,0.159341
3.15069,0.192515,1.00885,0.178828
3.15267,0.204999,1.0107,0.192848
3.15267,0.204999,1.0107,0.192848
3.15474,0.210376,1.01266,0.196107
3.15689,0.214637,1.01469,0.211434
3.15905,0.220733,1.01687,0.225436
3.16129,0.231438,1.01919,0.237108
3.16365,0.240787,1.0216,0.246188
3.16608,0.244976,1.02415,0.263329
3.16861,0.257938,1.02682,0.267903
3.17123,0.267996,1.02953,0.271457
3.17393,0.275751,1.03225,0.27804
3.17675,0.285134,1.03508,0.28771
3.1796,0.286309,1.03796,0.292048
3.1796,0.286309,1.03796,0.292048
3.18252,0.293823,1.04092,0.296744
3.1855,0.299105,1.04391,0.298429
3.18857,0.31075,1.04691,0.304025
3.19166,0.309558,1.04995,0.304758
3.1948,0.316049,1.05303,0.309029
3.19797,0.31717,1.05614,0.307419
3.20117,0.324556,1.05926,0.318668
3.20444,0.325397,1.06248,0.325829
3.20766,0.318508,1.06577,0.328328
3.21087,0.324714,1.06909,0.331942
3.21414,0.326909,1.07242,0.333513
3.21742,0.332501,1.07582,0.343488
3.22077,0.334917,1.07931,0.353251
3.22408,0.332769,1.08288,0.362736
3.22737,0.32805,1.08654,0.371908
3.23071,0.337899,1.09026,0.368026
3.23412,0.342336,1.09398,0.375854
3.23758,0.3476,1.09779,0.385037
3.24107,0.348387,1.10171,0.397714
3.2446,0.352709,1.10567,0.396049
3.24815,0.35685,1.10966,0.402384
3.25174,0.361209,1.11367,0.401786
3.25541,0.371844,1.1177,0.402104
3.25913,0.375207,1.1217,0.39762
3.26286,0.373941,1.12565,0.394784
3.26661,0.374573,1.1296,0.396275
3.27041,0.382051,1.1336,0.403478
3.27425,0.387686,1.13768,0.413183
3.2781,0.382003,1.1418,0.413495
3.28192,0.382779,1.14596,0.418015
3.28581,0.393574,1.15013,0.418216
3.28973,0.392955,1.15432,0.415948
3.29365,0.392658,1.15848,0.416623
3.29761,0.398577,1.16261,0.409432
3.30159,0.401728,1.16673,0.415032
3.30566,0.410638,1.17089,0.415698
3.30971,0.39993,1.17508,0.423949
3.31372,0.400265,1.17931,0.423134
3.31772,0.400202,1.18351,0.418256
3.32178,0.410577,1.18769,0.415842
3.32585,0.403667,1.19184,0.414936
3.32984,0.396264,1.19601,0.419831
3.33381,0.393343,1.20023,0.423291
3.33772,0.391872,1.20445,0.421645
3.34166,0.396334,1.20864,0.419474
3.34561,0.397344,1.21282,0.4193
3.34962,0.402924,1.21708,0.434526
3.35371,0.41193,1.22146,0.440332
3.35783,0.414177,1.22585,0.441237
3.36196,0.411456,1.2303,0.447877
3.36603,0.407544,1.23482,0.45712
3.37013,0.411153,1.23939,0.458128
3.37419,0.400856,1.24396,0.457606
3.3782,0.403926,1.24855,0.456339
3.3822,0.399784,1.25311,0.455616
3.38625,0.411585,1.25771,0.465253
3.39035,0.413357,1.26233,0.462624
3.39449,0.413697,1.26702,0.471254
3.39858,0.405543,1.27179,0.482572
3.40271,0.415528,1.27666,0.485708
3.40687,0.416436,1.28156,0.490559
3.41105,0.415907,1.28646,0.493705
3.4152,0.412301,1.29139,0.4928
3.41929,0.409971,1.29632,0.494198
3.4234,0.410386,1.30129,0.497026
3.42752,0.411767,1.30627,0.497938
3.43163,0.408093,1.3113,0.506523
3.43573,0.412194,1.31636,0.505328
3.43983,0.408143,1.32142,0.505904
3.44392,0.410335,1.3265,0.508898
3.44798,0.403157,1.33158,0.509274
3.45203,0.407235,1.33666,0.501704
3.45613,0.414526,1.34171,0.505973
3.46032,0.417942,1.34678,0.509512
3.46447,0.415467,1.35194,0.521237
3.46858,0.408612,1.35716,0.526734
3.47268,0.413112,1.3624,0.525872
3.47682,0.414138,1.36769,0.530877
3.48101,0.420915,1.37301,0.532883
3.48521,0.416736,1.37832,0.530189
3.48937,0.413497,1.38371,0.544773
3.49353,0.41714,1.38914,0.5442
3.4977,0.416135,1.39458,0.543176
3.50187,0.417746,1.40004,0.54811
3.50608,0.42147,1.40556,0.557957
3.51027,0.418691,1.41114,0.558323
3.51446,0.419241,1.41679,0.571485
3.51868,0.42613,1.42256,0.580813
3.52296,0.428839,1.42838,0.588897
3.52728,0.433858,1.43429,0.594339
3.53161,0.428769,1.44029,0.605366
3.53589,0.430162,1.44639,0.613167
3.54019,0.429314,1.45252,0.61673
3.5444,0.411386,1.45867,0.615887
3.54848,0.402221,1.46484,0.620089
3.55245,0.39243,1.47105,0.621326
3.5564,0.399273,1.47727,0.620345
3.56041,0.401081,1.48345,0.615294
3.5644,0.398134,1.48962,0.621334
3.56838,0.394686,1.49587,0.628087
3.57236,0.401906,1.50225,0.647827
3.57637,0.397247,1.50869,0.643731
3.58032,0.392526,1.51515,0.651998
3.58427,0.396045,1.52168,0.655134
3.58825,0.396854,1.52828,0.661615
3.59219,0.392726,1.5349,0.663464
3.59609,0.387796,1.54155,0.666847
3.6,0.390391,1.54825,0.67167
3.60388,0.379956,1.55505,0.685136
3.60765,0.373947,1.56196,0.696403
3.60765,0.373947,1.56196,0.696403
3.61135,0.368506,1.56901,0.712273
3.61505,0.372208,1.57619,0.726015
3.61878,0.377007,1.58346,0.729616
3.62256,0.377456,1.59085,0.742609
3.62635,0.380588,1.59827,0.745512
3.63015,0.377193,1.60579,0.759512
3.63393,0.374616,1.61342,0.765794
3.63765,0.372813,1.62111,0.773688
3.64133,0.362416,1.6289,0.779862
3.64495,0.363895,1.63669,0.78196
3.64858,0.364687,1.64452,0.781198
3.65229,0.376826,1.65239,0.793539
3.65602,0.369816,1.66036,0.800105
3.65968,0.36421,1.6684,0.807376
3.66327,0.355518,1.67651,0.817685
3.66683,0.359029,1.68468,0.814157
3.67046,0.367376,1.69279,0.80968
3.67413,0.367461,1.70082,0.796939
3.67784,0.377425,1.7088,0.798606
3.68161,0.377621,1.7168,0.803703
3.6854,0.383683,1.72487,0.80821
3.68923,0.379875,1.73296,0.811506
3.69305,0.383404,1.74109,0.815021
3.69687,0.381415,1.74922,0.810753
3.70068,0.377885,1.75737,0.81587
3.70444,0.370362,1.76558,0.825599
3.70814,0.369322,1.77386,0.829569
3.71182,0.368996,1.78214,0.828819
3.71553,0.373589,1.79042,0.82904
3.71927,0.371642,1.79869,0.824698
3.72293,0.360767,1.8069,0.816796
3.72652,0.354382,1.81508,0.820054
3.73002,0.350216,1.82328,0.820158
3.73348,0.339107,1.8315,0.825762
3.73684,0.33552,1.83978,0.828813
3.7402,0.335948,1.84803,0.822016
3.74353,0.331073,1.85629,0.830182
3.74682,0.330397,1.86465,0.839937
3.75012,0.329644,1.87308,0.847238
3.75338,0.325818,1.88158,0.848254
3.75664,0.324321,1.89011,0.857895
3.75985,0.319738,1.8987,0.862222
3.76304,0.318732,1.90732,0.862467
3.76619,0.310041,1.91596,0.858152
3.76927,0.311956,1.92453,0.851535
3.77237,0.308385,1.9331,0.862291
3.77545,0.30842,1.94177,0.877435
3.7785,0.301955,1.95062,0.892626
3.7815,0.299896,1.95955,0.894513
3.78445,0.293453,1.96853,0.901042
