3.14159,0,0,0,-0.06
3.14159,-0.00059999,-3e-06,-0.0006,-0.06
3.14158,-0.00119992,-1.2e-05,-0.0012,-0.06
3.14157,-0.00179973,-2.7e-05,-0.0018,-0.06
3.14154,-0.00239936,-4.8e-05,-0.0024,-0.06
3.14152,-0.00299875,-7.5e-05,-0.003,-0.06
3.14148,-0.00359784,-0.000108,-0.0036,-0.06
3.14145,-0.00419657,-0.000147,-0.0042,-0.06
3.1414,-0.00479488,-0.000192,-0.0048,-0.06
3.14135,-0.00539271,-0.000243,-0.0054,-0.06
3.14129,-0.00599,-0.0003,-0.006,-0.06
3.14123,-0.0065867,-0.000363,-0.0066,-0.06
3.14116,-0.00718273,-0.000432,-0.0072,-0.06
3.14109,-0.00777805,-0.000507,-0.0078,-0.06
3.14101,-0.00837259,-0.000588,-0.0084,-0.06
3.14092,-0.00896629,-0.000675,-0.009,-0.06
3.14083,-0.00955909,-0.000768,-0.0096,-0.06
3.14073,-0.0101509,-0.000867,-0.0102,-0.06
3.14062,-0.0107418,-0.000972,-0.0108,-0.06
3.14051,-0.0113315,-0.001083,-0.0114,-0.06
3.1404,-0.0119202,-0.0012,-0.012,-0.06
3.14027,-0.0125076,-0.001323,-0.0126,-0.06
3.14015,-0.0130938,-0.001452,-0.0132,-0.06
3.14001,-0.0136786,-0.001587,-0.0138,-0.06
3.13987,-0.0142622,-0.001728,-0.0144,-0.06
3.13973,-0.0148442,-0.001875,-0.015,-0.06
3.13958,-0.0154248,-0.002028,-0.0156,-0.06
3.13942,-0.0160039,-0.002187,-0.0162,-0.06
3.13926,-0.0165813,-0.002352,-0.0168,-0.06
3.13909,-0.0171571,-0.002523,-0.0174,-0.06
3.13891,-0.0177312,-0.0027,-0.018,-0.06
3.13873,-0.0183035,-0.002883,-0.0186,-0.06
3.13855,-0.018874,-0.003072,-0.0192,-0.06
3.13836,-0.0194426,-0.003267,-0.0198,-0.06
3.13816,-0.0200092,-0.003468,-0.0204,-0.06
3.13796,-0.0205738,-0.003675,-0.021,-0.06
3.13775,-0.0211364,-0.003888,-0.0216,-0.06
3.13753,-0.0216969,-0.004107,-0.0222,-0.06
3.13731,-0.0222552,-0.004332,-0.0228,-0.06
3.13709,-0.0228113,-0.004563,-0.0234,-0.06
3.13686,-0.023365,-0.0048,-0.024,-0.06
3.13662,-0.0239165,-0.005043,-0.0246,-0.06
3.13638,-0.0244656,-0.005292,-0.0252,-0.06
3.13613,-0.0250122,-0.005547,-0.0258,-0.06
3.13588,-0.0255563,-0.005808,-0.0264,-0.06
3.13562,-0.0260978,-0.006075,-0.027,-0.06
3.13536,-0.0266368,-0.006348,-0.0276,-0.06
3.13509,-0.0271731,-0.006627,-0.0282,-0.06
3.13481,-0.0277066,-0.006912,-0.0288,-0.06
3.13453,-0.0282374,-0.007203,-0.0294,-0.06
3.13425,-0.0287654,-0.0075,-0.03,-0.06
3.13396,-0.0292905,-0.007803,-0.0306,-0.06
3.13366,-0.0298126,-0.008112,-0.0312,-0.06
3.13336,-0.0303318,-0.008427,-0.0318,-0.06
3.13306,-0.0308479,-0.008748,-0.0324,-0.06
3.13274,-0.031361,-0.009075,-0.033,-0.06
3.13243,-0.0318709,-0.009408,-0.0336,-0.06
3.13211,-0.0323776,-0.009747,-0.0342,-0.06
3.13178,-0.0328811,-0.010092,-0.0348,-0.06
3.13145,-0.0333813,-0.010443,-0.0354,-0.06
3.13111,-0.0338782,-0.0108,-0.036,-0.06
3.13077,-0.0343716,-0.011163,-0.0366,-0.06
3.13043,-0.0348617,-0.011532,-0.0372,-0.06
3.13007,-0.0353482,-0.011907,-0.0378,-0.06
3.12972,-0.0358312,-0.012288,-0.0384,-0.06
3.12936,-0.0363106,-0.012675,-0.039,-0.06
3.12899,-0.0367864,-0.013068,-0.0396,-0.06
3.12862,-0.0372585,-0.013467,-0.0402,-0.06
3.12825,-0.0377269,-0.013872,-0.0408,-0.06
3.12787,-0.0381915,-0.014283,-0.0414,-0.06
3.12748,-0.0386523,-0.0147,-0.042,-0.06
3.12709,-0.0391092,-0.015123,-0.0426,-0.06
3.1267,-0.0395622,-0.015552,-0.0432,-0.06
3.1263,-0.0400112,-0.015987,-0.0438,-0.06
3.1259,-0.0404562,-0.016428,-0.0444,-0.06
3.12549,-0.0408972,-0.016875,-0.045,-0.06
3.12508,-0.0413341,-0.017328,-0.0456,-0.06
3.12467,-0.0417669,-0.017787,-0.0462,-0.06
3.12425,-0.0421954,-0.018252,-0.0468,-0.06
3.12382,-0.0426198,-0.018723,-0.0474,-0.06
3.1234,-0.0430399,-0.0192,-0.048,-0.06
3.12296,-0.0434556,-0.019683,-0.0486,-0.06
3.12253,-0.0438671,-0.020172,-0.0492,-0.06
3.12209,-0.0442741,-0.020667,-0.0498,-0.06
3.12164,-0.0446767,-0.021168,-0.0504,-0.06
3.12119,-0.0450748,-0.021675,-0.051,-0.06
3.12074,-0.0454685,-0.022188,-0.0516,-0.06
3.12028,-0.0458575,-0.022707,-0.0522,-0.06
3.11982,-0.046242,-0.023232,-0.0528,-0.06
3.11936,-0.0466219,-0.023763,-0.0534,-0.06
3.11889,-0.046997,-0.0243,-0.054,-0.06
3.11842,-0.0473675,-0.024843,-0.0546,-0.06
3.11794,-0.0477332,-0.025392,-0.0552,-0.06
3.11746,-0.0480942,-0.025947,-0.0558,-0.06
3.11698,-0.0484503,-0.026508,-0.0564,-0.06
3.11649,-0.0488016,-0.027075,-0.057,-0.06
3.116,-0.049148,-0.027648,-0.0576,-0.06
3.11551,-0.0494895,-0.028227,-0.0582,-0.06
3.11501,-0.049826,-0.028812,-0.0588,-0.06
3.11451,-0.0501576,-0.029403,-0.0594,-0.06
3.11401,-0.0504841,-0.03,-0.06,-0.06
3.11351,-0.0508056,-0.030603,-0.0606,-0.06
3.113,-0.0511219,-0.031212,-0.0612,-0.06
3.11248,-0.0514332,-0.031827,-0.0618,-0.06
3.11197,-0.0517393,-0.032448,-0.0624,-0.06
3.11145,-0.0520402,-0.033075,-0.063,-0.06
3.11093,-0.0523359,-0.033708,-0.0636,-0.06
3.1104,-0.0526264,-0.034347,-0.0642,-0.06
3.10987,-0.0529116,-0.034992,-0.0648,-0.06
3.10934,-0.0531915,-0.035643,-0.0654,-0.06
3.10881,-0.0534661,-0.0363,-0.066,-0.06
3.10827,-0.0537353,-0.036963,-0.0666,-0.06
3.10773,-0.0539992,-0.037632,-0.0672,-0.06
3.10719,-0.0542576,-0.038307,-0.0678,-0.06
3.10665,-0.0545106,-0.038988,-0.0684,-0.06
3.1061,-0.0547582,-0.039675,-0.069,-0.06
3.10555,-0.0550002,-0.040368,-0.0696,-0.06
3.105,-0.0552368,-0.041067,-0.0702,-0.06
3.10445,-0.0554678,-0.041772,-0.0708,-0.06
3.10389,-0.0556933,-0.042483,-0.0714,-0.06
3.10334,-0.0559131,-0.0432,-0.072,-0.06
3.10278,-0.0561274,-0.043923,-0.0726,-0.06
3.10221,-0.0563361,-0.044652,-0.0732,-0.06
3.10165,-0.0565391,-0.045387,-0.0738,-0.06
3.10108,-0.0567365,-0.046128,-0.0744,-0.06
3.10051,-0.0569281,-0.046875,-0.075,-0.06
3.09994,-0.0571141,-0.047628,-0.0756,-0.06
3.09937,-0.0572944,-0.048387,-0.0762,-0.06
3.0988,-0.0574689,-0.049152,-0.0768,-0.06
3.09822,-0.0576376,-0.049923,-0.0774,-0.06
3.09765,-0.0578006,-0.0507,-0.078,-0.06
3.09707,-0.0579578,-0.051483,-0.0786,-0.06
3.09649,-0.0581092,-0.052272,-0.0792,-0.06
3.0959,-0.0582548,-0.053067,-0.0798,-0.06
3.09532,-0.0583945,-0.053868,-0.0804,-0.06
3.09474,-0.0585284,-0.054675,-0.081,-0.06
3.09415,-0.0586564,-0.055488,-0.0816,-0.06
3.09356,-0.0587786,-0.056307,-0.0822,-0.06
3.09298,-0.0588948,-0.057132,-0.0828,-0.06
3.09239,-0.0590052,-0.057963,-0.0834,-0.06
3.0918,-0.0591096,-0.0588,-0.084,-0.06
3.0912,-0.0592082,-0.059643,-0.0846,-0.06
3.09061,-0.0593008,-0.060492,-0.0852,-0.06
3.09002,-0.0593874,-0.061347,-0.0858,-0.06
3.08942,-0.0594681,-0.062208,-0.0864,-0.06
3.08883,-0.0595429,-0.063075,-0.087,-0.06
3.08823,-0.0596116,-0.063948,-0.0876,-0.06
3.08764,-0.0596745,-0.064827,-0.0882,-0.06
3.08704,-0.0597313,-0.065712,-0.0888,-0.06
3.08644,-0.0597821,-0.066603,-0.0894,-0.06
3.08584,-0.059827,-0.0675,-0.09,-0.62
3.08522,-0.065457,-0.068431,-0.0962,-0.62
3.08453,-0.0710802,-0.069424,-0.1024,-0.62
3.0838,-0.0766961,-0.070479,-0.1086,-0.62
3.083,-0.082304,-0.071596,-0.1148,-0.62
3.08215,-0.0879034,-0.072775,-0.121,-0.62
3.08124,-0.0934937,-0.074016,-0.1272,-0.62
3.08028,-0.0990744,-0.075319,-0.1334,-0.62
3.07926,-0.104645,-0.076684,-0.1396,-0.62
3.07819,-0.110204,-0.078111,-0.1458,-0.62
3.07706,-0.115752,-0.0796,-0.152,-0.62
3.07587,-0.121288,-0.081151,-0.1582,-0.62
3.07463,-0.126812,-0.082764,-0.1644,-0.62
3.07334,-0.132322,-0.084439,-0.1706,-0.62
3.07198,-0.137819,-0.086176,-0.1768,-0.62
3.07058,-0.143301,-0.087975,-0.183,-0.62
3.06912,-0.148768,-0.089836,-0.1892,-0.62
3.0676,-0.15422,-0.091759,-0.1954,-0.62
3.06603,-0.159656,-0.093744,-0.2016,-0.62
3.06441,-0.165075,-0.095791,-0.2078,-0.62
3.06273,-0.170477,-0.0979,-0.214,-0.62
3.061,-0.17586,-0.100071,-0.2202,-0.62
3.05922,-0.181226,-0.102304,-0.2264,-0.62
3.05738,-0.186573,-0.104599,-0.2326,-0.62
3.05548,-0.1919,-0.106956,-0.2388,-0.62
3.05354,-0.197206,-0.109375,-0.245,-0.62
3.05154,-0.202492,-0.111856,-0.2512,-0.62
3.04949,-0.207757,-0.114399,-0.2574,-0.62
3.04739,-0.213,-0.117004,-0.2636,-0.62
3.04523,-0.218221,-0.119671,-0.2698,-0.62
3.04302,-0.223418,-0.1224,-0.276,-0.62
3.04076,-0.228592,-0.125191,-0.2822,-0.62
3.03845,-0.233742,-0.128044,-0.2884,-0.62
3.03609,-0.238867,-0.130959,-0.2946,-0.62
3.03367,-0.243967,-0.133936,-0.3008,-0.62
3.03121,-0.24904,-0.136975,-0.307,-0.62
3.02869,-0.254088,-0.140076,-0.3132,-0.62
3.02613,-0.259108,-0.143239,-0.3194,-0.62
3.02351,-0.264101,-0.146464,-0.3256,-0.62
3.02084,-0.269065,-0.149751,-0.3318,-0.62
3.01813,-0.274001,-0.1531,-0.338,-0.62
3.01536,-0.278908,-0.156511,-0.3442,-0.62
3.01255,-0.283784,-0.159984,-0.3504,-0.62
3.00969,-0.288631,-0.163519,-0.3566,-0.62
3.00678,-0.293446,-0.167116,-0.3628,-0.62
3.00382,-0.29823,-0.170775,-0.369,-0.62
3.00081,-0.302982,-0.174496,-0.3752,-0.62
2.99776,-0.307701,-0.178279,-0.3814,-0.62
2.99466,-0.312387,-0.182124,-0.3876,-0.62
2.99151,-0.317039,-0.186031,-0.3938,-0.62
2.98832,-0.321657,-0.19,-0.4,-0.62
2.98508,-0.32624,-0.194031,-0.4062,-0.62
2.98179,-0.330787,-0.198124,-0.4124,-0.62
2.97846,-0.335299,-0.202279,-0.4186,-0.62
2.97509,-0.339774,-0.206496,-0.4248,-0.62
2.97167,-0.344213,-0.210775,-0.431,-0.62
2.9682,-0.348613,-0.215116,-0.4372,-0.62
2.9647,-0.352976,-0.219519,-0.4434,-0.62
2.96114,-0.3573,-0.223984,-0.4496,-0.62
2.95755,-0.361585,-0.228511,-0.4558,-0.62
2.95391,-0.365831,-0.2331,-0.462,-0.62
2.95023,-0.370036,-0.237751,-0.4682,-0.62
2.94651,-0.3742,-0.242464,-0.4744,-0.62
2.94275,-0.378323,-0.247239,-0.4806,-0.62
2.93895,-0.382405,-0.252076,-0.4868,-0.62
2.9351,-0.386444,-0.256975,-0.493,-0.62
2.93122,-0.390441,-0.261936,-0.4992,-0.62
2.92729,-0.394394,-0.266959,-0.5054,-0.62
2.92333,-0.398304,-0.272044,-0.5116,-0.62
2.91933,-0.402169,-0.277191,-0.5178,-0.62
2.91529,-0.40599,-0.2824,-0.524,-0.62
2.91121,-0.409765,-0.287671,-0.5302,-0.62
2.90709,-0.413495,-0.293004,-0.5364,-0.62
2.90294,-0.417179,-0.298399,-0.5426,-0.62
2.89875,-0.420815,-0.303856,-0.5488,-0.62
2.89452,-0.424405,-0.309375,-0.555,-0.62
2.89026,-0.427947,-0.314956,-0.5612,-0.62
2.88596,-0.431442,-0.320599,-0.5674,-0.62
2.88163,-0.434887,-0.326304,-0.5736,-0.62
2.87727,-0.438284,-0.332071,-0.5798,-0.62
2.87287,-0.441631,-0.3379,-0.586,-0.62
2.86843,-0.444929,-0.343791,-0.5922,-0.62
2.86397,-0.448176,-0.349744,-0.5984,-0.62
2.85947,-0.451372,-0.355759,-0.6046,-0.62
2.85494,-0.454518,-0.361836,-0.6108,-0.62
2.85038,-0.457611,-0.367975,-0.617,-0.62
2.84579,-0.460653,-0.374176,-0.6232,-0.62
2.84117,-0.463642,-0.380439,-0.6294,-0.62
2.83652,-0.466579,-0.386764,-0.6356,-0.62
2.83183,-0.469462,-0.393151,-0.6418,-0.62
2.82713,-0.472292,-0.3996,-0.648,-0.62
2.82239,-0.475068,-0.406111,-0.6542,-0.62
2.81762,-0.477789,-0.412684,-0.6604,-0.62
2.81283,-0.480456,-0.419319,-0.6666,-0.62
2.80802,-0.483068,-0.426016,-0.6728,-0.62
2.80317,-0.485624,-0.432775,-0.679,-0.62
2.7983,-0.488124,-0.439596,-0.6852,-0.62
2.79341,-0.490569,-0.446479,-0.6914,-0.62
2.78849,-0.492956,-0.453424,-0.6976,-0.62
2.78355,-0.495287,-0.460431,-0.7038,-0.62
2.77859,-0.497561,-0.4675,-0.71,-0.62
2.7736,-0.499777,-0.474631,-0.7162,-0.62
2.76859,-0.501936,-0.481824,-0.7224,-0.62
2.76356,-0.504036,-0.489079,-0.7286,-0.62
2.75851,-0.506079,-0.496396,-0.7348,-0.62
2.75344,-0.508062,-0.503775,-0.741,-0.62
2.74835,-0.509986,-0.511216,-0.7472,-0.62
2.74324,-0.511852,-0.518719,-0.7534,-0.62
2.73811,-0.513657,-0.526284,-0.7596,-0.62
2.73297,-0.515403,-0.533911,-0.7658,-0.62
2.72781,-0.51709,-0.5416,-0.772,-0.62
2.72263,-0.518715,-0.549351,-0.7782,-0.62
2.71743,-0.520281,-0.557164,-0.7844,-0.62
2.71222,-0.521785,-0.565039,-0.7906,-0.62
2.707,-0.523229,-0.572976,-0.7968,-0.62
2.70176,-0.524612,-0.580975,-0.803,-0.62
2.6965,-0.525933,-0.589036,-0.8092,-0.62
2.69124,-0.527193,-0.597159,-0.8154,-0.62
2.68596,-0.528391,-0.605344,-0.8216,-0.62
2.68067,-0.529527,-0.613591,-0.8278,-0.62
2.67537,-0.530601,-0.6219,-0.834,-0.62
2.67006,-0.531613,-0.630271,-0.8402,-0.62
2.66474,-0.532563,-0.638704,-0.8464,-0.62
2.65941,-0.53345,-0.647199,-0.8526,-0.62
2.65407,-0.534275,-0.655756,-0.8588,-0.62
2.64872,-0.535037,-0.664375,-0.865,-0.62
2.64337,-0.535736,-0.673056,-0.8712,-0.62
2.63801,-0.536372,-0.681799,-0.8774,-0.62
2.63264,-0.536945,-0.690604,-0.8836,-0.62
2.62727,-0.537455,-0.699471,-0.8898,-0.62
2.62189,-0.537902,-0.7084,-0.896,-0.62
2.61651,-0.538285,-0.717391,-0.9022,-0.62
2.61113,-0.538606,-0.726444,-0.9084,-0.62
2.60574,-0.538862,-0.735559,-0.9146,-0.62
2.60035,-0.539056,-0.744736,-0.9208,-0.62
2.59496,-0.539186,-0.753975,-0.927,-0.62
2.58957,-0.539253,-0.763276,-0.9332,-0.62
2.58417,-0.539256,-0.772639,-0.9394,-0.62
2.57878,-0.539196,-0.782064,-0.9456,-0.62
2.57339,-0.539072,-0.791551,-0.9518,-0.62
2.568,-0.538885,-0.8011,-0.958,-0.62
2.56261,-0.538634,-0.810711,-0.9642,-0.62
2.55723,-0.538321,-0.820384,-0.9704,-0.62
2.55185,-0.537943,-0.830119,-0.9766,-0.62
2.54647,-0.537503,-0.839916,-0.9828,-0.62
2.5411,-0.536999,-0.849775,-0.989,-0.62
2.53573,-0.536433,-0.859696,-0.9952,-0.62
2.53037,-0.535803,-0.869679,-1.0014,-0.62
2.52501,-0.53511,-0.879724,-1.0076,-0.62
2.51967,-0.534355,-0.889831,-1.0138,-0.62
2.51433,-0.533536,-0.9,-1.02,-0.62
2.509,-0.532656,-0.910231,-1.0262,-0.62
2.50367,-0.531712,-0.920524,-1.0324,-0.62
2.49836,-0.530706,-0.930879,-1.0386,-0.62
2.49306,-0.529639,-0.941296,-1.0448,-0.62
2.48777,-0.528509,-0.951775,-1.051,-0.62
2.48249,-0.527317,-0.962316,-1.0572,-0.62
2.47722,-0.526063,-0.972919,-1.0634,-0.62
2.47197,-0.524748,-0.983584,-1.0696,-0.62
2.46673,-0.523372,-0.994311,-1.0758,-0.62
2.4615,-0.521934,-1.0051,-1.082,0.78
2.45634,-0.509574,-1.01588,-1.0742,0.78
2.45131,-0.497199,-1.02658,-1.0664,0.78
2.4464,-0.48481,-1.03721,-1.0586,0.78
2.44161,-0.472408,-1.04776,-1.0508,0.78
2.43695,-0.459994,-1.05822,-1.043,0.78
2.43241,-0.447569,-1.06862,-1.0352,0.78
2.428,-0.435132,-1.07893,-1.0274,0.78
2.42371,-0.422684,-1.08916,-1.0196,0.78
2.41955,-0.410226,-1.09932,-1.0118,0.78
2.41551,-0.397759,-1.1094,-1.004,0.78
2.41159,-0.385282,-1.1194,-0.9962,0.78
2.4078,-0.372797,-1.12932,-0.9884,0.78
2.40414,-0.360303,-1.13917,-0.9806,0.78
2.4006,-0.347802,-1.14894,-0.9728,0.78
2.39718,-0.335293,-1.15862,-0.965,0.78
2.39389,-0.322777,-1.16824,-0.9572,0.78
2.39072,-0.310255,-1.17777,-0.9494,0.78
2.38768,-0.297727,-1.18722,-0.9416,0.78
2.38477,-0.285193,-1.1966,-0.9338,0.78
2.38198,-0.272653,-1.2059,-0.926,0.78
2.37932,-0.260109,-1.21512,-0.9182,0.78
2.37678,-0.247559,-1.22426,-0.9104,0.78
2.37437,-0.235005,-1.23333,-0.9026,0.78
2.37208,-0.222447,-1.24232,-0.8948,0.78
2.36992,-0.209885,-1.25122,-0.887,0.78
2.36788,-0.197319,-1.26006,-0.8792,0.78
2.36597,-0.18475,-1.26881,-0.8714,0.78
2.36419,-0.172178,-1.27748,-0.8636,0.78
2.36253,-0.159603,-1.28608,-0.8558,0.78
2.36099,-0.147025,-1.2946,-0.848,0.78
2.35959,-0.134445,-1.30304,-0.8402,0.78
2.3583,-0.121863,-1.3114,-0.8324,0.78
2.35715,-0.109279,-1.31969,-0.8246,0.78
2.35612,-0.0966928,-1.3279,-0.8168,0.78
2.35521,-0.0841055,-1.33602,-0.809,0.78
2.35444,-0.0715168,-1.34408,-0.8012,0.78
2.35378,-0.0589271,-1.35205,-0.7934,0.78
2.35326,-0.0463365,-1.35994,-0.7856,0.78
2.35286,-0.0337451,-1.36776,-0.7778,0.78
2.35258,-0.0211533,-1.3755,-0.77,0.78
2.35243,-0.00856112,-1.38316,-0.7622,0.78
2.35241,0.00403117,-1.39074,-0.7544,0.78
2.35252,0.0166234,-1.39825,-0.7466,0.78
2.35274,0.0292154,-1.40568,-0.7388,0.78
2.3531,0.0418069,-1.41302,-0.731,0.78
2.35358,0.0543978,-1.4203,-0.7232,0.78
2.35419,0.0669879,-1.42749,-0.7154,0.78
2.35492,0.079577,-1.4346,-0.7076,0.78
2.35578,0.0921648,-1.44164,-0.6998,0.78
2.35676,0.104751,-1.4486,-0.692,0.78
2.35787,0.117336,-1.45548,-0.6842,0.78
2.35911,0.129919,-1.46228,-0.6764,0.78
2.36047,0.1425,-1.46901,-0.6686,0.78
2.36196,0.155078,-1.47566,-0.6608,0.78
2.36357,0.167654,-1.48222,-0.653,0.78
2.36531,0.180228,-1.48872,-0.6452,0.78
2.36718,0.192798,-1.49513,-0.6374,0.78
2.36917,0.205365,-1.50146,-0.6296,0.78
2.37129,0.217928,-1.50772,-0.6218,0.78
2.37353,0.230488,-1.5139,-0.614,0.78
2.3759,0.243043,-1.52,-0.6062,0.78
2.37839,0.255595,-1.52602,-0.5984,0.78
2.38101,0.268141,-1.53197,-0.5906,0.78
2.38375,0.280682,-1.53784,-0.5828,0.78
2.38662,0.293219,-1.54362,-0.575,0.78
2.38962,0.305749,-1.54934,-0.5672,0.78
2.39274,0.318273,-1.55497,-0.5594,0.78
2.39598,0.330791,-1.56052,-0.5516,0.78
2.39935,0.343303,-1.566,-0.5438,0.78
2.40285,0.355807,-1.5714,-0.536,0.78
2.40647,0.368303,-1.57672,-0.5282,0.78
2.41021,0.380791,-1.58196,-0.5204,0.78
2.41408,0.393271,-1.58713,-0.5126,0.78
2.41808,0.405742,-1.59222,-0.5048,0.78
2.4222,0.418203,-1.59722,-0.497,0.78
2.42644,0.430655,-1.60216,-0.4892,0.78
2.43081,0.443096,-1.60701,-0.4814,0.78
2.4353,0.455526,-1.61178,-0.4736,0.78
2.43992,0.467944,-1.61648,-0.4658,0.78
2.44466,0.48035,-1.6211,-0.458,0.78
2.44953,0.492743,-1.62564,-0.4502,0.78
2.45452,0.505123,-1.6301,-0.4424,0.78
2.45963,0.517489,-1.63449,-0.4346,0.78
2.46487,0.52984,-1.6388,-0.4268,0.78
2.47023,0.542176,-1.64302,-0.419,0.78
2.47571,0.554496,-1.64718,-0.4112,0.78
2.48132,0.566798,-1.65125,-0.4034,0.78
2.48705,0.579083,-1.65524,-0.3956,0.78
2.4929,0.59135,-1.65916,-0.3878,0.78
2.49887,0.603597,-1.663,-0.38,0.78
2.50497,0.615824,-1.66676,-0.3722,0.78
2.51119,0.628031,-1.67044,-0.3644,0.78
2.51753,0.640215,-1.67405,-0.3566,0.78
2.524,0.652377,-1.67758,-0.3488,0.78
2.53058,0.664514,-1.68102,-0.341,0.78
2.53729,0.676628,-1.6844,-0.3332,0.78
2.54411,0.688715,-1.68769,-0.3254,0.78
2.55106,0.700776,-1.6909,-0.3176,0.78
2.55813,0.712809,-1.69404,-0.3098,0.78
2.56532,0.724813,-1.6971,-0.302,0.78
2.57262,0.736787,-1.70008,-0.2942,0.78
2.58005,0.74873,-1.70298,-0.2864,0.78
2.5876,0.760641,-1.70581,-0.2786,0.78
2.59526,0.772518,-1.70856,-0.2708,0.78
2.60305,0.784361,-1.71122,-0.263,0.78
2.61095,0.796168,-1.71382,-0.2552,0.78
2.61897,0.807937,-1.71633,-0.2474,0.78
2.62711,0.819668,-1.71876,-0.2396,0.78
2.63536,0.831359,-1.72112,-0.2318,0.78
2.64374,0.843008,-1.7234,-0.224,0.78
2.65222,0.854615,-1.7256,-0.2162,0.78
2.66083,0.866178,-1.72772,-0.2084,0.78
2.66955,0.877696,-1.72977,-0.2006,0.78
2.67838,0.889166,-1.73174,-0.1928,0.78
2.68733,0.900588,-1.73362,-0.185,0.78
2.69639,0.911959,-1.73544,-0.1772,0.78
2.70557,0.923279,-1.73717,-0.1694,0.78
2.71486,0.934546,-1.73882,-0.1616,0.78
2.72426,0.945758,-1.7404,-0.1538,0.78
2.73377,0.956913,-1.7419,-0.146,0.78
2.7434,0.96801,-1.74332,-0.1382,0.78
2.75313,0.979047,-1.74466,-0.1304,0.78
2.76298,0.990022,-1.74593,-0.1226,0.78
2.77293,1.00093,-1.74712,-0.1148,0.78
2.783,1.01178,-1.74822,-0.107,0.78
2.79317,1.02256,-1.74926,-0.0992,0.78
2.80345,1.03327,-1.75021,-0.0914,0.78
2.81384,1.04391,-1.75108,-0.0836,0.78
2.82433,1.05448,-1.75188,-0.0758,0.78
2.83492,1.06497,-1.7526,-0.068,0.78
2.84563,1.07539,-1.75324,-0.0602,0.78
2.85643,1.08573,-1.7538,-0.0524,0.78
2.86734,1.09598,-1.75429,-0.0446,0.78
2.87835,1.10616,-1.7547,-0.0368,0.78
2.88946,1.11625,-1.75502,-0.029,0.78
2.90068,1.12625,-1.75528,-0.0212,0.78
2.91199,1.13617,-1.75545,-0.0134,0.78
2.9234,1.146,-1.75554,-0.0056,0.78
2.93491,1.15573,-1.75556,0.0022,0.78
2.94651,1.16537,-1.7555,0.01,0.78
2.95822,1.17491,-1.75536,0.0178,0.78
2.97001,1.18435,-1.75514,0.0256,0.78
2.9819,1.19369,-1.75485,0.0334,0.78
2.99389,1.20293,-1.75448,0.0412,0.78
3.00596,1.21207,-1.75402,0.049,0.78
3.01813,1.22109,-1.7535,0.0568,0.78
3.03038,1.23001,-1.75289,0.0646,0.78
3.04273,1.23882,-1.7522,0.0724,0.78
3.05516,1.24751,-1.75144,0.0802,0.78
3.06768,1.25608,-1.7506,0.088,0.78
3.08028,1.26454,-1.74968,0.0958,0.78
3.09297,1.27288,-1.74868,0.1036,0.78
3.10574,1.28109,-1.74761,0.1114,0.78
3.11859,1.28919,-1.74646,0.1192,0.78
3.13152,1.29715,-1.74522,0.127,0.78
-3.13866,1.30499,-1.74392,0.1348,0.78
-3.12557,1.31269,-1.74253,0.1426,0.78
-3.1124,1.32026,-1.74106,0.1504,0.78
-3.09916,1.3277,-1.73952,0.1582,0.78
-3.08585,1.335,-1.7379,0.166,0.78
-3.07246,1.34216,-1.7362,0.1738,0.78
-3.05901,1.34918,-1.73442,0.1816,0.78
-3.04548,1.35606,-1.73257,0.1894,0.78
-3.03188,1.36279,-1.73064,0.1972,0.78
-3.01822,1.36937,-1.72862,0.205,0.78
-3.0045,1.37581,-1.72654,0.2128,0.78
-2.99071,1.38209,-1.72437,0.2206,0.78
-2.97686,1.38822,-1.72212,0.2284,0.78
-2.96294,1.3942,-1.7198,0.2362,0.78
-2.94897,1.40002,-1.7174,0.244,0.78
-2.93494,1.40568,-1.71492,0.2518,0.78
-2.92086,1.41118,-1.71236,0.2596,0.78
-2.90672,1.41652,-1.70973,0.2674,0.78
-2.89253,1.4217,-1.70702,0.2752,0.78
-2.87829,1.42671,-1.70422,0.283,0.78
-2.864,1.43156,-1.70136,0.2908,0.78
-2.84966,1.43623,-1.69841,0.2986,0.78
-2.83527,1.44074,-1.69538,0.3064,0.78
-2.82084,1.44508,-1.69228,0.3142,0.78
-2.80637,1.44924,-1.6891,0.322,0.78
-2.79186,1.45323,-1.68584,0.3298,0.78
-2.77731,1.45704,-1.6825,0.3376,0.78
-2.76272,1.46068,-1.67909,0.3454,0.78
-2.74809,1.46414,-1.6756,0.3532,0.78
-2.73344,1.46742,-1.67202,0.361,0.78
-2.71875,1.47052,-1.66838,0.3688,0.78
-2.70403,1.47344,-1.66465,0.3766,0.78
-2.68928,1.47617,-1.66084,0.3844,0.78
-2.6745,1.47873,-1.65696,0.3922,0.78
-2.6597,1.4811,-1.653,0.4,0.78
-2.64488,1.48328,-1.64896,0.4078,0.78
-2.63004,1.48528,-1.64484,0.4156,0.78
-2.61518,1.48709,-1.64065,0.4234,0.78
-2.6003,1.48872,-1.63638,0.4312,0.78
-2.5854,1.49016,-1.63202,0.439,0.78
-2.5705,1.49141,-1.6276,0.4468,0.78
-2.55558,1.49247,-1.62309,0.4546,0.78
-2.54065,1.49334,-1.6185,0.4624,0.78
-2.52571,1.49403,-1.61384,0.4702,0.78
-2.51077,1.49452,-1.6091,0.478,0.78
-2.49582,1.49483,-1.60428,0.4858,0.78
-2.48087,1.49495,-1.59938,0.4936,0.78
-2.46592,1.49487,-1.59441,0.5014,0.78
-2.45097,1.49461,-1.58936,0.5092,0.78
-2.43603,1.49416,-1.58422,0.517,0.78
-2.42109,1.49352,-1.57902,0.5248,0.78
-2.40616,1.49269,-1.57373,0.5326,0.78
-2.39124,1.49167,-1.56836,0.5404,0.78
-2.37633,1.49046,-1.56292,0.5482,0.78
-2.36143,1.48906,-1.5574,0.556,0.78
-2.34655,1.48748,-1.5518,0.5638,0.78
-2.33168,1.48571,-1.54612,0.5716,0.78
-2.31683,1.48375,-1.54037,0.5794,0.78
-2.30201,1.48161,-1.53454,0.5872,0.78
-2.2872,1.47928,-1.52862,0.595,0.78
-2.27242,1.47677,-1.52264,0.6028,0.78
-2.25767,1.47408,-1.51657,0.6106,0.78
-2.24294,1.4712,-1.51042,0.6184,0.78
-2.22824,1.46814,-1.5042,0.6262,0.78
-2.21358,1.4649,-1.4979,0.634,0.78
-2.19895,1.46148,-1.49152,0.6418,0.78
-2.18435,1.45789,-1.48506,0.6496,0.78
-2.16979,1.45411,-1.47853,0.6574,0.78
-2.15527,1.45016,-1.47192,0.6652,0.78
-2.14079,1.44604,-1.46522,0.673,0.78
-2.12635,1.44174,-1.45846,0.6808,0.78
-2.11195,1.43728,-1.45161,0.6886,0.78
-2.0976,1.43264,-1.44468,0.6964,0.78
-2.0833,1.42783,-1.43768,0.7042,0.78
-2.06905,1.42286,-1.4306,0.712,0.78
-2.05484,1.41772,-1.42344,0.7198,0.78
-2.04069,1.41242,-1.4162,0.7276,0.78
-2.0266,1.40695,-1.40889,0.7354,0.78
-2.01255,1.40133,-1.4015,0.7432,0.78
-1.99857,1.39554,-1.39402,0.751,0.78
-1.98464,1.3896,-1.38648,0.7588,0.78
-1.97078,1.3835,-1.37885,0.7666,0.78
-1.95697,1.37725,-1.37114,0.7744,0.78
-1.94323,1.37085,-1.36336,0.7822,0.78
-1.92956,1.3643,-1.3555,0.79,0.78
-1.91595,1.3576,-1.34756,0.7978,0.78
-1.90241,1.35076,-1.33954,0.8056,0.78
-1.88893,1.34377,-1.33145,0.8134,0.78
-1.87553,1.33664,-1.32328,0.8212,0.78
-1.8622,1.32938,-1.31502,0.829,0.78
-1.84894,1.32197,-1.3067,0.8368,0.78
-1.83576,1.31443,-1.29829,0.8446,0.78
-1.82266,1.30675,-1.2898,0.8524,0.78
-1.80963,1.29895,-1.28124,0.8602,0.78
-1.79668,1.29101,-1.2726,0.868,-0.54
-1.78382,1.28008,-1.26395,0.8626,-0.54
-1.77108,1.26918,-1.25535,0.8572,-0.54
-1.75844,1.25833,-1.2468,0.8518,-0.54
-1.74591,1.24752,-1.23831,0.8464,-0.54
-1.73349,1.23675,-1.22987,0.841,-0.54
-1.72117,1.22603,-1.22149,0.8356,-0.54
-1.70897,1.21536,-1.21316,0.8302,-0.54
-1.69687,1.20474,-1.20489,0.8248,-0.54
-1.68487,1.19416,-1.19667,0.8194,-0.54
-1.67298,1.18364,-1.1885,0.814,0.82
-1.66119,1.17447,-1.18032,0.8222,0.82
-1.64949,1.1652,-1.17206,0.8304,0.82
-1.63789,1.15583,-1.16371,0.8386,0.82
-1.62638,1.14635,-1.15528,0.8468,0.82
-1.61496,1.13677,-1.14677,0.855,0.82
-1.60364,1.12709,-1.13818,0.8632,0.82
-1.59242,1.11732,-1.12951,0.8714,0.82
-1.5813,1.10745,-1.12076,0.8796,0.82
-1.57027,1.09749,-1.11192,0.8878,0.82
-1.55935,1.08744,-1.103,0.896,0.82
-1.54852,1.07731,-1.094,0.9042,0.82
-1.5378,1.06708,-1.08492,0.9124,0.82
-1.52718,1.05678,-1.07575,0.9206,0.82
-1.51667,1.04639,-1.0665,0.9288,0.82
-1.50625,1.03592,-1.05717,0.937,0.82
-1.49595,1.02537,-1.04776,0.9452,0.82
-1.48575,1.01475,-1.03827,0.9534,0.82
-1.47565,1.00405,-1.0287,0.9616,0.82
-1.46567,0.993283,-1.01904,0.9698,0.82
-1.45579,0.982443,-1.0093,0.978,0.82
-1.44602,0.971534,-0.999479,0.9862,0.82
-1.43636,0.960558,-0.989576,0.9944,0.82
-1.42681,0.949517,-0.979591,1.0026,0.82
-1.41737,0.938412,-0.969524,1.0108,0.82
-1.40804,0.927246,-0.959375,1.019,0.82
-1.39882,0.916019,-0.949144,1.0272,0.82
-1.38972,0.904735,-0.938831,1.0354,0.82
-1.38073,0.893393,-0.928436,1.0436,0.82
-1.37185,0.881997,-0.917959,1.0518,0.82
-1.36309,0.870547,-0.9074,1.06,0.82
-1.35444,0.859046,-0.896759,1.0682,0.82
-1.34591,0.847493,-0.886036,1.0764,0.82
-1.33749,0.835892,-0.875231,1.0846,0.82
-1.32919,0.824244,-0.864344,1.0928,0.82
-1.32101,0.81255,-0.853375,1.101,0.82
-1.31294,0.800811,-0.842324,1.1092,0.82
-1.30499,0.789029,-0.831191,1.1174,0.82
-1.29716,0.777206,-0.819976,1.1256,0.82
-1.28945,0.765342,-0.808679,1.1338,0.82
-1.28185,0.753439,-0.7973,1.142,0.82
-1.27438,0.741499,-0.785839,1.1502,0.82
-1.26702,0.729522,-0.774296,1.1584,0.82
-1.25979,0.717509,-0.762671,1.1666,0.82
-1.25267,0.705463,-0.750964,1.1748,0.82
-1.24568,0.693383,-0.739175,1.183,0.82
-1.2388,0.681272,-0.727304,1.1912,0.82
-1.23205,0.669131,-0.715351,1.1994,0.82
-1.22542,0.656959,-0.703316,1.2076,0.82
-1.21891,0.64476,-0.691199,1.2158,0.82
-1.21253,0.632533,-0.679,1.224,0.82
-1.20626,0.620279,-0.666719,1.2322,0.82
-1.20012,0.608,-0.654356,1.2404,0.82
-1.1941,0.595697,-0.641911,1.2486,0.82
-1.18821,0.58337,-0.629384,1.2568,0.82
-1.18244,0.571021,-0.616775,1.265,0.82
-1.17679,0.55865,-0.604084,1.2732,0.82
-1.17126,0.546258,-0.591311,1.2814,0.82
-1.16586,0.533846,-0.578456,1.2896,0.82
-1.16059,0.521415,-0.565519,1.2978,0.82
-1.15543,0.508965,-0.5525,1.306,0.82
-1.15041,0.496498,-0.539399,1.3142,0.82
-1.1455,0.484014,-0.526216,1.3224,0.82
-1.14073,0.471513,-0.512951,1.3306,0.82
-1.13607,0.458997,-0.499604,1.3388,0.82
-1.13155,0.446467,-0.486175,1.347,0.82
-1.12714,0.433922,-0.472664,1.3552,0.82
-1.12287,0.421363,-0.459071,1.3634,0.82
-1.11872,0.408792,-0.445396,1.3716,0.82
-1.11469,0.396209,-0.431639,1.3798,0.82
-1.11079,0.383613,-0.4178,1.388,0.82
-1.10702,0.371007,-0.403879,1.3962,0.82
-1.10337,0.35839,-0.389876,1.4044,0.82
-1.09985,0.345763,-0.375791,1.4126,0.82
-1.09646,0.333126,-0.361624,1.4208,0.82
-1.09319,0.320481,-0.347375,1.429,0.82
-1.09005,0.307826,-0.333044,1.4372,0.82
-1.08703,0.295164,-0.318631,1.4454,0.82
-1.08414,0.282493,-0.304136,1.4536,0.82
-1.08138,0.269816,-0.289559,1.4618,0.82
-1.07875,0.257132,-0.2749,1.47,0.82
-1.07624,0.244441,-0.260159,1.4782,0.82
-1.07386,0.231744,-0.245336,1.4864,0.82
-1.07161,0.219042,-0.230431,1.4946,0.82
-1.06948,0.206334,-0.215444,1.5028,0.82
-1.06748,0.193621,-0.200375,1.511,0.82
-1.06561,0.180904,-0.185224,1.5192,0.82
-1.06386,0.168182,-0.169991,1.5274,0.82
-1.06224,0.155457,-0.154676,1.5356,0.82
-1.06075,0.142728,-0.139279,1.5438,0.82
-1.05939,0.129996,-0.1238,1.552,-0.84
-1.05811,0.125394,-0.108322,1.5436,-0.84
-1.05688,0.120808,-0.092928,1.5352,-0.84
-1.0557,0.116236,-0.077618,1.5268,-0.84
-1.05456,0.111679,-0.062392,1.5184,-0.84
-1.05346,0.107135,-0.04725,1.51,-0.84
-1.05241,0.102605,-0.032192,1.5016,-0.84
-1.05141,0.0980867,-0.017218,1.4932,-0.84
-1.05045,0.0935807,-0.002328,1.4848,-0.84
-1.04954,0.0890861,0.012478,1.4764,-0.84
-1.04867,0.0846025,0.0272,1.468,-0.84
-1.04785,0.0801293,0.041838,1.4596,-0.84
-1.04707,0.075666,0.056392,1.4512,-0.84
-1.04633,0.0712119,0.070862,1.4428,-0.84
-1.04564,0.0667665,0.085248,1.4344,-0.84
-1.045,0.0623294,0.09955,1.426,-0.84
-1.0444,0.0578999,0.113768,1.4176,-0.84
-1.04384,0.0534775,0.127902,1.4092,-0.84
-1.04333,0.0490617,0.141952,1.4008,-0.84
-1.04286,0.0446519,0.155918,1.3924,-0.84
-1.04243,0.0402476,0.1698,1.384,-0.84
-1.04205,0.0358483,0.183598,1.3756,-0.84
-1.04172,0.0314534,0.197312,1.3672,-0.84
-1.04142,0.0270623,0.210942,1.3588,-0.84
-1.04117,0.0226746,0.224488,1.3504,-0.84
-1.04097,0.0182896,0.23795,1.342,-0.84
-1.04081,0.0139069,0.251328,1.3336,-0.84
-1.04069,0.00952594,0.264622,1.3252,-0.84
-1.04062,0.00514613,0.277832,1.3168,-0.84
-1.04059,0.000766958,0.290958,1.3084,-0.84
-1.0406,-0.00361212,0.304,1.3,-0.84
-1.04066,-0.00799165,0.316958,1.2916,-0.84
-1.04076,-0.0123722,0.329832,1.2832,-0.84
-1.04091,-0.0167542,0.342622,1.2748,-0.84
-1.0411,-0.0211383,0.355328,1.2664,-0.84
-1.04133,-0.025525,0.36795,1.258,-0.84
-1.04161,-0.0299148,0.380488,1.2496,-0.84
-1.04193,-0.0343083,0.392942,1.2412,-0.84
-1.04229,-0.0387061,0.405312,1.2328,-0.84
-1.0427,-0.0431085,0.417598,1.2244,-0.84
-1.04316,-0.0475163,0.4298,1.216,-0.84
-1.04365,-0.05193,0.441918,1.2076,-0.84
-1.0442,-0.05635,0.453952,1.1992,-0.84
-1.04478,-0.0607769,0.465902,1.1908,-0.84
-1.04541,-0.0652113,0.477768,1.1824,-0.84
-1.04609,-0.0696537,0.48955,1.174,-0.84
-1.0468,-0.0741047,0.501248,1.1656,-0.84
-1.04757,-0.0785648,0.512862,1.1572,-0.84
-1.04838,-0.0830345,0.524392,1.1488,-0.84
-1.04923,-0.0875144,0.535838,1.1404,-0.84
-1.05013,-0.092005,0.5472,1.132,-0.84
-1.05107,-0.0965069,0.558478,1.1236,-0.84
-1.05206,-0.101021,0.569672,1.1152,-0.84
-1.05309,-0.105547,0.580782,1.1068,-0.84
-1.05417,-0.110086,0.591808,1.0984,-0.84
-1.05529,-0.114638,0.60275,1.09,-0.84
-1.05646,-0.119205,0.613608,1.0816,-0.84
-1.05767,-0.123786,0.624382,1.0732,-0.84
-1.05894,-0.128382,0.635072,1.0648,-0.84
-1.06024,-0.132994,0.645678,1.0564,-0.84
-1.0616,-0.137622,0.6562,1.048,-0.84
-1.063,-0.142267,0.666638,1.0396,-0.84
-1.06444,-0.14693,0.676992,1.0312,-0.84
-1.06593,-0.15161,0.687262,1.0228,-0.84
-1.06747,-0.156309,0.697448,1.0144,-0.84
-1.06906,-0.161027,0.70755,1.006,-0.84
-1.07069,-0.165764,0.717568,0.9976,-0.84
-1.07238,-0.170522,0.727502,0.9892,-0.84
-1.0741,-0.1753,0.737352,0.9808,-0.84
-1.07588,-0.1801,0.747118,0.9724,-0.84
-1.07771,-0.184921,0.7568,0.964,-0.84
-1.07958,-0.189765,0.766398,0.9556,-0.84
-1.0815,-0.194632,0.775912,0.9472,-0.84
-1.08347,-0.199523,0.785342,0.9388,-0.84
-1.08549,-0.204437,0.794688,0.9304,-0.84
-1.08756,-0.209377,0.80395,0.922,-0.84
-1.08968,-0.214341,0.813128,0.9136,-0.84
-1.09185,-0.219332,0.822222,0.9052,-0.84
-1.09407,-0.224349,0.831232,0.8968,-0.84
-1.09634,-0.229393,0.840158,0.8884,-0.84
-1.09865,-0.234465,0.849,0.88,-0.84
-1.10102,-0.239564,0.857758,0.8716,-0.84
-1.10345,-0.244693,0.866432,0.8632,-0.84
-1.10592,-0.249851,0.875022,0.8548,-0.84
-1.10844,-0.255039,0.883528,0.8464,-0.84
-1.11102,-0.260258,0.89195,0.838,-0.84
-1.11365,-0.265507,0.900288,0.8296,-0.84
-1.11633,-0.270789,0.908542,0.8212,-0.84
-1.11906,-0.276103,0.916712,0.8128,-0.84
-1.12185,-0.281449,0.924798,0.8044,-0.84
-1.12469,-0.28683,0.9328,0.796,-0.84
-1.12759,-0.292244,0.940718,0.7876,-0.84
-1.13054,-0.297693,0.948552,0.7792,-0.84
-1.13354,-0.303177,0.956302,0.7708,-0.84
-1.1366,-0.308697,0.963968,0.7624,-0.84
-1.13972,-0.314254,0.97155,0.754,-0.84
-1.14289,-0.319848,0.979048,0.7456,-0.84
-1.14611,-0.32548,0.986462,0.7372,-0.84
-1.1494,-0.331149,0.993792,0.7288,-0.84
-1.15274,-0.336858,1.00104,0.7204,-0.84
-1.15613,-0.342607,1.0082,0.712,-0.84
-1.15959,-0.348395,1.01528,0.7036,-0.84
-1.1631,-0.354224,1.02227,0.6952,-0.84
-1.16667,-0.360095,1.02918,0.6868,-0.84
-1.1703,-0.366008,1.03601,0.6784,-0.84
-1.17399,-0.371963,1.04275,0.67,-0.84
-1.17774,-0.377961,1.04941,0.6616,-0.84
-1.18155,-0.384003,1.05598,0.6532,-0.84
-1.18542,-0.39009,1.06247,0.6448,-0.84
-1.18936,-0.396221,1.06888,0.6364,-0.84
-1.19335,-0.402399,1.0752,0.628,-0.84
-1.1974,-0.408622,1.08144,0.6196,-0.84
-1.20152,-0.414893,1.08759,0.6112,-0.84
-1.2057,-0.42121,1.09366,0.6028,-0.84
-1.20995,-0.427576,1.09965,0.5944,-0.84
-1.21425,-0.433991,1.10555,0.586,-0.84
-1.21863,-0.440455,1.11137,0.5776,-0.84
-1.22306,-0.446969,1.1171,0.5692,-0.84
-1.22757,-0.453533,1.12275,0.5608,-0.84
-1.23213,-0.460149,1.12832,0.5524,-0.84
-1.23677,-0.466816,1.1338,0.544,-0.84
-1.24147,-0.473536,1.1392,0.5356,-0.84
-1.24624,-0.480308,1.14451,0.5272,-0.84
-1.25108,-0.487134,1.14974,0.5188,-0.84
-1.25598,-0.494015,1.15489,0.5104,-0.84
-1.26096,-0.50095,1.15995,0.502,-0.84
-1.266,-0.50794,1.16493,0.4936,-0.84
-1.27112,-0.514986,1.16982,0.4852,-0.84
-1.2763,-0.522089,1.17463,0.4768,-0.84
-1.28156,-0.529249,1.17936,0.4684,-0.84
-1.28689,-0.536467,1.184,0.46,-0.84
-1.29229,-0.543743,1.18856,0.4516,-0.84
-1.29776,-0.551078,1.19303,0.4432,-0.84
-1.30331,-0.558472,1.19742,0.4348,-0.84
-1.30893,-0.565926,1.20173,0.4264,-0.84
-1.31463,-0.573441,1.20595,0.418,-0.84
-1.3204,-0.581017,1.21009,0.4096,-0.84
-1.32625,-0.588655,1.21414,0.4012,-0.84
-1.33217,-0.596355,1.21811,0.3928,-0.84
-1.33818,-0.604117,1.222,0.3844,-0.84
-1.34426,-0.611943,1.2258,0.376,-0.84
-1.35041,-0.619833,1.22952,0.3676,-0.84
-1.35665,-0.627787,1.23315,0.3592,-0.84
-1.36297,-0.635806,1.2367,0.3508,-0.84
-1.36937,-0.643891,1.24017,0.3424,-0.84
-1.37585,-0.652041,1.24355,0.334,-0.84
-1.38241,-0.660257,1.24685,0.3256,-0.84
-1.38905,-0.668541,1.25006,0.3172,-0.84
-1.39578,-0.676892,1.25319,0.3088,-0.84
-1.40259,-0.68531,1.25624,0.3004,-0.84
-1.40949,-0.693797,1.2592,0.292,-0.84
-1.41647,-0.702353,1.26208,0.2836,-0.84
-1.42353,-0.710977,1.26487,0.2752,-0.84
-1.43069,-0.719671,1.26758,0.2668,-0.84
-1.43793,-0.728435,1.27021,0.2584,-0.84
-1.44526,-0.737269,1.27275,0.25,-0.84
-1.45267,-0.746174,1.27521,0.2416,-0.84
-1.46018,-0.75515,1.27758,0.2332,-0.84
-1.46778,-0.764198,1.27987,0.2248,-0.84
-1.47546,-0.773317,1.28208,0.2164,-0.84
-1.48324,-0.782508,1.2842,0.208,-0.84
-1.49112,-0.791771,1.28624,0.1996,-0.84
-1.49908,-0.801107,1.28819,0.1912,-0.84
-1.50714,-0.810516,1.29006,0.1828,-0.84
-1.51529,-0.819998,1.29185,0.1744,-0.84
-1.52354,-0.829553,1.29355,0.166,-0.84
-1.53188,-0.839182,1.29517,0.1576,-0.84
-1.54032,-0.848885,1.2967,0.1492,-0.84
-1.54886,-0.858661,1.29815,0.1408,-0.84
-1.5575,-0.868511,1.29952,0.1324,-0.84
-1.56623,-0.878436,1.3008,0.124,-0.84
-1.57506,-0.888434,1.302,0.1156,-0.84
-1.584,-0.898507,1.30311,0.1072,-0.84
-1.59303,-0.908654,1.30414,0.0988,-0.84
-1.60217,-0.918876,1.30509,0.0904,-0.84
-1.61141,-0.929172,1.30595,0.082,-0.84
-1.62076,-0.939542,1.30673,0.0736,-0.84
-1.6302,-0.949986,1.30742,0.0652,-0.84
-1.63976,-0.960504,1.30803,0.0568,-0.84
-1.64941,-0.971096,1.30856,0.0484,-0.84
-1.65918,-0.981761,1.309,0.04,-0.84
-1.66905,-0.9925,1.30936,0.0316,-0.84
-1.67903,-1.00331,1.30963,0.0232,-0.84
-1.68912,-1.0142,1.30982,0.0148,-0.84
-1.69931,-1.02516,1.30993,0.0064,-0.84
-1.70962,-1.03619,1.30995,-0.002,-0.84
-1.72004,-1.04729,1.30989,-0.0104,-0.84
-1.73057,-1.05846,1.30974,-0.0188,-0.84
-1.74121,-1.06971,1.30951,-0.0272,-0.84
-1.75196,-1.08102,1.3092,-0.0356,-0.84
-1.76283,-1.09241,1.3088,-0.044,-0.84
-1.77381,-1.10386,1.30832,-0.0524,-0.84
-1.7849,-1.11538,1.30775,-0.0608,-0.84
-1.79612,-1.12697,1.3071,-0.0692,-0.84
-1.80744,-1.13863,1.30637,-0.0776,-0.84
-1.81889,-1.15035,1.30555,-0.086,-0.84
-1.83045,-1.16214,1.30465,-0.0944,-0.84
-1.84213,-1.174,1.30366,-0.1028,-0.84
-1.85393,-1.18591,1.30259,-0.1112,-0.84
-1.86585,-1.19789,1.30144,-0.1196,-0.84
-1.87789,-1.20993,1.3002,-0.128,-0.84
-1.89005,-1.22203,1.29888,-0.1364,-0.84
-1.90233,-1.23419,1.29747,-0.1448,-0.84
-1.91473,-1.24641,1.29598,-0.1532,-0.84
-1.92726,-1.25869,1.29441,-0.1616,-0.84
-1.93991,-1.27102,1.29275,-0.17,-0.84
-1.95268,-1.2834,1.29101,-0.1784,-0.84
-1.96557,-1.29584,1.28918,-0.1868,-0.84
-1.9786,-1.30832,1.28727,-0.1952,-0.84
-1.99174,-1.32086,1.28528,-0.2036,-0.84
-2.00501,-1.33344,1.2832,-0.212,-0.84
-2.01841,-1.34607,1.28104,-0.2204,-0.84
-2.03193,-1.35874,1.27879,-0.2288,-0.84
-2.04559,-1.37146,1.27646,-0.2372,-0.84
-2.05936,-1.38421,1.27405,-0.2456,-0.84
-2.07327,-1.397,1.27155,-0.254,-0.84
-2.0873,-1.40983,1.26897,-0.2624,-0.84
-2.10147,-1.42269,1.2663,-0.2708,-0.84
-2.11576,-1.43558,1.26355,-0.2792,-0.84
-2.13018,-1.4485,1.26072,-0.2876,-0.84
-2.14473,-1.46145,1.2578,-0.296,-0.84
-2.15941,-1.47442,1.2548,-0.3044,-0.84
-2.17422,-1.48741,1.25171,-0.3128,-0.84
-2.18916,-1.50042,1.24854,-0.3212,-0.84
-2.20422,-1.51344,1.24529,-0.3296,-0.84
-2.21942,-1.52648,1.24195,-0.338,-0.84
-2.23475,-1.53953,1.23853,-0.3464,-0.84
-2.25021,-1.55258,1.23502,-0.3548,-0.84
-2.26581,-1.56564,1.23143,-0.3632,-0.84
-2.28153,-1.5787,1.22776,-0.3716,-0.84
-2.29738,-1.59176,1.224,-0.38,-0.84
-2.31336,-1.60481,1.22016,-0.3884,-0.84
-2.32948,-1.61785,1.21623,-0.3968,-0.84
-2.34572,-1.63088,1.21222,-0.4052,-0.84
-2.36209,-1.64389,1.20813,-0.4136,-0.84
-2.3786,-1.65689,1.20395,-0.422,-0.84
-2.39523,-1.66986,1.19969,-0.4304,-0.84
-2.41199,-1.6828,1.19534,-0.4388,-0.84
-2.42889,-1.69571,1.19091,-0.4472,-0.84
-2.44591,-1.70859,1.1864,-0.4556,-0.84
-2.46306,-1.72142,1.1818,-0.464,-0.84
-2.48034,-1.73422,1.17712,-0.4724,-0.84
-2.49774,-1.74696,1.17235,-0.4808,-0.84
-2.51528,-1.75966,1.1675,-0.4892,-0.84
-2.53294,-1.7723,1.16257,-0.4976,-0.84
-2.55072,-1.78487,1.15755,-0.506,-0.84
-2.56863,-1.79739,1.15245,-0.5144,-0.84
-2.58667,-1.80983,1.14726,-0.5228,-0.84
-2.60483,-1.8222,1.14199,-0.5312,-0.84
-2.62311,-1.83449,1.13664,-0.5396,-0.84
-2.64152,-1.8467,1.1312,-0.548,-0.84
-2.66005,-1.85883,1.12568,-0.5564,-0.84
-2.6787,-1.87086,1.12007,-0.5648,-0.84
-2.69746,-1.88279,1.11438,-0.5732,-0.84
-2.71635,-1.89462,1.10861,-0.5816,-0.84
-2.73536,-1.90634,1.10275,-0.59,-0.84
-2.75448,-1.91795,1.09681,-0.5984,-0.84
-2.77371,-1.92945,1.09078,-0.6068,-0.84
-2.79307,-1.94082,1.08467,-0.6152,-0.84
-2.81253,-1.95206,1.07848,-0.6236,-0.84
-2.83211,-1.96318,1.0722,-0.632,-0.84
-2.85179,-1.97416,1.06584,-0.6404,-0.84
-2.87159,-1.98499,1.05939,-0.6488,-0.84
-2.89149,-1.99568,1.05286,-0.6572,-0.84
-2.9115,-2.00622,1.04625,-0.6656,-0.84
-2.93162,-2.0166,1.03955,-0.674,-0.84
-2.95183,-2.02682,1.03277,-0.6824,-0.84
-2.97215,-2.03687,1.0259,-0.6908,-0.84
-2.99257,-2.04675,1.01895,-0.6992,-0.84
-3.01309,-2.05645,1.01192,-0.7076,-0.84
-3.0337,-2.06597,1.0048,-0.716,0.14
-3.05436,-2.06555,0.997647,-0.7146,0.14
-3.07501,-2.06492,0.990508,-0.7132,0.14
-3.09565,-2.06409,0.983383,-0.7118,0.14
-3.11629,-2.06304,0.976272,-0.7104,0.14
-3.13691,-2.06179,0.969175,-0.709,0.14
3.12566,-2.06034,0.962092,-0.7076,0.14
3.10506,-2.05868,0.955023,-0.7062,0.14
3.08449,-2.05681,0.947968,-0.7048,0.14
3.06393,-2.05474,0.940927,-0.7034,0.14
3.04339,-2.05247,0.9339,-0.702,0.14
3.02288,-2.04999,0.926887,-0.7006,0.14
3.00239,-2.04732,0.919888,-0.6992,0.14
2.98193,-2.04444,0.912903,-0.6978,0.14
2.96151,-2.04137,0.905932,-0.6964,0.14
2.94111,-2.03811,0.898975,-0.695,0.14
2.92074,-2.03465,0.892032,-0.6936,0.14
2.90042,-2.031,0.885103,-0.6922,0.14
2.88012,-2.02715,0.878188,-0.6908,0.14
2.85987,-2.02312,0.871287,-0.6894,0.14
2.83966,-2.0189,0.8644,-0.688,0.14
2.8195,-2.0145,0.857527,-0.6866,0.14
2.79937,-2.00992,0.850668,-0.6852,0.14
2.7793,-2.00515,0.843823,-0.6838,0.14
2.75927,-2.00021,0.836992,-0.6824,0.14
2.73929,-1.99509,0.830175,-0.681,0.14
2.71937,-1.9898,0.823372,-0.6796,0.14
2.6995,-1.98435,0.816583,-0.6782,0.14
2.67968,-1.97872,0.809808,-0.6768,0.14
2.65993,-1.97293,0.803047,-0.6754,0.14
2.64023,-1.96697,0.7963,-0.674,0.14
2.62059,-1.96086,0.789567,-0.6726,0.14
2.60101,-1.95459,0.782848,-0.6712,0.14
2.58149,-1.94817,0.776143,-0.6698,0.14
2.56205,-1.94159,0.769452,-0.6684,0.14
2.54266,-1.93487,0.762775,-0.667,0.14
2.52335,-1.92801,0.756112,-0.6656,0.14
2.5041,-1.921,0.749463,-0.6642,0.14
2.48493,-1.91385,0.742828,-0.6628,0.14
2.46583,-1.90657,0.736207,-0.6614,0.14
2.4468,-1.89916,0.7296,-0.66,0.14
2.42784,-1.89162,0.723007,-0.6586,0.14
2.40897,-1.88395,0.716428,-0.6572,0.14
2.39017,-1.87616,0.709863,-0.6558,0.14
2.37144,-1.86825,0.703312,-0.6544,0.14
2.3528,-1.86023,0.696775,-0.653,0.14
2.33424,-1.85209,0.690252,-0.6516,0.14
2.31576,-1.84384,0.683743,-0.6502,0.14
2.29736,-1.83549,0.677248,-0.6488,0.14
2.27905,-1.82704,0.670767,-0.6474,0.14
2.26082,-1.81848,0.6643,-0.646,0.14
2.24268,-1.80983,0.657847,-0.6446,0.14
2.22463,-1.80109,0.651408,-0.6432,0.14
2.20666,-1.79225,0.644983,-0.6418,0.14
2.18878,-1.78333,0.638572,-0.6404,0.14
2.17099,-1.77433,0.632175,-0.639,0.14
2.1533,-1.76525,0.625792,-0.6376,0.14
2.13569,-1.75609,0.619423,-0.6362,0.14
2.11817,-1.74686,0.613068,-0.6348,0.14
2.10075,-1.73756,0.606727,-0.6334,0.14
2.08342,-1.72819,0.6004,-0.632,0.14
2.06619,-1.71875,0.594087,-0.6306,0.14
2.04905,-1.70926,0.587788,-0.6292,0.14
2.032,-1.69971,0.581503,-0.6278,0.14
2.01505,-1.69011,0.575232,-0.6264,0.14
1.9982,-1.68045,0.568975,-0.625,0.14
1.98145,-1.67075,0.562732,-0.6236,0.14
1.96479,-1.661,0.556503,-0.6222,0.14
1.94823,-1.6512,0.550288,-0.6208,0.14
1.93176,-1.64137,0.544087,-0.6194,0.14
1.9154,-1.6315,0.5379,-0.618,0.14
1.89913,-1.6216,0.531727,-0.6166,0.14
1.88297,-1.61167,0.525568,-0.6152,0.14
1.8669,-1.60171,0.519423,-0.6138,0.14
1.85093,-1.59173,0.513292,-0.6124,0.14
1.83506,-1.58172,0.507175,-0.611,0.14
1.8193,-1.57169,0.501072,-0.6096,0.14
1.80363,-1.56164,0.494983,-0.6082,0.14
1.78806,-1.55158,0.488908,-0.6068,0.14
1.7726,-1.54151,0.482847,-0.6054,0.14
1.75723,-1.53143,0.4768,-0.604,0.14
1.74197,-1.52134,0.470767,-0.6026,0.14
1.72681,-1.51125,0.464748,-0.6012,0.14
1.71175,-1.50115,0.458743,-0.5998,0.14
1.69678,-1.49105,0.452752,-0.5984,0.14
1.68192,-1.48096,0.446775,-0.597,0.14
1.66717,-1.47086,0.440812,-0.5956,0.14
1.65251,-1.46078,0.434863,-0.5942,0.14
1.63795,-1.4507,0.428928,-0.5928,0.14
1.62349,-1.44064,0.423007,-0.5914,0.14
1.60914,-1.43058,0.4171,-0.59,0.14
1.59488,-1.42055,0.411207,-0.5886,0.14
1.58073,-1.41052,0.405328,-0.5872,0.14
1.56667,-1.40052,0.399463,-0.5858,0.14
1.55272,-1.39054,0.393612,-0.5844,0.14
1.53886,-1.38057,0.387775,-0.583,0.14
1.5251,-1.37064,0.381952,-0.5816,0.14
1.51145,-1.36072,0.376143,-0.5802,0.14
1.49789,-1.35084,0.370348,-0.5788,0.14
1.48443,-1.34098,0.364567,-0.5774,0.14
1.47107,-1.33115,0.3588,-0.576,0.14
1.45781,-1.32136,0.353047,-0.5746,0.14
1.44464,-1.3116,0.347308,-0.5732,0.14
1.43158,-1.30187,0.341583,-0.5718,0.14
1.41861,-1.29218,0.335872,-0.5704,0.14
1.40573,-1.28253,0.330175,-0.569,0.14
1.39295,-1.27291,0.324492,-0.5676,0.14
1.38027,-1.26334,0.318823,-0.5662,0.14
1.36769,-1.25381,0.313168,-0.5648,0.14
1.3552,-1.24431,0.307527,-0.5634,0.14
1.3428,-1.23487,0.3019,-0.562,0.14
1.3305,-1.22547,0.296287,-0.5606,0.14
1.31829,-1.21611,0.290688,-0.5592,0.14
1.30618,-1.2068,0.285103,-0.5578,0.14
1.29416,-1.19754,0.279532,-0.5564,0.14
1.28223,-1.18833,0.273975,-0.555,0.14
1.27039,-1.17916,0.268432,-0.5536,0.14
1.25864,-1.17005,0.262903,-0.5522,0.14
1.24699,-1.16099,0.257388,-0.5508,0.14
1.23542,-1.15198,0.251887,-0.5494,0.14
1.22395,-1.14302,0.2464,-0.548,0.14
1.21256,-1.13412,0.240927,-0.5466,0.14
1.20127,-1.12528,0.235468,-0.5452,0.14
1.19006,-1.11649,0.230023,-0.5438,0.14
1.17894,-1.10775,0.224592,-0.5424,0.14
1.1679,-1.09907,0.219175,-0.541,0.14
1.15695,-1.09045,0.213772,-0.5396,0.14
1.14609,-1.08189,0.208383,-0.5382,0.14
1.13532,-1.07338,0.203008,-0.5368,0.14
1.12462,-1.06493,0.197647,-0.5354,0.14
1.11402,-1.05655,0.1923,-0.534,0.14
1.10349,-1.04822,0.186967,-0.5326,0.14
1.09305,-1.03995,0.181648,-0.5312,0.14
1.08269,-1.03175,0.176343,-0.5298,0.14
1.07242,-1.0236,0.171052,-0.5284,0.14
1.06222,-1.01552,0.165775,-0.527,0.14
1.05211,-1.0075,0.160512,-0.5256,0.14
1.04207,-0.999536,0.155263,-0.5242,0.14
1.03212,-0.991639,0.150028,-0.5228,0.14
1.02224,-0.983804,0.144807,-0.5214,0.14
1.01244,-0.976033,0.1396,-0.52,0.14
1.00272,-0.968325,0.134407,-0.5186,0.14
0.993073,-0.960681,0.129228,-0.5172,0.14
0.983504,-0.9531,0.124063,-0.5158,0.14
0.974011,-0.945584,0.118912,-0.5144,0.14
0.964592,-0.938131,0.113775,-0.513,0.14
0.955248,-0.930743,0.108652,-0.5116,0.14
0.945977,-0.923419,0.103543,-0.5102,0.14
0.936779,-0.916159,0.098448,-0.5088,0.14
0.927654,-0.908964,0.093367,-0.5074,0.14
0.9186,-0.901834,0.0883,-0.506,0.14
0.909617,-0.894769,0.083247,-0.5046,0.14
0.900704,-0.887768,0.078208,-0.5032,0.14
0.891861,-0.880832,0.073183,-0.5018,0.14
0.883087,-0.873962,0.068172,-0.5004,0.14
0.874382,-0.867156,0.063175,-0.499,0.14
0.865744,-0.860415,0.058192,-0.4976,0.14
0.857173,-0.853739,0.053223,-0.4962,0.14
0.848669,-0.847128,0.048268,-0.4948,0.14
0.84023,-0.840582,0.043327,-0.4934,0.14
0.831857,-0.8341,0.0384,-0.492,0.14
0.823548,-0.827684,0.033487,-0.4906,0.14
0.815303,-0.821332,0.028588,-0.4892,0.14
0.807121,-0.815045,0.023703,-0.4878,0.14
0.799002,-0.808822,0.018832,-0.4864,0.14
0.790945,-0.802664,0.013975,-0.485,0.14
0.782949,-0.796571,0.009132,-0.4836,0.14
0.775013,-0.790542,0.004303,-0.4822,0.14
0.767137,-0.784577,-0.000512,-0.4808,0.14
0.759321,-0.778676,-0.005313,-0.4794,0.14
0.751564,-0.772839,-0.0101,-0.478,0.14
0.743864,-0.767066,-0.014873,-0.4766,0.14
0.736222,-0.761356,-0.019632,-0.4752,0.14
0.728637,-0.755711,-0.024377,-0.4738,0.14
0.721108,-0.750128,-0.029108,-0.4724,0.14
0.713634,-0.744609,-0.033825,-0.471,0.14
0.706215,-0.739153,-0.038528,-0.4696,0.14
0.698851,-0.73376,-0.043217,-0.4682,0.14
0.69154,-0.72843,-0.047892,-0.4668,0.14
0.684282,-0.723163,-0.052553,-0.4654,0.14
0.677077,-0.717957,-0.0572,-0.464,0.14
0.669923,-0.712815,-0.061833,-0.4626,0.14
0.66282,-0.707734,-0.066452,-0.4612,0.14
0.655768,-0.702715,-0.071057,-0.4598,0.14
0.648766,-0.697757,-0.075648,-0.4584,0.14
0.641812,-0.692862,-0.080225,-0.457,0.14
0.634908,-0.688027,-0.084788,-0.4556,0.14
0.628052,-0.683254,-0.089337,-0.4542,0.14
0.621243,-0.678542,-0.093872,-0.4528,0.14
0.614481,-0.67389,-0.098393,-0.4514,0.14
0.607765,-0.669299,-0.1029,-0.45,0.14
0.601095,-0.664768,-0.107393,-0.4486,0.14
0.594469,-0.660297,-0.111872,-0.4472,0.14
0.587888,-0.655886,-0.116337,-0.4458,0.14
0.581351,-0.651535,-0.120788,-0.4444,0.14
0.574857,-0.647243,-0.125225,-0.443,0.14
0.568406,-0.64301,-0.129648,-0.4416,0.14
0.561997,-0.638837,-0.134057,-0.4402,0.14
0.555629,-0.634722,-0.138452,-0.4388,0.14
0.549302,-0.630666,-0.142833,-0.4374,0.14
0.543016,-0.626668,-0.1472,-0.436,0.14
0.536769,-0.622729,-0.151553,-0.4346,0.14
0.530561,-0.618847,-0.155892,-0.4332,0.14
0.524392,-0.615023,-0.160217,-0.4318,0.14
0.51826,-0.611257,-0.164528,-0.4304,0.14
0.512166,-0.607548,-0.168825,-0.429,0.14
0.506109,-0.603896,-0.173108,-0.4276,0.14
0.500088,-0.600301,-0.177377,-0.4262,0.14
0.494103,-0.596763,-0.181632,-0.4248,0.14
0.488153,-0.593282,-0.185873,-0.4234,0.14
0.482237,-0.589856,-0.1901,-0.422,0.14
0.476356,-0.586487,-0.194313,-0.4206,0.14
0.470507,-0.583174,-0.198512,-0.4192,0.14
0.464692,-0.579916,-0.202697,-0.4178,0.14
0.458909,-0.576714,-0.206868,-0.4164,0.14
0.453157,-0.573567,-0.211025,-0.415,0.14
0.447437,-0.570475,-0.215168,-0.4136,0.14
0.441748,-0.567438,-0.219297,-0.4122,0.14
0.436088,-0.564456,-0.223412,-0.4108,0.14
0.430458,-0.561528,-0.227513,-0.4094,0.14
0.424858,-0.558654,-0.2316,-0.408,0.14
0.419285,-0.555835,-0.235673,-0.4066,0.14
0.413741,-0.55307,-0.239732,-0.4052,0.14
0.408224,-0.550358,-0.243777,-0.4038,0.14
0.402733,-0.5477,-0.247808,-0.4024,0.14
0.397269,-0.545095,-0.251825,-0.401,0.14
0.391831,-0.542544,-0.255828,-0.3996,0.14
0.386418,-0.540045,-0.259817,-0.3982,0.14
0.38103,-0.5376,-0.263792,-0.3968,0.14
0.375666,-0.535207,-0.267753,-0.3954,0.14
0.370326,-0.532867,-0.2717,-0.394,0.14
0.365009,-0.530579,-0.275633,-0.3926,0.14
0.359714,-0.528343,-0.279552,-0.3912,0.14
0.354442,-0.526159,-0.283457,-0.3898,0.14
0.349191,-0.524027,-0.287348,-0.3884,0.14
0.343961,-0.521947,-0.291225,-0.387,0.14
0.338752,-0.519919,-0.295088,-0.3856,0.14
0.333562,-0.517942,-0.298937,-0.3842,0.14
0.328393,-0.516016,-0.302772,-0.3828,0.14
0.323242,-0.514142,-0.306593,-0.3814,0.14
0.31811,-0.512318,-0.3104,-0.38,0.14
0.312995,-0.510546,-0.314193,-0.3786,0.14
0.307899,-0.508824,-0.317972,-0.3772,0.14
0.302819,-0.507153,-0.321737,-0.3758,0.14
0.297755,-0.505533,-0.325488,-0.3744,0.14
0.292708,-0.503962,-0.329225,-0.373,0.14
0.287676,-0.502442,-0.332948,-0.3716,0.14
0.282659,-0.500973,-0.336657,-0.3702,0.14
0.277656,-0.499553,-0.340352,-0.3688,0.14
0.272668,-0.498183,-0.344033,-0.3674,0.14
0.267692,-0.496864,-0.3477,-0.366,0.14
0.26273,-0.495594,-0.351353,-0.3646,0.14
0.25778,-0.494373,-0.354992,-0.3632,0.14
0.252843,-0.493202,-0.358617,-0.3618,0.14
0.247916,-0.492081,-0.362228,-0.3604,0.14
0.243001,-0.491009,-0.365825,-0.359,0.14
0.238096,-0.489986,-0.369408,-0.3576,0.14
0.233201,-0.489013,-0.372977,-0.3562,0.14
0.228315,-0.488089,-0.376532,-0.3548,0.14
0.223439,-0.487213,-0.380073,-0.3534,0.14
0.218571,-0.486387,-0.3836,-0.352,0.14
0.213711,-0.48561,-0.387113,-0.3506,0.14
0.208859,-0.484882,-0.390612,-0.3492,0.14
0.204013,-0.484202,-0.394097,-0.3478,0.14
0.199174,-0.483572,-0.397568,-0.3464,0.14
0.194342,-0.48299,-0.401025,-0.345,0.14
0.189514,-0.482457,-0.404468,-0.3436,0.14
0.184692,-0.481972,-0.407897,-0.3422,0.14
0.179875,-0.481536,-0.411312,-0.3408,0.14
0.175062,-0.481149,-0.414713,-0.3394,0.14
0.170252,-0.48081,-0.4181,-0.338,0.14
0.165445,-0.48052,-0.421473,-0.3366,0.14
0.160641,-0.480278,-0.424832,-0.3352,0.14
0.155839,-0.480085,-0.428177,-0.3338,0.14
0.151039,-0.47994,-0.431508,-0.3324,0.14
0.14624,-0.479843,-0.434825,-0.331,0.14
0.141442,-0.479795,-0.438128,-0.3296,0.14
0.136644,-0.479796,-0.441417,-0.3282,0.14
0.131846,-0.479845,-0.444692,-0.3268,0.14
0.127047,-0.479942,-0.447953,-0.3254,0.14
0.122247,-0.480088,-0.4512,-0.324,0.14
0.117445,-0.480283,-0.454433,-0.3226,0.14
0.112641,-0.480525,-0.457652,-0.3212,0.14
0.107835,-0.480817,-0.460857,-0.3198,0.14
0.103025,-0.481157,-0.464048,-0.3184,0.14
0.0982114,-0.481545,-0.467225,-0.317,0.14
0.0933939,-0.481982,-0.470388,-0.3156,0.14
0.0885716,-0.482468,-0.473537,-0.3142,0.14
0.0837443,-0.483002,-0.476672,-0.3128,0.14
0.0789114,-0.483585,-0.479793,-0.3114,0.14
0.0740725,-0.484217,-0.4829,-0.31,0.14
0.0692269,-0.484897,-0.485993,-0.3086,0.14
0.0643744,-0.485627,-0.489072,-0.3072,0.14
0.0595142,-0.486405,-0.492137,-0.3058,0.14
0.0546461,-0.487232,-0.495188,-0.3044,0.14
0.0497694,-0.488108,-0.498225,-0.303,0.14
0.0448838,-0.489034,-0.501248,-0.3016,0.14
0.0399886,-0.490008,-0.504257,-0.3002,0.14
0.0350834,-0.491032,-0.507252,-0.2988,0.14
0.0301678,-0.492105,-0.510233,-0.2974,0.14
0.0252412,-0.493227,-0.5132,-0.296,0.14
0.0203031,-0.494399,-0.516153,-0.2946,0.14
0.015353,-0.495621,-0.519092,-0.2932,0.14
0.0103905,-0.496892,-0.522017,-0.2918,0.14
0.00541502,-0.498213,-0.524928,-0.2904,0.14
0.000426075,-0.499584,-0.527825,-0.289,0.14
-0.00457682,-0.501004,-0.530708,-0.2876,0.14
-0.00959418,-0.502475,-0.533577,-0.2862,0.14
-0.0146265,-0.503996,-0.536432,-0.2848,0.14
-0.0196743,-0.505568,-0.539273,-0.2834,0.14
-0.024738,-0.507189,-0.5421,-0.282,0.14
-0.0298182,-0.508861,-0.544913,-0.2806,0.14
-0.0349154,-0.510584,-0.547712,-0.2792,0.14
-0.0400301,-0.512358,-0.550497,-0.2778,0.14
-0.0451627,-0.514182,-0.553268,-0.2764,0.14
-0.0503139,-0.516058,-0.556025,-0.275,0.14
-0.0554841,-0.517985,-0.558768,-0.2736,0.14
-0.0606738,-0.519963,-0.561497,-0.2722,0.14
-0.0658835,-0.521992,-0.564212,-0.2708,0.14
-0.0711138,-0.524074,-0.566913,-0.2694,0.14
-0.0763651,-0.526206,-0.5696,-0.268,0.14
-0.0816381,-0.528391,-0.572273,-0.2666,0.14
-0.0869331,-0.530628,-0.574932,-0.2652,0.14
-0.0922508,-0.532917,-0.577577,-0.2638,0.14
-0.0975917,-0.535259,-0.580208,-0.2624,0.14
-0.102956,-0.537653,-0.582825,-0.261,0.14
-0.108345,-0.540099,-0.585428,-0.2596,0.14
-0.113758,-0.542599,-0.588017,-0.2582,0.14
-0.119197,-0.545152,-0.590592,-0.2568,0.14
-0.124662,-0.547758,-0.593153,-0.2554,0.14
-0.130152,-0.550417,-0.5957,-0.254,0.14
-0.13567,-0.55313,-0.598233,-0.2526,0.14
-0.141215,-0.555896,-0.600752,-0.2512,0.14
-0.146788,-0.558717,-0.603257,-0.2498,0.14
-0.15239,-0.561591,-0.605748,-0.2484,0.14
-0.15802,-0.56452,-0.608225,-0.247,0.14
-0.16368,-0.567504,-0.610688,-0.2456,0.14
-0.16937,-0.570542,-0.613137,-0.2442,0.14
-0.175091,-0.573635,-0.615572,-0.2428,0.14
-0.180843,-0.576783,-0.617993,-0.2414,0.14
-0.186627,-0.579987,-0.6204,-0.24,0.14
-0.192443,-0.583246,-0.622793,-0.2386,0.14
-0.198292,-0.58656,-0.625172,-0.2372,0.14
-0.204175,-0.589931,-0.627537,-0.2358,0.14
-0.210091,-0.593357,-0.629888,-0.2344,0.14
-0.216042,-0.59684,-0.632225,-0.233,0.14
-0.222028,-0.60038,-0.634548,-0.2316,0.14
-0.22805,-0.603976,-0.636857,-0.2302,0.14
-0.234108,-0.607629,-0.639152,-0.2288,0.14
-0.240203,-0.611339,-0.641433,-0.2274,0.14
-0.246335,-0.615106,-0.6437,-0.226,0.14
-0.252505,-0.618931,-0.645953,-0.2246,0.14
-0.258714,-0.622814,-0.648192,-0.2232,0.14
-0.264961,-0.626755,-0.650417,-0.2218,0.14
-0.271249,-0.630754,-0.652628,-0.2204,0.14
-0.277577,-0.634811,-0.654825,-0.219,0.14
-0.283945,-0.638927,-0.657008,-0.2176,0.14
-0.290355,-0.643102,-0.659177,-0.2162,0.14
-0.296807,-0.647336,-0.661332,-0.2148,0.14
-0.303302,-0.651629,-0.663473,-0.2134,0.14
-0.30984,-0.655982,-0.6656,-0.212,0.14
-0.316422,-0.660394,-0.667713,-0.2106,0.14
-0.323048,-0.664866,-0.669812,-0.2092,0.14
-0.32972,-0.669399,-0.671897,-0.2078,0.14
-0.336437,-0.673991,-0.673968,-0.2064,0.14
-0.3432,-0.678644,-0.676025,-0.205,0.14
-0.35001,-0.683358,-0.678068,-0.2036,0.14
-0.356867,-0.688133,-0.680097,-0.2022,0.14
-0.363772,-0.692968,-0.682112,-0.2008,0.14
-0.370727,-0.697865,-0.684113,-0.1994,0.14
-0.37773,-0.702824,-0.6861,-0.198,0.14
-0.384783,-0.707844,-0.688073,-0.1966,0.14
-0.391887,-0.712927,-0.690032,-0.1952,0.14
-0.399042,-0.718071,-0.691977,-0.1938,0.14
-0.406249,-0.723277,-0.693908,-0.1924,0.14
-0.413508,-0.728546,-0.695825,-0.191,0.14
-0.42082,-0.733878,-0.697728,-0.1896,0.14
-0.428186,-0.739272,-0.699617,-0.1882,0.14
-0.435605,-0.74473,-0.701492,-0.1868,0.14
-0.44308,-0.75025,-0.703353,-0.1854,0.14
-0.450611,-0.755834,-0.7052,-0.184,0.14
-0.458197,-0.761481,-0.707033,-0.1826,0.14
-0.465841,-0.767192,-0.708852,-0.1812,0.14
-0.473541,-0.772966,-0.710657,-0.1798,0.14
-0.4813,-0.778804,-0.712448,-0.1784,0.14
-0.489118,-0.784707,-0.714225,-0.177,0.14
-0.496994,-0.790673,-0.715988,-0.1756,0.14
-0.504931,-0.796704,-0.717737,-0.1742,0.14
-0.512929,-0.802799,-0.719472,-0.1728,0.14
-0.520987,-0.808958,-0.721193,-0.1714,0.14
-0.529108,-0.815182,-0.7229,-0.17,0.14
-0.537291,-0.82147,-0.724593,-0.1686,0.14
-0.545538,-0.827824,-0.726272,-0.1672,0.14
-0.553848,-0.834242,-0.727937,-0.1658,0.14
-0.562223,-0.840724,-0.729588,-0.1644,0.14
-0.570663,-0.847272,-0.731225,-0.163,0.14
-0.579168,-0.853884,-0.732848,-0.1616,0.14
-0.587741,-0.860562,-0.734457,-0.1602,0.14
-0.59638,-0.867304,-0.736052,-0.1588,0.14
-0.605087,-0.874112,-0.737633,-0.1574,0.14
-0.613862,-0.880984,-0.7392,-0.156,0.14
-0.622707,-0.887921,-0.740753,-0.1546,0.14
-0.631621,-0.894923,-0.742292,-0.1532,0.14
-0.640605,-0.90199,-0.743817,-0.1518,0.14
-0.649661,-0.909121,-0.745328,-0.1504,0.14
-0.658788,-0.916318,-0.746825,-0.149,0.14
-0.667987,-0.923579,-0.748308,-0.1476,0.14
-0.67726,-0.930904,-0.749777,-0.1462,0.14
-0.686606,-0.938294,-0.751232,-0.1448,0.14
-0.696026,-0.945748,-0.752673,-0.1434,0.14
-0.705521,-0.953266,-0.7541,-0.142,0.14
-0.715091,-0.960848,-0.755513,-0.1406,0.14
-0.724738,-0.968494,-0.756912,-0.1392,0.14
-0.734462,-0.976203,-0.758297,-0.1378,0.14
-0.744262,-0.983975,-0.759668,-0.1364,0.14
-0.754141,-0.991811,-0.761025,-0.135,0.14
-0.764099,-0.999709,-0.762368,-0.1336,0.14
-0.774136,-1.00767,-0.763697,-0.1322,0.14
-0.784252,-1.01569,-0.765012,-0.1308,0.14
-0.79445,-1.02378,-0.766313,-0.1294,0.14
-0.804728,-1.03192,-0.7676,-0.128,0.14
-0.815088,-1.04013,-0.768873,-0.1266,0.14
-0.825531,-1.0484,-0.770132,-0.1252,0.14
-0.836057,-1.05673,-0.771377,-0.1238,0.14
-0.846666,-1.06512,-0.772608,-0.1224,0.14
-0.857359,-1.07357,-0.773825,-0.121,0.14
-0.868137,-1.08207,-0.775028,-0.1196,0.14
-0.879001,-1.09064,-0.776217,-0.1182,0.14
-0.88995,-1.09926,-0.777392,-0.1168,0.14
-0.900986,-1.10794,-0.778553,-0.1154,0.14
-0.912109,-1.11668,-0.7797,-0.114,0.14
-0.92332,-1.12547,-0.780833,-0.1126,0.14
-0.934619,-1.13432,-0.781952,-0.1112,0.14
-0.946007,-1.14322,-0.783057,-0.1098,0.14
-0.957483,-1.15218,-0.784148,-0.1084,0.14
-0.96905,-1.16119,-0.785225,-0.107,0.14
-0.980707,-1.17025,-0.786288,-0.1056,0.14
-0.992455,-1.17936,-0.787337,-0.1042,0.14
-1.00429,-1.18853,-0.788372,-0.1028,0.14
-1.01623,-1.19774,-0.789393,-0.1014,0.14
-1.02825,-1.207,-0.7904,-0.1,0.14
-1.04037,-1.21631,-0.791393,-0.0986,0.14
-1.05258,-1.22567,-0.792372,-0.0972,0.14
-1.06488,-1.23507,-0.793337,-0.0958,0.14
-1.07728,-1.24452,-0.794288,-0.0944,0.14
-1.08977,-1.25401,-0.795225,-0.093,0.14
-1.10236,-1.26355,-0.796148,-0.0916,0.14
-1.11504,-1.27312,-0.797057,-0.0902,0.14
-1.12782,-1.28274,-0.797952,-0.0888,0.14
-1.1407,-1.29239,-0.798833,-0.0874,0.14
-1.15367,-1.30208,-0.7997,-0.086,0.14
-1.16674,-1.31181,-0.800553,-0.0846,0.14
-1.17991,-1.32157,-0.801392,-0.0832,0.14
-1.19317,-1.33137,-0.802217,-0.0818,0.14
-1.20653,-1.3412,-0.803028,-0.0804,0.14
-1.21999,-1.35105,-0.803825,-0.079,0.14
-1.23355,-1.36094,-0.804608,-0.0776,0.14
-1.24721,-1.37085,-0.805377,-0.0762,0.14
-1.26097,-1.38079,-0.806132,-0.0748,0.14
-1.27483,-1.39075,-0.806873,-0.0734,0.14
-1.28879,-1.40074,-0.8076,-0.072,0.14
-1.30284,-1.41074,-0.808313,-0.0706,0.14
-1.317,-1.42077,-0.809012,-0.0692,0.14
-1.33126,-1.4308,-0.809697,-0.0678,0.14
-1.34562,-1.44086,-0.810368,-0.0664,0.14
-1.36008,-1.45092,-0.811025,-0.065,0.14
-1.37464,-1.461,-0.811668,-0.0636,0.14
-1.3893,-1.47109,-0.812297,-0.0622,0.14
-1.40406,-1.48118,-0.812912,-0.0608,0.14
-1.41892,-1.49127,-0.813513,-0.0594,0.14
-1.43388,-1.50137,-0.8141,-0.058,0.14
-1.44895,-1.51147,-0.814673,-0.0566,0.14
-1.46411,-1.52156,-0.815232,-0.0552,0.14
-1.47938,-1.53165,-0.815777,-0.0538,0.14
-1.49475,-1.54173,-0.816308,-0.0524,0.14
-1.51021,-1.5518,-0.816825,-0.051,0.14
-1.52578,-1.56186,-0.817328,-0.0496,0.14
-1.54145,-1.57191,-0.817817,-0.0482,0.14
-1.55722,-1.58194,-0.818292,-0.0468,0.14
-1.57309,-1.59194,-0.818753,-0.0454,0.14
-1.58906,-1.60193,-0.8192,-0.044,0.14
-1.60513,-1.61189,-0.819633,-0.0426,0.14
-1.6213,-1.62182,-0.820052,-0.0412,0.14
-1.63756,-1.63172,-0.820457,-0.0398,0.14
-1.65393,-1.64159,-0.820848,-0.0384,0.14
-1.6704,-1.65142,-0.821225,-0.037,0.14
-1.68696,-1.66121,-0.821588,-0.0356,0.14
-1.70362,-1.67096,-0.821937,-0.0342,0.14
-1.72038,-1.68066,-0.822272,-0.0328,0.14
-1.73723,-1.69032,-0.822593,-0.0314,0.14
-1.75418,-1.69992,-0.8229,-0.03,0.14
-1.77123,-1.70947,-0.823193,-0.0286,0.14
-1.78837,-1.71896,-0.823472,-0.0272,0.14
-1.80561,-1.72839,-0.823737,-0.0258,0.14
-1.82294,-1.73776,-0.823988,-0.0244,0.14
-1.84036,-1.74706,-0.824225,-0.023,0.14
-1.85788,-1.75629,-0.824448,-0.0216,0.14
-1.87549,-1.76545,-0.824657,-0.0202,0.14
-1.89319,-1.77453,-0.824852,-0.0188,0.14
-1.91098,-1.78353,-0.825033,-0.0174,0.14
-1.92886,-1.79245,-0.8252,-0.016,0.14
-1.94683,-1.80128,-0.825353,-0.0146,0.14
-1.96489,-1.81002,-0.825492,-0.0132,0.14
-1.98303,-1.81867,-0.825617,-0.0118,0.14
-2.00126,-1.82722,-0.825728,-0.0104,0.14
-2.01957,-1.83568,-0.825825,-0.009,0.14
-2.03797,-1.84403,-0.825908,-0.0076,0.14
-2.05645,-1.85227,-0.825977,-0.0062,0.14
-2.07502,-1.86041,-0.826032,-0.0048,0.14
-2.09366,-1.86843,-0.826073,-0.0034,0.14
-2.11239,-1.87633,-0.8261,-0.002,0.14
-2.13119,-1.88412,-0.826113,-0.0006,0.14
-2.15007,-1.89179,-0.826112,0.0008,0.14
-2.16902,-1.89932,-0.826097,0.0022,0.14
-2.18805,-1.90673,-0.826068,0.0036,0.14
-2.20716,-1.91401,-0.826025,0.005,0.14
-2.22633,-1.92115,-0.825968,0.0064,0.14
-2.24558,-1.92816,-0.825897,0.0078,0.14
-2.2649,-1.93502,-0.825812,0.0092,0.14
-2.28428,-1.94174,-0.825713,0.0106,0.14
-2.30373,-1.94831,-0.8256,0.012,0.14
-2.32325,-1.95473,-0.825473,0.0134,0.14
-2.34282,-1.961,-0.825332,0.0148,0.14
-2.36246,-1.9671,-0.825177,0.0162,0.14
-2.38217,-1.97306,-0.825008,0.0176,0.14
-2.40193,-1.97884,-0.824825,0.019,0.14
-2.42174,-1.98447,-0.824628,0.0204,0.14
-2.44161,-1.98992,-0.824417,0.0218,0.14
-2.46154,-1.99521,-0.824192,0.0232,0.14
-2.48152,-2.00032,-0.823953,0.0246,0.14
-2.50155,-2.00526,-0.8237,0.026,0.14
-2.52162,-2.01002,-0.823433,0.0274,0.14
-2.54175,-2.0146,-0.823152,0.0288,0.14
-2.56191,-2.019,-0.822857,0.0302,0.14
-2.58212,-2.02321,-0.822548,0.0316,0.14
-2.60238,-2.02724,-0.822225,0.033,0.14
-2.62267,-2.03108,-0.821888,0.0344,0.14
-2.643,-2.03473,-0.821537,0.0358,0.14
-2.66336,-2.03818,-0.821172,0.0372,0.14
-2.68376,-2.04144,-0.820793,0.0386,0.14
-2.70419,-2.04451,-0.8204,0.04,0.14
-2.72465,-2.04738,-0.819993,0.0414,0.14
-2.74514,-2.05005,-0.819572,0.0428,0.14
-2.76565,-2.05252,-0.819137,0.0442,0.14
-2.78619,-2.05479,-0.818688,0.0456,0.14
-2.80675,-2.05685,-0.818225,0.047,0.14
-2.82732,-2.05871,-0.817748,0.0484,0.14
-2.84792,-2.06037,-0.817257,0.0498,0.14
-2.86853,-2.06182,-0.816752,0.0512,0.14
-2.88916,-2.06307,-0.816233,0.0526,0.14
-2.90979,-2.06411,-0.8157,0.054,0.14
-2.93044,-2.06494,-0.815153,0.0554,0.14
-2.95109,-2.06556,-0.814592,0.0568,0.14
-2.97175,-2.06598,-0.814017,0.0582,0.14
-2.99241,-2.06618,-0.813428,0.0596,0.14
-3.01307,-2.06618,-0.812825,0.061,0.14
-3.03373,-2.06597,-0.812208,0.0624,0.14
-3.05439,-2.06555,-0.811577,0.0638,0.14
-3.07504,-2.06492,-0.810932,0.0652,0.14
-3.09569,-2.06408,-0.810273,0.0666,0.14
-3.11632,-2.06304,-0.8096,0.068,0.14
-3.13695,-2.06179,-0.808913,0.0694,0.14
3.12563,-2.06033,-0.808212,0.0708,0.14
3.10503,-2.05867,-0.807497,0.0722,0.14
3.08445,-2.05681,-0.806768,0.0736,0.14
3.0639,-2.05474,-0.806025,0.075,0.14
3.04336,-2.05246,-0.805268,0.0764,0.14
3.02285,-2.04999,-0.804497,0.0778,0.14
3.00236,-2.04731,-0.803712,0.0792,0.14
2.9819,-2.04444,-0.802913,0.0806,0.14
2.96147,-2.04137,-0.8021,0.082,0.14
2.94108,-2.0381,-0.801273,0.0834,0.14
2.92071,-2.03464,-0.800432,0.0848,0.14
2.90038,-2.03099,-0.799577,0.0862,0.14
2.88009,-2.02715,-0.798708,0.0876,0.14
2.85984,-2.02311,-0.797825,0.089,0.14
2.83963,-2.0189,-0.796928,0.0904,0.14
2.81946,-2.01449,-0.796017,0.0918,0.14
2.79934,-2.00991,-0.795092,0.0932,0.14
2.77927,-2.00515,-0.794153,0.0946,0.14
2.75924,-2.0002,-0.7932,0.096,0.14
2.73926,-1.99509,-0.792233,0.0974,0.14
2.71934,-1.9898,-0.791252,0.0988,0.14
2.69947,-1.98434,-0.790257,0.1002,0.14
2.67965,-1.97871,-0.789248,0.1016,0.14
2.65989,-1.97292,-0.788225,0.103,0.14
2.64019,-1.96696,-0.787188,0.1044,0.14
2.62056,-1.96085,-0.786137,0.1058,0.14
2.60098,-1.95458,-0.785072,0.1072,0.14
2.58146,-1.94816,-0.783993,0.1086,0.14
2.56202,-1.94158,-0.7829,0.11,0.14
2.54263,-1.93486,-0.781793,0.1114,0.14
2.52332,-1.928,-0.780672,0.1128,0.14
2.50407,-1.92099,-0.779537,0.1142,0.14
2.4849,-1.91384,-0.778388,0.1156,0.14
2.4658,-1.90656,-0.777225,0.117,0.14
2.44677,-1.89915,-0.776048,0.1184,0.14
2.42781,-1.89161,-0.774857,0.1198,0.14
2.40894,-1.88394,-0.773652,0.1212,0.14
2.39014,-1.87615,-0.772433,0.1226,0.14
2.37141,-1.86824,-0.7712,0.124,0.14
2.35277,-1.86022,-0.769953,0.1254,0.14
2.33421,-1.85208,-0.768692,0.1268,0.14
2.31573,-1.84383,-0.767417,0.1282,0.14
2.29733,-1.83548,-0.766128,0.1296,0.14
2.27902,-1.82702,-0.764825,0.131,0.14
2.26079,-1.81847,-0.763508,0.1324,0.14
2.24265,-1.80982,-0.762177,0.1338,0.14
2.2246,-1.80107,-0.760832,0.1352,0.14
2.20663,-1.79224,-0.759473,0.1366,0.14
2.18875,-1.78332,-0.7581,0.138,0.14
2.17097,-1.77432,-0.756713,0.1394,0.14
2.15327,-1.76523,-0.755312,0.1408,0.14
2.13566,-1.75608,-0.753897,0.1422,0.14
2.11815,-1.74684,-0.752468,0.1436,0.14
2.10072,-1.73754,-0.751025,0.145,0.14
2.0834,-1.72817,-0.749568,0.1464,0.14
2.06616,-1.71874,-0.748097,0.1478,0.14
2.04902,-1.70925,-0.746612,0.1492,0.14
2.03198,-1.6997,-0.745113,0.1506,0.14
2.01503,-1.69009,-0.7436,0.152,0.14
1.99817,-1.68043,-0.742073,0.1534,0.14
1.98142,-1.67073,-0.740532,0.1548,0.14
1.96476,-1.66098,-0.738977,0.1562,0.14
1.9482,-1.65119,-0.737408,0.1576,0.14
1.93174,-1.64136,-0.735825,0.159,0.14
1.91537,-1.63149,-0.734228,0.1604,0.14
1.89911,-1.62159,-0.732617,0.1618,0.14
1.88294,-1.61166,-0.730992,0.1632,0.14
1.86687,-1.6017,-0.729353,0.1646,0.14
1.85091,-1.59171,-0.7277,0.166,0.14
1.83504,-1.5817,-0.726033,0.1674,0.14
1.81927,-1.57167,-0.724352,0.1688,0.14
1.80361,-1.56163,-0.722657,0.1702,0.14
1.78804,-1.55157,-0.720948,0.1716,0.14
1.77258,-1.5415,-0.719225,0.173,0.14
1.75721,-1.53141,-0.717488,0.1744,0.14
1.74195,-1.52132,-0.715737,0.1758,0.14
1.72678,-1.51123,-0.713972,0.1772,0.14
1.71172,-1.50113,-0.712193,0.1786,0.14
1.69676,-1.49104,-0.7104,0.18,0.14
1.6819,-1.48094,-0.708593,0.1814,0.14
1.66714,-1.47085,-0.706772,0.1828,0.14
1.65248,-1.46076,-0.704937,0.1842,0.14
1.63793,-1.45069,-0.703088,0.1856,0.14
1.62347,-1.44062,-0.701225,0.187,0.14
1.60911,-1.43057,-0.699348,0.1884,0.14
1.59486,-1.42053,-0.697457,0.1898,0.14
1.5807,-1.41051,-0.695552,0.1912,0.14
1.56665,-1.4005,-0.693633,0.1926,0.14
1.55269,-1.39052,-0.6917,0.194,0.14
1.53884,-1.38056,-0.689753,0.1954,0.14
1.52508,-1.37062,-0.687792,0.1968,0.14
1.51143,-1.36071,-0.685817,0.1982,0.14
1.49787,-1.35082,-0.683828,0.1996,0.14
1.48441,-1.34097,-0.681825,0.201,0.14
1.47105,-1.33114,-0.679808,0.2024,0.14
1.45779,-1.32134,-0.677777,0.2038,0.14
1.44462,-1.31158,-0.675732,0.2052,0.14
1.43155,-1.30186,-0.673673,0.2066,0.14
1.41858,-1.29217,-0.6716,0.208,0.14
1.40571,-1.28251,-0.669513,0.2094,0.14
1.39293,-1.2729,-0.667412,0.2108,0.14
1.38025,-1.26332,-0.665297,0.2122,0.14
1.36767,-1.25379,-0.663168,0.2136,0.14
1.35518,-1.2443,-0.661025,0.215,0.14
1.34278,-1.23485,-0.658868,0.2164,0.14
1.33048,-1.22545,-0.656697,0.2178,0.14
1.31827,-1.21609,-0.654512,0.2192,0.14
1.30616,-1.20679,-0.652313,0.2206,0.14
1.29414,-1.19752,-0.6501,0.222,0.14
1.28221,-1.18831,-0.647873,0.2234,0.14
1.27037,-1.17915,-0.645632,0.2248,0.14
1.25862,-1.17004,-0.643377,0.2262,0.14
1.24697,-1.16097,-0.641108,0.2276,0.14
1.2354,-1.15197,-0.638825,0.229,0.14
1.22393,-1.14301,-0.636528,0.2304,0.14
1.21254,-1.13411,-0.634217,0.2318,0.14
1.20125,-1.12526,-0.631892,0.2332,0.14
1.19004,-1.11647,-0.629553,0.2346,0.14
1.17892,-1.10774,-0.6272,0.236,0.14
1.16788,-1.09906,-0.624833,0.2374,0.14
1.15694,-1.09044,-0.622452,0.2388,0.14
1.14608,-1.08187,-0.620057,0.2402,0.14
1.1353,-1.07337,-0.617648,0.2416,0.14
1.12461,-1.06492,-0.615225,0.243,0.14
1.114,-1.05653,-0.612788,0.2444,0.14
1.10348,-1.04821,-0.610337,0.2458,0.14
1.09304,-1.03994,-0.607872,0.2472,0.14
1.08268,-1.03173,-0.605393,0.2486,0.14
1.0724,-1.02359,-0.6029,0.25,0.14
1.06221,-1.0155,-0.600393,0.2514,0.14
1.05209,-1.00748,-0.597872,0.2528,0.14
1.04206,-0.999523,-0.595337,0.2542,0.14
1.0321,-0.991626,-0.592788,0.2556,0.14
1.02222,-0.983792,-0.590225,0.257,0.14
1.01242,-0.976021,-0.587648,0.2584,0.14
1.0027,-0.968313,-0.585057,0.2598,0.14
0.993058,-0.960669,-0.582452,0.2612,0.14
0.983489,-0.953089,-0.579833,0.2626,0.14
0.973996,-0.945572,-0.5772,0.264,0.14
0.964577,-0.938119,-0.574553,0.2654,0.14
0.955233,-0.930731,-0.571892,0.2668,0.14
0.945963,-0.923407,-0.569217,0.2682,0.14
0.936765,-0.916148,-0.566528,0.2696,0.14
0.927639,-0.908953,-0.563825,0.271,0.14
0.918585,-0.901823,-0.561108,0.2724,0.14
0.909603,-0.894758,-0.558377,0.2738,0.14
0.90069,-0.887757,-0.555632,0.2752,0.14
0.891847,-0.880822,-0.552873,0.2766,0.14
0.883073,-0.873951,-0.5501,0.278,0.14
0.874368,-0.867145,-0.547313,0.2794,0.14
0.86573,-0.860404,-0.544512,0.2808,0.14
0.85716,-0.853728,-0.541697,0.2822,0.14
0.848656,-0.847117,-0.538868,0.2836,0.14
0.840217,-0.840571,-0.536025,0.285,0.14
0.831844,-0.83409,-0.533168,0.2864,0.14
0.823535,-0.827674,-0.530297,0.2878,0.14
0.81529,-0.821322,-0.527412,0.2892,0.14
0.807109,-0.815035,-0.524513,0.2906,0.14
0.798989,-0.808813,-0.5216,0.292,0.14
0.790932,-0.802655,-0.518673,0.2934,0.14
0.782936,-0.796561,-0.515732,0.2948,0.14
0.775001,-0.790532,-0.512777,0.2962,0.14
0.767125,-0.784567,-0.509808,0.2976,0.14
0.759309,-0.778667,-0.506825,0.299,0.14
0.751552,-0.77283,-0.503828,0.3004,0.14
0.743852,-0.767057,-0.500817,0.3018,0.14
0.73621,-0.761348,-0.497792,0.3032,0.14
0.728625,-0.755702,-0.494753,0.3046,0.14
0.721096,-0.75012,-0.4917,0.306,0.14
0.713622,-0.744601,-0.488633,0.3074,0.14
0.706204,-0.739145,-0.485552,0.3088,0.14
0.698839,-0.733752,-0.482457,0.3102,0.14
0.691529,-0.728422,-0.479348,0.3116,0.14
0.684271,-0.723154,-0.476225,0.313,0.14
0.677065,-0.717949,-0.473088,0.3144,0.14
0.669912,-0.712807,-0.469937,0.3158,0.14
0.662809,-0.707726,-0.466772,0.3172,0.14
0.655757,-0.702707,-0.463593,0.3186,0.14
0.648755,-0.69775,-0.4604,0.32,0.14
0.641802,-0.692854,-0.457193,0.3214,0.14
0.634897,-0.68802,-0.453972,0.3228,0.14
0.628041,-0.683247,-0.450737,0.3242,0.14
0.621232,-0.678534,-0.447488,0.3256,0.14
0.61447,-0.673883,-0.444225,0.327,0.14
0.607754,-0.669291,-0.440948,0.3284,0.14
0.601084,-0.664761,-0.437657,0.3298,0.14
0.594459,-0.66029,-0.434352,0.3312,0.14
0.587878,-0.655879,-0.431033,0.3326,0.14
0.581341,-0.651528,-0.4277,0.334,0.14
0.574847,-0.647236,-0.424353,0.3354,0.14
0.568396,-0.643004,-0.420992,0.3368,0.14
0.561987,-0.63883,-0.417617,0.3382,0.14
0.555619,-0.634715,-0.414228,0.3396,0.14
0.549293,-0.630659,-0.410825,0.341,0.14
0.543006,-0.626662,-0.407408,0.3424,0.14
0.536759,-0.622722,-0.403977,0.3438,0.14
0.530551,-0.618841,-0.400532,0.3452,0.14
0.524382,-0.615017,-0.397073,0.3466,0.14
0.518251,-0.611251,-0.3936,0.348,0.14
0.512157,-0.607542,-0.390113,0.3494,0.14
0.5061,-0.603891,-0.386612,0.3508,0.14
0.500079,-0.600296,-0.383097,0.3522,0.14
0.494094,-0.596758,-0.379568,0.3536,0.14
0.488144,-0.593276,-0.376025,0.355,0.14
0.482228,-0.589851,-0.372468,0.3564,0.14
0.476346,-0.586482,-0.368897,0.3578,0.14
0.470498,-0.583168,-0.365312,0.3592,0.14
0.464683,-0.579911,-0.361713,0.3606,0.14
0.4589,-0.576709,-0.3581,0.362,0.14
0.453148,-0.573562,-0.354473,0.3634,0.14
0.447428,-0.57047,-0.350832,0.3648,0.14
0.441739,-0.567433,-0.347177,0.3662,0.14
0.436079,-0.564451,-0.343508,0.3676,0.14
0.43045,-0.561523,-0.339825,0.369,0.14
0.424849,-0.55865,-0.336128,0.3704,0.14
0.419276,-0.555831,-0.332417,0.3718,0.14
0.413732,-0.553065,-0.328692,0.3732,0.14
0.408215,-0.550354,-0.324953,0.3746,0.14
0.402725,-0.547696,-0.3212,0.376,0.14
0.397261,-0.545091,-0.317433,0.3774,0.14
0.391823,-0.54254,-0.313652,0.3788,0.14
0.38641,-0.540041,-0.309857,0.3802,0.14
0.381022,-0.537596,-0.306048,0.3816,0.14
0.375658,-0.535203,-0.302225,0.383,0.14
0.370318,-0.532863,-0.298388,0.3844,0.14
0.365,-0.530575,-0.294537,0.3858,0.14
0.359706,-0.528339,-0.290672,0.3872,0.14
0.354433,-0.526156,-0.286793,0.3886,0.14
0.349183,-0.524024,-0.2829,0.39,0.14
0.343953,-0.521944,-0.278993,0.3914,0.14
0.338744,-0.519916,-0.275072,0.3928,0.14
0.333554,-0.517939,-0.271137,0.3942,0.14
0.328385,-0.516013,-0.267188,0.3956,0.14
0.323234,-0.514139,-0.263225,0.397,0.14
0.318102,-0.512316,-0.259248,0.3984,0.14
0.312987,-0.510543,-0.255257,0.3998,0.14
0.307891,-0.508822,-0.251252,0.4012,0.14
0.302811,-0.507151,-0.247233,0.4026,0.14
0.297747,-0.50553,-0.2432,0.404,0.14
0.2927,-0.50396,-0.239153,0.4054,0.14
0.287668,-0.50244,-0.235092,0.4068,0.14
0.282651,-0.500971,-0.231017,0.4082,0.14
0.277648,-0.499551,-0.226928,0.4096,0.14
0.27266,-0.498181,-0.222825,0.411,0.14
0.267685,-0.496862,-0.218708,0.4124,0.14
0.262722,-0.495592,-0.214577,0.4138,0.14
0.257773,-0.494371,-0.210432,0.4152,0.14
0.252835,-0.493201,-0.206273,0.4166,0.14
0.247909,-0.492079,-0.2021,0.418,0.14
0.242993,-0.491007,-0.197913,0.4194,0.14
0.238088,-0.489985,-0.193712,0.4208,0.14
0.233193,-0.489011,-0.189497,0.4222,0.14
0.228308,-0.488087,-0.185268,0.4236,0.14
0.223431,-0.487212,-0.181025,0.425,0.14
0.218563,-0.486386,-0.176768,0.4264,0.14
0.213703,-0.485609,-0.172497,0.4278,0.14
0.208851,-0.484881,-0.168212,0.4292,0.14
0.204006,-0.484201,-0.163913,0.4306,0.14
0.199167,-0.483571,-0.1596,0.432,-0.76
0.194378,-0.474162,-0.155318,0.4244,-0.76
0.189683,-0.464794,-0.151112,0.4168,-0.76
0.185082,-0.455464,-0.146982,0.4092,-0.76
0.180574,-0.446173,-0.142928,0.4016,-0.76
0.176159,-0.436919,-0.13895,0.394,-0.76
0.171836,-0.427703,-0.135048,0.3864,-0.76
0.167604,-0.418523,-0.131222,0.3788,-0.76
0.163465,-0.409379,-0.127472,0.3712,-0.76
0.159417,-0.40027,-0.123798,0.3636,-0.76
0.155459,-0.391197,-0.1202,0.356,-0.76
0.151593,-0.382157,-0.116678,0.3484,-0.76
0.147816,-0.373151,-0.113232,0.3408,-0.76
0.14413,-0.364177,-0.109862,0.3332,-0.76
0.140533,-0.355235,-0.106568,0.3256,-0.76
0.137025,-0.346325,-0.10335,0.318,-0.76
0.133606,-0.337446,-0.100208,0.3104,-0.76
0.130276,-0.328596,-0.097142,0.3028,-0.76
0.127034,-0.319776,-0.094152,0.2952,-0.76
0.12388,-0.310985,-0.091238,0.2876,-0.76
0.120814,-0.302221,-0.0884,0.28,-0.76
0.117836,-0.293485,-0.085638,0.2724,-0.76
0.114944,-0.284775,-0.082952,0.2648,-0.76
0.11214,-0.276091,-0.080342,0.2572,-0.76
0.109422,-0.267432,-0.077808,0.2496,-0.76
0.106791,-0.258797,-0.07535,0.242,-0.76
0.104246,-0.250187,-0.072968,0.2344,-0.76
0.101788,-0.241599,-0.070662,0.2268,-0.76
0.0994144,-0.233033,-0.068432,0.2192,-0.76
0.0971268,-0.224488,-0.066278,0.2116,-0.76
0.0949246,-0.215965,-0.0642,0.204,-0.76
0.0928075,-0.207461,-0.062198,0.1964,-0.76
0.0907753,-0.198976,-0.060272,0.1888,-0.76
0.0888279,-0.19051,-0.058422,0.1812,-0.76
0.086965,-0.182062,-0.056648,0.1736,-0.76
0.0851866,-0.17363,-0.05495,0.166,-0.76
0.0834924,-0.165215,-0.053328,0.1584,-0.76
0.0818822,-0.156815,-0.051782,0.1508,-0.76
0.080356,-0.14843,-0.050312,0.1432,-0.76
0.0789136,-0.140059,-0.048918,0.1356,-0.76
0.0775548,-0.1317,-0.0476,0.128,-0.76
0.0762795,-0.123354,-0.046358,0.1204,-0.76
0.0750877,-0.11502,-0.045192,0.1128,-0.76
0.0739791,-0.106697,-0.044102,0.1052,-0.76
0.0729537,-0.0983832,-0.043088,0.0976,-0.76
