0.00190000000000000,0.04880000000000000,0.00000000000000000,0.00000000000000000,0.00000000000000000,4.71630000000000038
0.00191204399336700,0.04859167143860025,0.00471334419333723,0.02393533223645946,-0.41628085755446920,4.70364992824087036
0.00194753978561422,0.04796895843633376,0.00939389881863835,0.04687876201575172,-0.82800328864926309,4.65081850660197116
0.00200542479180464,0.04693870017078419,0.01400188375291026,0.06869284640311266,-1.23062573433004130,4.55871596038375948
0.00208451119631492,0.04551219815357876,0.01849874847035475,0.08926498515439553,-1.61978431096493058,4.42888645226699929
0.00218351190245099,0.04370498206773896,0.02284778732194301,0.10850948221364450,-1.99140437196395270,4.26346659618613089
0.00230106806655952,0.04153646936304706,0.02701470125783018,0.12636863570760748,-2.34180037915568073,4.06512033426149078
0.00243577720533490,0.03902953327027409,0.03096808417526124,0.14281278978934706,-2.66775834494941488,3.83695410597899267
0.00258622083791789,0.03620999893707777,0.03467981679240893,0.15783936112711011,-2.96659658378739000,3.58241772834793126
0.00275099067606317,0.03310609074023745,0.03812535686666354,0.17147092926128210,-3.23620237449122339,3.30519729400825613
0.00292871249823718,0.02974785523047299,0.04128392104270803,0.18375254402395144,-3.47504412822284081,3.00910659913469569
0.00311806702080316,0.02616658361809743,0.04413855995320373,0.19474844777973707,-3.68216052238698666,2.69798316294012386
0.00331780729001645,0.02239425544933359,0.04667613380321696,0.20453843197001065,-3.85712958634607572,2.37559391919397989
0.00352677233939317,0.01846302156938561,0.04888720010642584,0.21321404659906609,-4.00002177464134334,2.04555433259718678
0.00374389706703782,0.01440474012594421,0.05076582826325687,0.22087486128016487,-4.11134159026190371,1.71126322466196945
0.00396821847013023,0.01025057474808336,0.05230935723462946,0.22762494266775957,-4.19196235747620349,1.37585417304433100
0.00419887851827708,0.00603065958827789,0.05351811279380389,0.23356967169860984,-4.24305838249796352,1.04216311898718228
0.00443512404918184,0.00177383197787114,0.05439509997288210,0.23881298084514668,-4.26603810340230716,0.71271086701716901
0.00467630412971046,-0.00249256976988568,0.05494568465875047,0.24345505120944105,-4.26248104564799224,0.38969852101468239
0.00492186534748001,-0.00674284827999092,0.05517727614253538,0.24759047490967431,-4.23408057874595656,0.07501355758026955
0.00517134548950986,-0.01095303523310133,0.05509902006356895,0.25130686146637571,-4.18259369905959222,-0.22975585299418133
0.00542436603314587,-0.01510093303663802,0.05472150883686361,0.25468384812582190,-4.10979839934196978,-0.52330056560500804
0.00568062382813824,-0.01916611768982088,0.05405651447351240,0.25779246266836503,-4.01745865538307800,-0.80456627408462655
0.00593988229425492,-0.02312991030657784,0.05311674679731404,0.26069478208012575,-3.90729666965487388,-1.07272716902171394
0.00620196240167409,-0.02697532425969296,0.05191563847756614,0.26344383011479761,-3.78097175112926642,-1.32715885582104143
0.00646673364572683,-0.03068699420543201,0.05046715704665619,0.26608365983346760,-3.64006506043682521,-1.56741162274289003
0.00673410517612632,-0.03425109243961993,0.04878564313323609,0.26864957243058485,-3.48606938735652516,-1.79318485093489444
0.00700401719524616,-0.03765523720000430,0.04688567348186983,0.27116843000817964,-3.32038313037543320,-2.00430310163235692
0.00727643270102497,-0.04088839672009531,0.04478194690435895,0.27365902667228220,-3.14430769513959252,-2.20069420438175989
0.00755132961774418,-0.04394079209198928,0.04248919107092709,0.27613248885318337,-2.95904760292004987,-2.38236950370879219
0.00782869333188183,-0.04680380133021018,0.04002208795794009,0.27859268175138158,-2.76571268842999585,-2.54940629622153159
0.00810850962985361,-0.04946986645411044,0.03739521578454927,0.28103660409672038,-2.56532185873111684,-2.70193240012813218
0.00839075801895579,-0.05193240492350275,0.03462300536122585,0.28345475790710972,-2.35880797493538186,-2.84011273839193157
0.00867540540143343,-0.05418572636626640,0.03171970891238842,0.28583148365167010,-2.14702350180914792,-2.96413777923135813
0.00896240006355625,-0.05622495521986180,0.02869937960275061,0.28814525421689829,-1.93074664497631754,-3.07421365796010804
0.00925166593620889,-0.05804595966164781,0.02557586017722695,0.29036892342676401,-1.71068776031019665,-3.17055379759916311
0.00954309708019763,-0.05964528701588670,0.02236277930605994,0.29246992667376842,-1.48749587533085159,-3.25337184845795013
0.00983655234774474,-0.06102010568894152,0.01907355440251556,0.29441043257508825,-1.26176520859255614,-3.32287577596005290
0.01013185017108224,-0.06216815358980829,0.01572139984492918,0.29614744556902295,-1.03404161108293979,-3.37926293907808173
0.01042876342935668,-0.06308769293317794,0.01231933968495203,0.29763286009799589,-0.80482888463403413,-3.42271601715150808
0.01072701434598528,-0.06377747129018409,0.00888022405786029,0.29881346756332305,-0.57459495736242194,-3.45339965940137539
0.01102626937000521,-0.06423668874242881,0.00541674862803747,0.29963091765454036,-0.34377791625748816,-3.47145774834067078
0.01131019956121829,-0.06447059236212103,0.00194151593062759,0.26815933025765942,-0.12402556046162991,-3.47693217989515047
0.01156245654020135,-0.06448480029776972,-0.00153298004722673,0.23629305434043291,0.09554607639139788,-3.46999898708306009
0.01178267023174631,-0.06427969265507630,-0.00499437274036482,0.20408025822030026,0.31454083799173388,-3.45073723473721827
0.01197051561279450,-0.06385603846414738,-0.00843036509465695,0.17156293641398312,0.53257640651886828,-3.41920648885505019
0.01212570671327995,-0.06321498374744425,-0.01182870890231484,0.13877725805507310,0.74928045757522488,-3.37544449186323048
0.01224799096328705,-0.06235804353840409,-0.01517718182917571,0.10575391164795367,0.96428659453015497,-3.31946486718010814
0.01234406673117520,-0.06129031097396150,-0.01846991876610599,0.08635992025400878,1.17079120753966492,-3.26396729833419474
0.01242063475030416,-0.06001731533447531,-0.02170102524344225,0.06673773558679601,1.37473250902264033,-3.19619605974950538
0.01247746462774057,-0.05854186412866078,-0.02485820338454743,0.04688279425444903,1.57561854698866477,-3.11610224251509349
0.01251432091437678,-0.05686726783246920,-0.02792910515066517,0.02678954650753576,1.77293499195899695,-3.02363466149040949
0.01253096211526215,-0.05499736333337323,-0.03090133074671097,0.00645144881578862,1.96614297563134266,-2.91874121164011679
0.01252713969079321,-0.05293653962914281,-0.03376242836474199,-0.01413904628734187,2.15467673312453911,-2.80137019172954727
0.01250259704824463,-0.05068976600880501,-0.03649989524762367,-0.03499049855334278,2.33794098527351091,-2.67147162689914675
0.01245706852803098,-0.04826262301015206,-0.03910118009088463,-0.05611248124506570,2.51530799096873636,-2.52899862990660251
0.01239027839489930,-0.04566133652189909,-0.04155368684565835,-0.07751556888696061,2.68611419186838196,-2.37390885150858422
0.01230193985125845,-0.04289281548061335,-0.04384478004264671,-0.09921130382113182,2.84965636290354363,-2.20616608414242377
0.01219175409841824,-0.03996469370410534,-0.04596179182958231,-0.12121213207588226,3.00518717180147732,-2.02574210053863313
0.01205940948210587,-0.03688537650538896,-0.04789203100698408,-0.14353129675198031,3.15191003935234226,-1.83261883116842550
0.01190458077184761,-0.03366409284586829,-0.04962279446453483,-0.16618267415204585,3.28897317939567690,-1.62679101284822347
0.01172692864042526,-0.03031095391426265,-0.05114138157014926,-0.18918053401894336,3.41546268369008965,-1.40826947714949657
0.01152609943064410,-0.02683701915982000,-0.05243511225475871,-0.21253920024483938,3.53039450237082741,-1.17708529381463944
0.01129040488910144,-0.02324645727894587,-0.05348888506124606,-0.25890260473364785,3.64854088945077271,-0.92835153387464808
0.01100819904922408,-0.01954451367030278,-0.05428758616607811,-0.30555094162303531,3.75295328983398813,-0.66693179952654513
0.01067923268363119,-0.01574556273826180,-0.05481850790668542,-0.35240950825949091,3.84232390539961166,-0.39279207681122819
0.01030334195440182,-0.01186537033390037,-0.05506894086142659,-0.39938139075626383,3.91517487640973316,-0.10596722461114751
0.00988047328697931,-0.00792127209158556,-0.05502625685247153,-0.44634198451200718,3.96984177895655721,0.19340968011085696
0.00941071420727566,-0.00393236795902833,-0.05467802478003295,-0.49313252633695814,4.00445792322489780,0.50507078837850572
0.00889433119055481,0.00008026851482979,-0.05401216723313584,-0.53955252120075869,4.01694081494086852,0.82856821826188332
0.00833181567336675,0.00409336924172295,-0.05301716738478419,-0.58535097976153383,4.00498279449523320,1.16321847365060815
0.00772393943328796,0.00808124454323650,-0.05168233730335606,-0.63021645066577103,3.96604873876683106,1.50803493549641643
0.00707182050223568,0.01201555895013362,-0.04999816032839993,-0.67376595221162705,3.89738483612511066,1.86164704854053409
0.00714070675388984,0.01338117652465420,-0.05006458660145042,-0.69848138199536158,3.85686992464416267,1.89677535358074434
0.00642151539523242,0.01718659350947966,-0.04799213528580577,-0.73951506933596012,3.74843845113966623,2.24881209271416660
0.00566254600630327,0.02086655178479051,-0.04556603294625729,-0.77793747291086612,3.60550193423722032,2.60361625263684937
0.00486672563363343,0.02438519930267230,-0.04278500540515475,-0.81310103888008090,3.42537488483162944,2.95808833882696209
0.00403767762303200,0.02770404519255874,-0.03965123275388539,-0.84426021968910336,3.20548767508162324,3.30840384480094407
0.00317982020953305,0.03078215064938927,-0.03617111867596477,-0.87057128077095214,2.94354423979940982,3.64992717359093088
0.00229846184073060,0.03357650134298726,-0.03235613561948303,-0.89109950696946205,2.63772817358072764,3.97714879687930489
0.00139988431824859,0.03604261125608749,-0.02822371333091848,-0.90483690594148358,2.28695938256647224,4.28366505978872869
0.00049140160903968,0.03813540684181400,-0.02379811623079832,-0.91073370416059196,1.89119649159047776,4.56222513270684171
-0.00041862097717598,0.03981043050205795,-0.01911122876868262,-0.90774651877093238,1.45176935322130318,4.80487279066001882
-0.00132080483196452,0.04102537969962914,-0.01420314034513890,-0.89490469604673661,0.97171139134825268,5.00320945536151562
-0.00220487116428985,0.04174195946817381,-0.00912239855512937,-0.87139361928765746,0.45604486871831729,5.14879624073224385
-0.00305984392674996,0.04192797144798745,-0.00392579021469800,-0.83664975326670399,-0.08804248277148014,5.23369405305112068
-0.00387434963818697,0.04155949685616472,0.00132247568623327,-0.79045728622529021,-0.65119734107374239,5.25111177979859978
-0.00463700866485550,0.04062296600726306,0.00655226150838321,-0.73303165346339250,-1.22213573857122437,5.19609716412147815
-0.00533689633032788,0.03911686164210972,0.01168966690797175,-0.66507280052673279,-1.78814164698387823,5.06617234385244863
-0.00596403548192668,0.03705279806281928,0.01665975487121692,-0.58777263529873691,-2.33580852822352059,4.86179931301621338
-0.00650986945168475,0.03445576764987610,0.02138961367980379,-0.50276765192235473,-2.85194529951931530,4.58657171492605986
-0.00696766036494497,0.03136345064675172,0.02581144605734916,-0.41203824954227969,-3.32451996489636059,4.24707235932384020
-0.00733276514902181,0.02782462364143578,0.02986534791356209,-0.31776787877713708,-3.74349458232930843,3.85240180358992301
-0.00760275950971031,0.02389684225243878,0.03350147959281526,-0.22218393536501399,-4.10142423121698041,3.41345211384159253
-0.00777740408669551,0.01964367681851788,0.03668143350033325,-0.12740525027218960,-4.39374507091896760,2.94204866337391779
-0.00785847054338101,0.01513182133969972,0.03937873496489674,-0.03531741354076980,-4.61874410100451804,2.45009679735688124
-0.00784946269880827,0.01042837177309706,0.04157854203395688,0.05251112808176035,-4.77726340656380000,1.94884910643840259
-0.00775527586368254,0.00559849636424230,0.04327670492891513,0.13486898778740603,-4.87222826264364528,1.44836528305597323
-0.00758183645977565,0.00070362488481758,0.04447839307090965,0.21090269170227469,-4.90809687736984390,0.95718744521326915
-0.00733575634928967,-0.00419980856054755,0.04519649924728282,0.28008825216576577,-4.89031549917734321,0.48221367842721552
-0.00702402553640165,-0.00906110581525368,0.04544999971489513,0.34218468940842262,-4.82483676144454510,0.02872832079555929
-0.00665375606093442,-0.01383560861325199,0.04526240218147082,0.39717963518853594,-4.71773162490211195,-0.39946088559317855
-0.00623198092042611,-0.01848466524138884,0.04466036457291849,0.44523472663928426,-4.57490266802616219,-0.79982549023706973
-0.00576550551973479,-0.02297535851786865,0.04367252516512737,0.48663577237157080,-4.40189133472849736,-1.17089619858005034
-0.00526080540210678,-0.02728008176383239,0.04232855292947831,0.52175028869268925,-4.20376376259024642,-1.51204602259482912
-0.00472396235764792,-0.03137603242219449,0.04065840609864436,0.55099323357316943,-3.98505725558477053,-1.82329259018459799
-0.00416063079592065,-0.03524467526213050,0.03869177530509500,0.57480062743957328,-3.74977031892562573,-2.10512746167686116
-0.00357602692669286,-0.03887121122704727,0.03645768278064096,0.59361013148100505,-3.50138175090549364,-2.35837472475742915
-0.00297493437092628,-0.04224407503392692,0.03398420871617036,0.60784740606928167,-3.24288741961465687,-2.58407768804300986
-0.00236172102370775,-0.04535447479143846,0.03129831809385103,0.61791705630569804,-2.97684635877722892,-2.78341064996650989
-0.00174036313536939,-0.04819597986076474,0.02842576477379272,0.62419708272889085,-2.70543037347517901,-2.95761197094360906
-0.00111447357851904,-0.05076415842481265,0.02539105346750595,0.62703592092154259,-2.43047335722829727,-3.10793460402625987
-0.00048733209635532,-0.05305626321926484,0.02221744394703554,0.62675133031534869,-2.15351801400570686,-3.23561053804081533
0.00013808401622075,-0.05507096213240121,0.01892698515854301,0.62363055631811004,-1.87585873355619470,-3.34182607531965337
0.00075906984375635,-0.05680810950990236,0.01554056973036752,0.61793133051941884,-1.59858008092367787,-3.42770537995228741
0.00137316406299170,-0.05826855370877302,0.01207800168051708,0.60988338848870427,-1.32259081940324918,-3.49430022337696666
0.00197812183311950,-0.05945397651504972,0.00855807197884179,0.59969027499662031,-1.04865366384681002,-3.54258428913680357
0.00257188956549201,-0.06036676032215020,0.00499863806776233,0.58753127564006136,-0.77741111508838512,-3.57345076630427183
0.00315258164086854,-0.06100987935898292,0.00141670456011387,0.57356336562883437,-0.50940779845853357,-3.58771226199833748
0.00371845905307938,-0.06138681169350627,-0.00217149682276131,0.55792310453483074,-0.24510974992800710,-3.58610230408437403
0.00426790990128652,-0.06150146917771652,-0.00575042937915033,0.54072843328575027,0.01507891689289111,-3.56927789439286780
0.00479943161964006,-0.06135814292060253,-0.00930517646479451,0.52208034922500235,0.27080155695992209,-3.53782271977499096
0.00531161481620713,-0.06096146226431954,-0.01282136995026447,0.50206444874357237,0.52173638248046150,-3.49225074150136550
0.00580312858757666,-0.06031636559084417,-0.01628512237356153,0.48075233643886128,0.76758536082104600,-3.43300997027049037
0.00627270717793077,-0.05942808160127490,-0.01968296290560094,0.45820290620709903,1.00806432470722918,-3.36048630059779363
0.00671913785911440,-0.05830211998991636,-0.02300177714673957,0.43446350406457807,1.24289403109560981,-3.27500732966307195
0.00714124991963271,-0.05694427068386480,-0.02622875071846759,0.40957098552137194,1.47179193448976542,-3.17684612589964699
0.00753790466448001,-0.05536061104009091,-0.02935131659640316,0.38355268252924396,1.69446446567233533,-3.06622494502335918
0.00790798634363209,-0.05355752059015188,-0.03235710614241264,0.35642729679749319,1.91059962795711047,-2.94331891851896676
0.00825039394465722,-0.05154170310155318,-0.03523390383108072,0.32820573793312019,2.11985974050722348,-2.80825976406094702
0.00856403380424058,-0.04932021588784310,-0.03796960572699258,0.29889192667299097,2.32187417258181439,-2.66113959085534368
0.00884781301473649,-0.04690050644953878,-0.04055218185427710,0.26848358565803782,2.51623192448742738,-2.50201489714848391
0.00910063362563529,-0.04429045666691751,-0.04296964271014286,0.23697304295719776,2.70247392142219489,-2.33091088374111832
0.00932138766673250,-0.04149843489452285,-0.04521001031282574,0.20434807708095581,2.88008489644140431,-2.14782623781770621
0.00950895305069282,-0.03853335642560717,-0.04726129434611261,0.17059283673422956,3.04848474989442186,-1.95273857731274059
0.00966219044869245,-0.03540475290067124,-0.04911147417365370,0.13568887425754730,3.20701928679226800,-1.74561078900086497
0.00977994127519939,-0.03212285132356883,-0.05074848775450528,0.09961633881279061,3.35495025320795603,-1.52639854517283591
0.00986102696822960,-0.02869866341415890,-0.05216022880629376,0.06235538410123066,3.49144462141651335,-1.29505934579384063
0.00990424981131973,-0.02514408605704721,-0.05333455394519417,0.02388785594785519,3.61556311567615030,-1.05156350693673106
0.00990839561486951,-0.02147201358501476,-0.05425930199502677,-0.01580066243000060,3.72624803256114889,-0.79590760313359199
0.00987905270775812,-0.01770376277977965,-0.05492189942807738,-0.04309950841501156,3.80770922526275735,-0.52728072759279732
0.00982175884483551,-0.01386190322779059,-0.05530988362273000,-0.07171161137886491,3.87324195296273155,-0.24671630989349402
0.00973517374690742,-0.00996305589480764,-0.05541143316195193,-0.10169087125918580,3.92143885150801896,0.04554220995497788
0.00961790397058855,-0.00602531918526277,-0.05521500696753086,-0.13308939397660102,3.95074936861488801,0.34917408713726145
0.00946850578029961,-0.00206842149860874,-0.05470943308288636,-0.16595521862240775,3.95946078578091543,0.66375731176916763
0.00928549067859504,0.00188610657095558,-0.05388402468519098,-0.20032923672151282,3.94567797905112316,0.98873784224485906
0.00906733452376235,0.00581473939482977,-0.05272873100142336,-0.23624105069099974,3.90730250956305847,1.32339023019545032
0.00881249145162458,0.00969174264078208,-0.05123433281218413,-0.27370344576930389,3.84201210009049987,1.66676741038295484
0.00851941418737663,0.01348893997094088,-0.04939269468896534,-0.31270506059134812,3.74724226284952922,2.01763695183910086
0.00771743750619632,0.01876868876314114,-0.04437752721017257,-0.40122604878628954,3.57521771560485258,2.70720718148476225
0.00729474865136656,0.02225342011069294,-0.04147158404009282,-0.44439930939282041,3.38685011404648284,3.10500823689251204
0.00682818532859352,0.02552682052103960,-0.03816752774570296,-0.48892832638804079,3.15176924977065376,3.50271541361196181
0.00631655869234211,0.02853978818557766,-0.03446783641192414,-0.53445072292297691,2.86517720802390086,3.89531931896873473
0.00575913644733617,0.03123840807652755,-0.03038077570729984,-0.58040701220043345,2.52229795960011227,4.27619844412930306
0.00515586732942420,0.03356416070062821,-0.02592217824652831,-0.62598493611640815,2.11878231582737087,4.63678647784252007
0.00450766293310797,0.03545463845318058,-0.02111753889223496,-0.67006170035292567,1.65132689493280505,4.96628593196934620
0.00382112930438189,0.03683986152052524,-0.01601315569014459,-0.70237960640023389,1.10826496546214104,5.23390874232781478
0.00310445666128441,0.03764990381830428,-0.01066946713650826,-0.73002884344417740,0.50154012216988775,5.44224430206227350
0.00236329199863033,0.03782353767514490,-0.00515392081526703,-0.75100999940289959,-0.16322900572242643,5.57480435020775644
0.00160539147487525,0.03730757418859169,0.00044925528465409,-0.76312546388186331,-0.87541715066719838,5.61474861884790588
0.00084074027326289,0.03606230326463508,0.00603950555547326,-0.76415073427883706,-1.61860454365186768,5.54660067920531485
0.00008145754122522,0.03406741569365799,0.01150241358624730,-0.75209168197224852,-2.37047044326053147,5.35853080204201682
-0.00065859014044461,0.03132752194201402,0.01671461496808681,-0.72550301215703539,-3.10376402051066203,5.04488745284495987
-0.00136449976224227,0.02787605829711390,0.02155112599433047,-0.68380525842466522,-3.78856717871544646,4.60837843719497720
-0.00202132151962341,0.02377634015363362,0.02589436647047151,-0.62750879372857471,-4.39566511789900982,4.06115563490252196
-0.00261518811415364,0.01911895434201994,0.02964345825175257,-0.55825730108559235,-4.90034852317342029,3.42421692460987304
-0.00313437801621214,0.01401554468868572,0.03272202183655414,-0.47865180779816879,-5.28565231862418727,2.72504033514159572
-0.00357010552065478,0.00859003175793700,0.03508292992923281,-0.39189289739046285,-5.54413137294794023,1.99400297943310134
-0.00391690285055512,0.00296897815603197,0.03670927313017799,-0.30134261905341414,-5.67778460810658281,1.26056230242250678
-0.00417257395423881,-0.00272712951737835,0.03761180010266364,-0.21012405184985494,-5.69638842389903655,0.55015827921711302
-0.00433780404531567,-0.00839042088411187,0.03782387462075096,-0.12084265777613198,-5.61494198677364942,-0.11760606415272779
-0.00441556500959231,-0.01392951164171161,0.03739529040514297,-0.03545650388157050,-5.45099798074537212,-0.72945928631601731
-0.00441045801461028,-0.01927089146484414,0.03638612993895931,0.04472586098781185,-5.22243447144102557,-1.27794965393012894
-0.00432809953529603,-0.02435841796281241,0.03486145246292150,0.11896448371687807,-4.94591147831514810,-1.76037226552481796
-0.00417461063258098,-0.02915161372619534,0.03288716777588210,0.18696916344756376,-4.63600444649464283,-2.17752500239109859
-0.00395622953214552,-0.03362337858218315,0.03052712713520227,0.24877602630863455,-4.30487208628791596,-2.53254915538327596
-0.00367904143409238,-0.03775756247312451,0.02784127491265423,0.30463858834522539,-3.96228090751198003,-2.82997880373812549
-0.00334880646251978,-0.04154667469419448,0.02488463105959607,0.35494096671185038,-3.61583080610430363,-3.07502941890058823
-0.00297086292048476,-0.04498987027330859,0.02170687305521027,0.40013375824440961,-3.27126860550261611,-3.27310422890155017
-0.00255008451239130,-0.04809126259105066,0.01835231998659005,0.44068957349203242,-2.93281810754636840,-3.42947590607325381
-0.00209087393673538,-0.05085855689982764,0.01486016626476481,0.47707404958751293,-2.60348740067929896,-3.54909841819389049
-0.00159717944405562,-0.05330197176889522,0.01126485513252638,0.50972827475519966,-2.28533576130243032,-3.63650973118444876
-0.00107252472093351,-0.05543340489616011,0.00759651722605941,0.53905920705706412,-1.97969541867415999,-3.69579459473120364
-0.00052004548941263,-0.05726579884606595,0.00388142599013004,0.56543544781682731,-1.68735034881705537,-3.73058492406494135
0.00005747151484395,-0.05881266622884935,0.00014244066675006,0.58918644198874148,-1.40867736618599260,-3.74408214968951647
0.00065754989530352,-0.06008773969970005,-0.00360057953266281,0.61060375498035646,-1.14375571098136009,-3.73909111644187719
0.00127798686671888,-0.06110471831762544,-0.00733039802405169,0.62994351186208042,-0.89245113136744236,-3.71805885518147017
0.00191681928766315,-0.06187708747644134,-0.01103206286617488,0.64742939989668391,-0.65447975820049398,-3.68311413144548228
0.00257229281209696,-0.06241799449243061,-0.01469260767049950,0.66325585511555119,-0.42945621126966083,-3.63610539855612735
0.00324283421893674,-0.06274016594631837,-0.01830078910885835,0.67759120292712882,-0.21692953595120437,-3.57863589952922112
0.00392702680152987,-0.06285585609440808,-0.02184685784563780,0.69058062168325574,-0.01640982488681730,-3.51209536415988888
0.00462358860226134,-0.06277681819608837,-0.02532235939882514,0.70234886214268666,0.17261224480632337,-3.43768817305277352
0.00533135323220394,-0.06251429257309823,-0.02871996144044720,0.71300269605788735,0.35065123416126348,-3.35645810542190404
0.00604925300224154,-0.06207900673199992,-0.03203330423630811,0.72263309157545474,0.51821680124537461,-3.26930991761047052
0.00677630409752206,-0.06148118404167206,-0.03525687120582004,0.73131712723891129,0.67580658595192444,-3.17702805799600929
0.00751159354303984,-0.06073055834165347,-0.03838587689895927,0.73911966381783178,0.82390135247023666,-3.08029283970892953
0.00825426772926527,-0.05983639252834615,-0.04141617000585052,0.74609479643570009,0.96296180703014100,-2.97969438369371531
0.00900352228972159,-0.05880749967432745,-0.04434414931674575,0.75228711016464722,1.09342665042660303,-2.87574462262479491
0.00975859314527094,-0.05765226562004833,-0.04716669082695651,0.75773276146177815,1.21571153283141431,-2.76888762817544709
0.01051874855149225,-0.05637867226680184,-0.04988108442894571,0.76246040622031486,1.33020866039674845,-2.65950849439345705
0.01128328200533450,-0.05499432101782943,-0.05248497885189542,0.76649199322697548,1.43728686530575733,-2.54794098090559817
0.01205150588497246,-0.05350645597816128,-0.05497633369907969,0.76984343971619285,1.53729199797258342,-2.43447409265583836
0.01282274571244173,-0.05192198664646724,-0.05735337759764451,0.77252520364523403,1.63054753566991395,-2.31935774847879106
0.01359633494226818,-0.05024750992385291,-0.05961457161666096,0.77454276536607958,1.71735532873369956,-2.20280766920024940
0.01437161019107363,-0.04848933133277299,-0.06175857723034995,0.77589702958051210,1.79799642576387342,-2.08500959708085354
0.01514790683320339,-0.04665348538982430,-0.06378422820682587,0.77658465684779865,1.87273193450041808,-1.96612294208941885
0.01592455489595288,-0.04474575511349592,-0.06569050589099777,0.77659833246713361,1.94180388651268965,-1.84628393646282873
0.01670087519513626,-0.04277169067532341,-0.06747651742556739,0.77592697926806364,2.00543608240955695,-1.72560836701540832
0.01747617565768789,-0.04073662722284067,-0.06914147651828055,0.77455591969501003,2.06383490064933195,-1.60419394444388486
0.01824974778285298,-0.03864570191717543,-0.07068468641837611,0.77246699154828791,2.11719005772355207,-1.48212236019403054
0.01902086319741778,-0.03650387023856035,-0.07210552481196024,0.76963862082457479,2.16567531090165000,-1.35946107409571870
0.01978877026345005,-0.03431592162055910,-0.07340343038604058,0.76604585426581828,2.20944909715150617,-1.23626486974402217
0.02055269069924073,-0.03208649447930287,-0.07457789084522509,0.76166035345890282,2.24865510351702813,-1.11257720934042004
0.02131181617561845,-0.02982009070817188,-0.07562843219452244,0.75645035161157548,2.28342276530494237,-0.98843141526929734
0.02206530485059009,-0.02752108971167035,-0.07655460912703443,0.75038057344629139,2.31386768903211948,-0.86385170195175187
0.02281227780536778,-0.02519376205515390,-0.07735599637726347,0.74341211798627560,2.34009199730147044,-0.73885407839202122
0.02355181534428407,-0.02284228280992791,-0.07803218091983036,0.73550230334074129,2.36218459267152703,-0.61344713922986627
0.02428295311986398,-0.02047074467633826,-0.07858275491010554,0.72660447191196409,2.38022133720373263,-0.48763275996916589
0.02500467804238954,-0.01808317097108956,-0.07900730927802489,0.71666775372802660,2.39426514373592658,-0.36140671031728316
0.02571592393061517,-0.01568352856939722,-0.07930542789958513,0.70563678483232750,2.40436597404892671,-0.23475919820335123
0.02641556685680672,-0.01327574089795821,-0.07947668228254125,0.69345137681306912,2.41056073796010706,-0.10767535602124134
0.02710242013489597,-0.01086370108136908,-0.07952062671400237,0.68004613260872493,2.41287308597459171,0.01986432004776599
0.02777522889515279,-0.00845128535281557,-0.07943679382826989,0.66535000265091537,2.41131308641876929,0.14788356713552281
0.02842222576710533,-0.00603855904536438,-0.07922231333586449,0.62841268974867937,2.41349866034990690,0.28116847685624052
0.02903158016565740,-0.00362557543660802,-0.07887426128698781,0.59005277025877612,2.41182132394233761,0.41504027064276305
0.02960183119880617,-0.00121622007502709,-0.07839200942700823,0.55019222345626795,2.40623221677635346,0.54958228324540237
0.03013143549176268,0.00118556165549038,-0.07777484441244370,0.50874398794093989,2.39666029469328778,0.68488133040185162
0.03061875777503739,0.00357574159239441,-0.07702196441495358,0.46561119708729443,2.38301075092248826,0.82102753480506507
0.03106206063914565,0.00595018408415881,-0.07613247591548343,0.42068627411010440,2.36516305177208119,0.95811411576069827
0.03145949330680744,0.00830461909814371,-0.07510539073802081,0.37384986867860764,2.34296852599803884,1.09623711522829659
0.03180907925360898,0.01063461266379536,-0.07393962340313989,0.32496961324371315,2.31624743206182693,1.23549502570661796
0.03210870248413857,0.01293553408365753,-0.07263398892081081,0.27389867290124648,2.28478540902663596,1.37598827536450541
0.03235609224199143,0.01520251923934105,-0.07118720119311894,0.22047405761698283,2.24832919383093266,1.51781851193585315
0.03254880589806553,0.01743042918846155,-0.06959787226507166,0.16451465991804889,2.20658145882882639,1.66108760777877018
0.03268420972150046,0.01961380308497444,-0.06786451275174107,0.10581897468045698,2.15919458713150725,1.80589628214161357
0.03275723000505828,0.02175175689500928,-0.06598602644220321,0.03971259890271910,2.11566838044662520,1.95135646389780515
0.03276257658687464,0.02384296521045316,-0.06396122628300918,-0.02956960016653241,2.06561570100006797,2.09853678041212355
0.03269694586369870,0.02588062443911950,-0.06178835645206852,-0.10228754093410472,2.00846846753895036,2.24750570544330142
0.03255676076260994,0.02785731919014510,-0.05946560240583177,-0.17872872841951559,1.94356888949491569,2.39831109256765096
0.03233814166266363,0.02976492529417324,-0.05699111520847998,-0.25921127562756718,1.87015446089758841,2.55097237184954206
0.03203687419183081,0.03159449632676285,-0.05436304494773525,-0.34408711948104992,1.78733987369206004,2.70547004391923673
0.03164837375138580,0.03333613023711179,-0.05157958639609009,-0.43374532635352503,1.69409519572502609,2.86173150736938808
0.03116764676605870,0.03497881196723477,-0.04863904121495872,-0.52861529255268536,1.58921953263573790,3.01961188506963563
0.03058924891990182,0.03651022710097388,-0.04553990257989421,-0.62916949951864121,1.47130926372851967,3.17886799240213813
0.02990724108620085,0.03791654061442196,-0.04228097031060721,-0.73592524863558773,1.33871983240630077,3.33912285019957844
0.02911514440883107,0.03918213375035387,-0.03886150768145007,-0.84944442289458899,1.18952002993806305,3.49981709446791367
0.02820589722456953,0.04028929101929595,-0.03528145543815588,-0.97032971633772813,1.02143783287015810,3.66014214407500837
0.02717181852305756,0.04121782858462299,-0.03154172467879100,-1.09921479978975256,0.83179732368185633,3.81894788105548599
0.02600458589049301,0.04194465532228753,-0.02764459889447365,-1.23674433413093054,0.61744738945678801,3.97461465345661047
0.02469524111852704,0.04244325964391148,-0.02359428756966436,-1.38353725725887888,0.37468540112877674,4.12487538267837106
0.02323424505310197,0.04268312061065176,-0.01939769049493885,-1.54012283502043856,0.09918410903104859,4.26656827576420561
0.02161161661627048,0.04262905442945607,-0.01506545455830811,-1.70683282628443922,-0.21406033090991802,4.39529429199677324
0.01981721193070456,0.04224053343744472,-0.01061343383857015,-1.88362380661888285,-0.57072327890057761,4.50494733730551822
0.01784123174548217,0.04147106526916051,-0.00606469750850636,-2.06979035957347568,-0.97702116919698789,4.58708311341597330
0.01567509293680977,0.04026781368172698,-0.00145225987454383,-2.26351285657670642,-1.43933170236182839,4.63010485092754198
0.01331286454874248,0.03857180789126744,0.00317729170538723,-2.46116781758471426,-1.96335173889891035,4.61829417560578204
0.01075354223320586,0.03631935949742236,0.00775918114587090,-2.65633181718444922,-2.55245704375304561,4.53085039188280181
0.00800447869932810,0.03344570431394230,0.01220504558795448,-2.83847733507095690,-3.20481260372627297,4.34140078169314503
0.00508619501782557,0.02989233691158676,0.01639767407839374,-2.99158470134162036,-3.90883653854074042,4.01899112097372857
0.00203834585401187,0.02561966228441623,0.02018817078045704,-3.09340552770836519,-4.63724506664343483,3.53228584093174192
-0.00107450465664957,0.02062558245999659,0.02339977299772010,-3.11689613361635498,-5.34170177258099610,2.85894493496276381
-0.00416045108875534,0.01496718065999732,0.02584382617706113,-3.03575403587019599,-5.95304544189001561,2.00020737453747532
-0.00710569915710798,0.00877663292573588,0.02735089388027104,-2.83440233467250602,-6.39350058260455256,0.99499447381240158
-0.00931726557754060,0.00377247628518184,0.02991559289764789,-2.47950760891759847,-6.32594498849041109,0.15469914006107588
-0.01162311975086935,-0.00258011890482888,0.02959548090196127,-2.12192042219061872,-6.34603181087046497,-0.78820646033606889
-0.01354553833875588,-0.00885648506837630,0.02836280835475013,-1.71770814860974763,-6.17764196121399589,-1.66087835155005537
-0.01505310279046867,-0.01488409117892442,0.02631277995058844,-1.29702803496240282,-5.85568168082787111,-2.41722241405235261
-0.01614273351500346,-0.02053201411452049,0.02357473048844343,-0.88548201581905062,-5.42615834378350037,-3.03517659793264416
-0.01683305279738312,-0.02571561777849593,0.02028911049347760,-0.50061773565401724,-4.93396801836466459,-3.51352530334242852
-0.01717627239871837,-0.03038881723106275,0.01659230629990999,-0.19224499679692722,-4.41064466567160984,-3.86027117236613559
-0.01723061216400031,-0.03453729329025118,0.01260493511660738,0.07705013214070064,-3.88815275382259617,-4.09795895212365391
-0.01703487300696392,-0.03817124835146568,0.00842611110690126,0.30831060620003442,-3.38378850990149838,-4.24642411419027077
-0.01662562537649815,-0.04131424289814173,0.00413566019005112,0.50469416073938966,-2.90737119023971990,-4.32407595740369288
-0.01603577400690847,-0.04399688773905924,-0.00020371079901848,0.67021203460728551,-2.46353652867667572,-4.34663852523921790
-0.01529411250732100,-0.04625263798636089,-0.00454355049047611,0.80898644431256483,-2.05360393442897937,-4.32691223900960864
-0.01442542675272080,-0.04811518946421902,-0.00884683934695284,0.92486910507001097,-1.67691817363959128,-4.27502311147491465
-0.01345085951496561,-0.04961698332593452,-0.01308552078775567,1.02128019712377549,-1.33174303730296018,-4.19884606755287049
-0.01238836869116454,-0.05078842987451172,-0.01723847256325680,1.10116923243036324,-1.01582559457704602,-4.10444523221885227
-0.01125319041030289,-0.05165757703488189,-0.02128989694597700,1.16703679096333079,-0.72673671469298007,-3.99646519011113011
-0.01005826528257056,-0.05225004153980476,-0.02522806842609127,1.22098231117915446,-0.46206692538566502,-3.87845379806412227
-0.00881461202236474,-0.05258908715216199,-0.02904437018690572,1.26475941648053447,-0.21953192120282303,-3.75311811129489614
-0.00753164602781207,-0.05269577864542164,-0.03273255684098265,1.29982968978331304,0.00297674811083018,-3.62252279608610905
-0.00621744673433604,-0.05258916886450916,-0.03628819143510944,1.32741097711913847,0.20737327605685721,-3.48824206385792879
-0.00487897998256189,-0.05228649413494891,-0.03970821544872253,1.34851898925256153,0.39537750634401397,-3.35147528550127616
-0.00352228213550234,-0.05180336432517694,-0.04299061985002248,1.36400227716498379,0.56852463556524224,-3.21313475299081519
-0.00215261227724341,-0.05115394053193440,-0.04613419285194481,1.37457122411117694,0.72817962415515103,-3.07391229930564513
-0.00077457806760180,-0.05035109730175795,-0.04913832592947126,1.38082188370993952,0.87555334557143560,-2.93432995071309222
0.00060776001360554,-0.04940656857124085,-0.05200286418628352,1.38325549629047573,1.01171879736256232,-2.79477853903881757
0.00199080209644759,-0.04833107776140860,-0.05472799057957867,1.38229443823958320,1.13762647879316159,-2.65554723053603858
0.00337133679196645,-0.04713445310424862,-0.05731413608143490,1.37829525433460676,1.25411850417941695,-2.51684618836149498
0.00474648086779383,-0.04582572956261138,-0.05976190978061253,1.37155931660013652,1.36194129152146326,-2.37882402941630655
0.00611362858567177,-0.04441323878139242,-0.06207204437150635,1.36234155630949871,1.46175681837824878,-2.24158132076975214
0.00747040896196144,-0.04290468847084965,-0.06424535355982794,1.35085763226435573,1.55415251811939847,-2.10518105137753953
0.00881464953939435,-0.04130723252768206,-0.06628269872944727,1.33728982878800329,1.63964992855765468,-1.96965678438819647
0.01014434552222421,-0.03962753307886038,-0.06818496283006137,1.32179191976340116,1.71871221918002703,-1.83501902359106772
0.01145763333931149,-0.03787181550598751,-0.06995302991166387,1.30449318878821829,1.79175072350845932,-1.70126019926189764
0.01275276787045335,-0.03604591738456092,-0.07158776908668353,1.28550175829597024,1.85913059601850184,-1.56835858252865612
0.01402810270864595,-0.03415533215822541,-0.07309002197193686,1.26490735064682647,1.92117570238736235,-1.43628136509675364
0.01528207294157923,-0.03220524826527041,-0.07446059287083351,1.24278358029586666,1.97817283987897019,-1.30498708661914797
0.01651318002485159,-0.03020058434385285,-0.07570024111694561,1.21918985701185489,2.03037537266770673,-1.17442755066710736
0.01771997839141255,-0.02814602106338367,-0.07680967512458191,1.19417296477738555,2.07800635552294599,-1.04454933882909962
0.01890106349998520,-0.02604603006139926,-0.07778954778900793,1.16776836867214162,2.12126120883662361,-0.91529500848326639
0.02005506107237572,-0.02390490040704213,-0.07864045295491504,1.14000129210284462,2.16030999858056783,-0.78660404143403562
0.02118061730777969,-0.02172676296295424,-0.07936292273158163,1.11088759870192577,2.19529936641595835,-0.65841359652417875
0.02227638989313753,-0.01951561297594402,-0.07995742548063887,1.08043450668003493,2.22635414776735052,-0.53065910852346410
0.02334103965361615,-0.01727533119232341,-0.08042436434032406,1.04864115807469127,2.25357870911008007,-0.40327476730312511
0.02437322270746907,-0.01500970376553640,-0.08076407618080332,1.01549906094232711,2.27705802988214634,-0.27619390497125507
0.02537158300569711,-0.01272244120095225,-0.08097683091030944,0.98099241889816768,2.29685854919707610,-0.14934931385078870
0.02633474514976910,-0.01041719656493060,-0.08106283107284951,0.94509835936206066,2.31302879278289231,-0.02267351462039432
0.02726130739069807,-0.00809758317205905,-0.08102221169620406,0.90778706929436481,2.32559979118876692,0.10390100861530689
0.02814983472042492,-0.00576719195550168,-0.08085504036478730,0.86902184500499502,2.33458529617456456,0.23044159126496216
0.02899885197206878,-0.00342960872047841,-0.08056131750646010,0.82875906071134486,2.33998179822180230,0.35701517509937308
0.02980683684942398,-0.00108843147992248,-0.08014097689629274,0.78694805884382402,2.34176834417128932,0.48368808518736983
0.03057221280832082,0.00125271192565334,-0.07959388639423583,0.74353096360142290,2.33990614999542146,0.61052578270701596
0.03129334171328201,0.00359014571499211,-0.07891984894834841,0.69844241790606287,2.33433799953986165,0.73759257834404035
0.03196851619242783,0.00592012733916993,-0.07811860391136728,0.65160924266650355,2.32498741560080102,0.86495128916287911
0.03259595161191703,0.00823882770441602,-0.07718982873678168,0.60295001612447263,2.31175758480942672,0.99266281915068355
0.03317377758845343,0.01054231018696886,-0.07613314114213623,0.55237457001421986,2.29453001232891340,1.12078563992859648
0.03370002895464384,0.01282650815523444,-0.07494810185315288,0.49978339833407809,2.27316287616585999,1.24937514316851628
0.03417263608738147,0.01508720068083548,-0.07363421807383895,0.44506697373731408,2.24748904376890346,1.37848282973395553
0.03458941450412145,0.01731998607878263,-0.07219094786679517,0.38810496595990307,2.21731370531545124,1.50815529205747234
0.03495472892847654,0.01952037092969902,-0.07062426618188054,0.34211741743367613,2.18264511367918823,1.62530697190650297
0.03527281468272274,0.02168361419869919,-0.06894014110132218,0.29362556235109383,2.14298930787669528,1.74303676814298214
0.03554109953501326,0.02380460036482275,-0.06713801229436651,0.24249178337376640,2.09808496731754390,1.86130720205854172
0.03575686817275105,0.02587793793708497,-0.06521736298965061,0.18856736984595016,2.04764092804700182,1.98006826035012184
0.03591725059268462,0.02789792789339113,-0.06317773370899639,0.13169146729868200,1.99133266037647716,2.09925491358738059
0.03601920938753676,0.02985852832208521,-0.06101873875166244,0.07168992006607774,1.92879818179310880,2.21878407631590679
0.03605952581980480,0.03175331465452369,-0.05874008605433249,0.00837400247830660,1.85963330857515485,2.33855086929274902
0.03603478457035347,0.03357543477161273,-0.05634160121029432,-0.05846096255820997,1.78338613127990708,2.45842400525738514
0.03594135705082988,0.03531755814197059,-0.05382325663434073,-0.12903709311464284,1.69955057782663843,2.57824006833317121
0.03577538317765355,0.03697181800094455,-0.05118520712211382,-0.20359553223716231,1.60755890299753168,2.69779638942300393
0.03553275152577895,0.03852974540462049,-0.04842783339307575,-0.28239809809274141,1.50677291478750486,2.81684213002084549
0.03520907781929272,0.03998219378789264,-0.04555179565102013,-0.36572894915976861,1.39647371660143271,2.93506706670822348
0.03479968178339000,0.04131925241816246,-0.04255809978049431,-0.45389617805577565,1.27584971122128121,3.05208740713274285
0.03429956249393037,0.04253014686604594,-0.03944817957032039,-0.54723319320607022,1.14398258089197213,3.16742774998712751
0.03370337254040211,0.04360312431589882,-0.03622399938360542,-0.64609966390982621,0.99983093411022372,3.28049800477286313
0.03300539160230826,0.04452532122518464,-0.03288818306997810,-0.75088167564444208,0.84221130568819491,3.39056368164848188
0.03219950048423289,0.04528261054234134,-0.02944417676901583,-0.86199054393988284,0.66977623432362476,3.49670740511453326
0.03127915734892671,0.04585942546736968,-0.02589645576279073,-0.97985942794094627,0.48098926076889909,3.59777873892908939
0.03023737896780728,0.04623855670099482,-0.02225078894817367,-1.10493640726373310,0.27409696034446762,3.69232835299186624
0.02906673148978779,0.04640092048549142,-0.01851457915760346,-1.23767193998636893,0.04709867143444187,3.77852110850689193
0.02775933785263276,0.04632529587102976,-0.01469730392418227,-1.37849744937729057,-0.20228437080863640,3.85402064901805330
0.02630691306544312,0.04598803222377847,-0.01081108997485545,-1.52778994329303019,-0.47663684492692943,3.91583540594599766
0.02470084503207726,0.04536273323550735,-0.00687146650613921,-1.68581465884441339,-0.77886691474756642,3.96011242493822024
0.02293234871598493,0.04441993374699008,-0.00289835798767450,-1.85263313202499447,-1.11220002708481469,3.98186110868823917
0.02099273738056106,0.04312680435291394,0.00108260252352839,-2.02795689534603607,-1.48012408509739712,3.97458434022924889
0.01887387959165617,0.04144695265139488,0.00503833418354029,-2.21091592427186256,-1.88624120386918270,3.92979124098010457
0.01656894926562230,0.03934045053293001,0.00892601280378907,-2.39969451627059405,-2.33394668698729024,3.83636882991046324
0.01407363413610876,0.03676432292445171,0.01269007394079770,-2.59096480060331391,-2.82579772759441816,3.67981087829073328
0.01138805055201671,0.03367391378238534,0.01625839536366708,-2.77902291042404803,-3.36234216513382211,3.44136806802228268
0.00851971560348835,0.03002583664708148,0.01953767509331888,-2.95452172456007611,-3.94004896570685581,3.09734986495330533
0.00648150395259831,0.02831776770998141,0.02164444006623641,-2.97637136372218380,-4.23148807897145840,2.77973729437241390
0.00344419356653920,0.02379094297100953,0.02416605829567183,-3.09024305423071732,-4.82302314588879710,2.23766838137871105
0.00032142254912310,0.01867584451952459,0.02606360907030458,-3.14264308446516694,-5.40150818191022708,1.52733973089389363
-0.00281020531677567,0.01300874814458966,0.02715793733878381,-3.10223182830140543,-5.91672895082876682,0.62935838944620093
-0.00584038314319522,0.00688760506618635,0.02726055542098057,-2.93404245202006919,-6.29572833961691014,-0.45249179287159569
-0.00862605091182535,0.00049198808597767,0.02620647184740573,-2.60992941141459722,-6.45096175095249968,-1.67186717334023793
-0.01100632618117440,-0.00591387158718947,0.02390398823768101,-2.12539941119124665,-6.30658887563764736,-2.92830832087062198
-0.01283398304208539,-0.01201192229463563,0.02038386783485007,-1.51348398997222366,-5.83706818558142881,-4.08300415449341436
-0.01401289651195918,-0.01749507107824205,0.01581579379754456,-0.84067973095353488,-5.09077717410748587,-5.00638885867978711
-0.01452038891949438,-0.02213629386981018,0.01047266176824602,-0.18232934235124765,-4.17327989830805013,-5.62764820080555062
-0.01440176793457862,-0.02582396559959314,0.00466116089990356,0.40443106474341550,-3.20177905810824059,-5.94859101800417722
-0.01373080300592836,-0.02855250848258252,-0.00134121018242653,0.92003071333119668,-2.26682007019914300,-6.02017437596160576
-0.01259626734613731,-0.03038726687197385,-0.00731863793581091,1.33239264461772144,-1.41979679780792489,-5.90985234093663347
-0.01109719329532254,-0.03142833974227505,-0.01312091047371920,1.65138287576275888,-0.68085902370680862,-5.67902502186930747
-0.00931962542436269,-0.03178543360904103,-0.01865252203374330,1.89199904770118499,-0.05096343179518475,-5.37522479348921323
-0.00733421348273020,-0.03156377506300197,-0.02385835113822280,2.06949307449572162,0.47851547283249907,-5.03202515594552136
-0.00519718349362465,-0.03085780302679048,-0.02871099596918729,2.19727166263037033,0.91980127992492811,-4.67183099315253880
-0.00295255049432431,-0.02974933720717411,-0.03320119604607499,2.28633221343776549,1.28555644127264190,-4.30900598968070092
-0.00063450019601728,-0.02830795965253901,-0.03733113304828246,2.34538499375507925,1.58745153576531806,-3.95243821372197468
0.00173049409915027,-0.02659231210963461,-0.04110994212357236,2.38121043933955345,1.83566018422694088,-3.60740316454383558
0.00412193797016686,-0.02465164608547983,-0.04455077923826724,2.39904811597207068,2.03880077899211587,-3.27683916386472873
0.00652395204654173,-0.02252732115941759,-0.04766893696592371,2.40294059331809207,2.20406862388468117,-2.96219423247309521
0.00892422005679711,-0.02025413252220187,-0.05048065069557566,2.39601263304834911,2.33743124072077846,-2.66397949307795034
0.01131318455044064,-0.01786143779481159,-0.05300235402662767,2.38068874057268420,2.44382838531956548,-2.38212772374066040
0.01368343350874365,-0.01537409230061163,-0.05525022446188527,2.35885926449787364,2.52735290307689819,-2.11622449016773384
0.01602923194922843,-0.01281321653219773,-0.05723991586956323,2.33200602944500801,2.59140505771442697,-1.86565650791942472
0.01834616299633280,-0.01019682272362965,-0.05898641054998231,2.30129707206646517,2.63882032045954995,-1.62970635689102128
0.02063085150610578,-0.00754032575724959,-0.06050394737973463,2.26765813093034341,2.67197349974983300,-1.40761242535736897
0.02288075006869759,-0.00485696023672633,-0.06180599781481164,2.23182675777121542,2.69286290285490892,-1.19860630563235260
0.02509397232041429,-0.00215812186841504,-0.06290527145130173,2.19439345587964896,2.70317812576018701,-1.00193556669144712
0.02726916231127944,0.00054635209897762,-0.06381373928105559,2.15583311989329607,2.70435462990616227,-0.81687705754613293
0.02940539150206952,0.00324795152519978,-0.06454266697303987,2.11652920050744520,2.69761774299643164,-0.64274410357336753
0.03150207705725055,0.00593930165382856,-0.06510265325050668,2.07679238747770079,2.68401822647975541,-0.47888979551557465
0.03355891664995948,0.00861400346872365,-0.06550367022817284,2.03687514080691567,2.66446112428145110,-0.32470781314660907
0.03557583614624443,0.01126650011972453,-0.06575510375013585,1.99698305988351499,2.63972925367236044,-0.17963172938182945
0.03755294739426318,0.01389196461884711,-0.06586579254052455,1.95728383056241806,2.61050241424800777,-0.04313341420135500
0.03949051398752122,0.01648620496665219,-0.06584406548308205,1.91791430627629489,2.57737316475230838,0.08527905777668704
0.04138892335596409,0.01904558362550067,-0.06569777667347522,1.87898614334443659,2.54085983925185976,0.20606373496698283
0.04324866390596831,0.02156694885515155,-0.06543433809866600,1.84059030972795923,2.50141733430598512,0.31964718530051850
0.04507030621005036,0.02404757590077392,-0.06506074993056710,1.80280071116940555,2.45944608916609742,0.42642685788740031
0.04685448746146308,0.02648511640077017,-0.06458362850262252,1.76567712215328876,2.41529959509437120,0.52677334779078577
0.04860189857398397,0.02887755468279849,-0.06400923208537627,1.72926756650148805,2.36929070239605322,0.62103252921818608
0.05031327343511250,0.03122316985735664,-0.06334348460220911,1.69361026008692295,2.32169694062331056,0.70952754030520948
0.05198937992049769,0.03352050281194987,-0.06259199743706982,1.65873520349074166,2.27276502545225112,0.79256061416199619
0.05363101235537441,0.03576832736510793,-0.06176008948745637,1.62466549352007616,2.22271469249580811,0.87041475807705304
0.05523898517010414,0.03796562496606518,-0.06085280561163041,1.59141840792780687,2.17174197188856510,0.94335528714380978
0.05681412754537268,0.04011156242881687,-0.05987493361141865,1.55900630638221638,2.12002199639136402,1.01163122104926861
0.05835727888106692,0.04220547227325737,-0.05883101988251965,1.52743738194036283,2.06771141887183418,1.07547655398931497
0.05986928495352764,0.04424683531492681,-0.05772538385400921,1.49671629039833043,2.01495050143551913,1.13511140809009259
0.06135099465043578,0.04623526520149312,-0.05656213132837421,1.46684467948301211,1.96186492752123409,1.19074308061573042
0.06280325719233706,0.04817049464081588,-0.05534516682331170,1.43782163557991183,1.90856737939515742,1.24256699482944466
0.06422691976574597,0.05005236310414040,-0.05407820500694830,1.40964406230562256,1.85515891625925655,1.29076756378147528
0.06562282550568026,0.05188080582014182,-0.05276478130920027,1.38230700253810013,1.80173018229957704,1.33551897561229604
0.06381424722006368,0.05335406292886168,-0.05029894205972373,1.02178430142285048,1.73856138285118433,1.49900005959201943
0.06482416536006592,0.05505977553227780,-0.04877285720512856,0.99814640382609521,1.67281624931820661,1.55266745669905859
0.06581072426980218,0.05669961202906586,-0.04719459345239473,0.97506127776323759,1.60682072460259362,1.60337571409018520
0.06677446325567794,0.05827335574643065,-0.04556705744803276,0.95250221583956329,1.54064132015238098,1.65122875378030698
0.06771589557821679,0.05978085384963015,-0.04389305502659484,0.93044382654351099,1.47433930065055585,1.69632435938368520
0.06863550974622405,0.06122201238300320,-0.04217529711083379,0.90886199054905326,1.40797124765699100,1.73875464582991701
0.06953377076663167,0.06259679184042097,-0.04041640516182346,0.88773381592234324,1.34158955637731925,1.77860649033835827
0.07041112134933139,0.06390520320274462,-0.03861891621599832,0.86703759300336614,1.27524287424325733,1.81596192816332991
0.07126798306697636,0.06514730438791415,-0.03678528754271956,0.84675274954384649,1.20897648874093444,1.85089851630267543
0.07210475747023380,0.06632319706618869,-0.03491790095293235,0.82685980653361624,1.14283267087063312,1.88348966806590035
0.07292182715934400,0.06743302379898422,-0.03301906678672147,0.80734033503056490,1.07685097973032917,1.91380496112543441
0.07371955681310725,0.06847696546485844,-0.03109102760507495,0.78817691421746605,1.01106853295973353,1.94191042142507775
0.07449829417660674,0.06945523894060036,-0.02913596160890737,0.76935309083713654,0.94552024713904603,1.96786878509233687
0.07525837100909746,0.07036809500919405,-0.02715598580635237,0.75085334010139348,0.88023905168914696,1.99173974029486667
0.07600010399356433,0.07121581646973414,-0.02515315894748892,0.73266302812584783,0.81525607935235067,2.01358015079413244
0.07672379560948672,0.07199871642724349,-0.02312948424399869,0.71476837590909625,0.75060083593257609,2.03344426278016455
0.07742973497035256,0.07271713674284704,-0.02108691188974599,0.69715642484931939,0.68630135163047035,2.05138389641844210
0.07811819862744727,0.07337144662693927,-0.01902734139691048,0.67981500377198711,0.62238431601390476,2.06744862340197777
0.07878945134140967,0.07396204135989422,-0.01695262376107349,0.66273269742804175,0.55887519841010502,2.08168593167731952
0.07944374682300030,0.07448934112653913,-0.01486456346754668,0.64589881641152191,0.49579835528636590,2.09414137840105408
0.08008132844447298,0.07495378995208471,-0.01276492035022697,0.62930336843828683,0.43317712599670832,2.10485873208235219
0.08070242992287957,0.07535585472849633,-0.01065541131335200,0.61293703092264373,0.37103391810765857,2.11388010477607935
0.08130727597657275,0.07569602432143240,-0.00853771192570808,0.59679112478573570,0.30939028337390179,2.12124607510894103
0.08189608295610494,0.07597480874888259,-0.00641345789609732,0.58085758942811749,0.24826698531082061,2.12699580284723133
0.08246905945065361,0.07619273842353071,-0.00428424643819616,0.56512895879866365,0.18768405920324499,2.13116713564810567
0.08302640687103566,0.07635036345165888,-0.00215163753232602,0.54959833849258855,0.12766086529589107,2.13379670857626680
0.08356832001030683,0.07644825298211239,-0.00001715509110262,0.53425938381267513,0.06821613582906869,2.13492003691380638
0.08409498758287709,0.07648699459947235,0.00211771196457259,0.51910627872964499,0.00936801651165874,2.13457160274211066
0.08460659274301013,0.07646719375614310,0.00425150871317191,0.50413371567982734,-0.04886589703926725,2.13278493573073868
0.08510331358351440,0.07638947323856213,0.00638281331825937,0.48933687614079080,-0.10646852741768650,2.12959268852844286
0.08558532361537498,0.07625447266319096,0.00851023618705199,0.47471141192830685,-0.16342328768035808,2.12502670711572605
0.08605279222902060,0.07606284799834968,0.01063241919695187,0.46025342716084561,-0.21971405734695759,2.11911809644600213
0.08650588513786760,0.07581527110832312,0.01274803498548911,0.44595946084071891,-0.27532516180168848,2.11189728167333302
0.08694476480473304,0.07551242931649679,0.01485578629939985,0.43182647000394320,-0.33024135478216360,2.10339406523845351
0.08736959085166360,0.07515502498458052,0.01695440539882391,0.41785181339385052,-0.38444780367018550,2.09363768006113826
0.08778052045368195,0.07474377510524932,0.01904265351284320,0.40403323561642546,-0.43793007732449923,2.08265683906569032
0.08817770871691313,0.07427941090578066,0.02111932034279942,0.39036885173825231,-0.49067413621807338,2.07047978124713561
0.08856130904151477,0.07376267746049335,0.02318322361002835,0.37685713229081957,-0.54266632466236142,2.05713431446849127
0.08893147346980093,0.07319433331000277,0.02523320864483036,0.36349688864772661,-0.59389336491862565,2.04264785516400460
0.08928835301991658,0.07257515008549864,0.02726814801366478,0.35028725874406730,-0.64434235301206200,2.02704746510935641
0.08963209800539078,0.07190591213642865,0.02928694118171043,0.33722769310992495,-0.69400075607839240,2.01035988540741695
0.08996285834086959,0.07118741616013573,0.03128851420807721,0.32431794119248458,-0.74285641108501255,1.99261156782701110
0.09028078383430584,0.07042047083214824,0.03327181947108668,0.31155803794376302,-0.79089752477989073,1.97382870362223395
0.09058602446586085,0.06960589643596519,0.03523583542116195,0.29894829065336603,-0.83811267473137507,1.95403724995104544
0.09087873065375331,0.06874452449130938,0.03717956635898225,0.28648926600799629,-0.88449081133103824,1.93326295400402004
0.09115905350727482,0.06783719737994663,0.03910204223666501,0.27418177736166738,-0.93002126063979662,1.91153137494720138
0.09142714506717464,0.06688476796828437,0.04100231847983880,0.26202687220271742,-0.97469372796489928,1.88886790377687963
0.09168315853360505,0.06588809922607217,0.04287947582856572,0.25002581980575678,-1.01849830206211078,1.86529778117873146
0.09192724848180697,0.06484806384062893,0.04473262019516179,0.23818009905864079,-1.06142545986357040,1.84084611347904437
0.09215957106570649,0.06376554382611899,0.04656088253704980,0.22649138645641118,-1.10346607163752530,1.81553788677162586
0.09238028420958615,0.06264143012748950,0.04836341874286009,0.21496154425591316,-1.14461140649141191,1.78939797930043487
0.09258954778798927,0.06147662221876812,0.05013940953007426,0.20359260878645863,-1.18485313813474069,1.76245117217486080
0.09278752379401163,0.06027202769550087,0.05188806035258140,0.19238677891347339,-1.22418335082290164,1.73472215849193767
0.09297437649613247,0.05902856186118705,0.05360860131659011,0.18134640465353485,-1.26259454540745075,1.70623555093748314
0.09315027258373608,0.05774714730764000,0.05530028710341038,0.17047397594057537,-1.30007964542267729,1.67701588793620893
0.09331538130147565,0.05642871348927084,0.05696239689768865,0.15977211154429777,-1.33663200314233954,1.64708763841920613
0.09346987457263248,0.05507419629135651,0.05859423431974699,0.14924354814301632,-1.37224540554439645,1.61647520527579225
0.09361392711162654,0.05368453759241346,0.06019512736074377,0.13889112955420718,-1.40691408012542074,1.58520292755552017
0.09374771652583817,0.05226068482085507,0.06176442831943842,0.12871779612701842,-1.44063270051012582,1.55329508148513940
0.09387142340690544,0.05080359050616326,0.06330151373940737,0.11872657430185701,-1.47339639180514315,1.52077588036442624
0.09398523141166690,0.04931421182485404,0.06480578434562154,0.10892056634293605,-1.50520073564982226,1.48766947340404476
0.09408932733292635,0.04779351014156216,0.06627666497935882,0.09930294025033123,-1.53604177492041516,1.45399994356792672
0.09418390116022206,0.04624245054561153,0.06771360453048687,0.08987691985866243,-1.56591601804757952,1.41979130448204760
0.09426914613079118,0.04466200138347712,0.06911607586621371,0.08064577512998555,-1.59482044291065161,1.38506749647088667
0.09434466038680246,0.04305488595793237,0.07048717842319843,0.07041767838777604,-1.61924771907674359,1.35705772167385552
0.09441005285629084,0.04142383170537403,0.07183003550670343,0.06040368678409561,-1.64269773965784682,1.32858054345255927
0.09446554209186149,0.03976981682974780,0.07314419171932871,0.05061268765054537,-1.66516873182970149,1.29965999702149082
0.09451135550584473,0.03809382093418420,0.07442921576314765,0.04105350833303922,-1.68665967190030885,1.27032024083227579
0.09454772929613953,0.03639682426678004,0.07568470054690483,0.03173488800052040,-1.70717029500800410,1.24058552430506075
0.09457490834433151,0.03467980695810736,0.07691026326041203,0.02266545040023748,-1.72670110196689364,1.21048015453010893
0.09459314608707638,0.03294374825330389,0.07810554541522270,0.01385367764729924,-1.74525336326010239,1.18002846216021062
0.09460270436182468,0.03118962574158934,0.07927021285088637,0.00530788513132001,-1.76282912019916838,1.14925476671441174
0.09460385322804413,0.02941841458602513,0.08040395570630349,-0.00296380238279599,-1.77943118328552696,1.11818334151189047
0.09459687076516958,0.02763108675628999,0.08150648835591943,-0.01095347338941030,-1.79506312782721866,1.08683837845155562
0.09458204284857717,0.02582861026718298,0.08257754931070890,-0.01865345094871885,-1.80972928688049950,1.05524395284810257
0.09455966290493982,0.02401194842548746,0.08361690108411010,-0.02605631260976518,-1.82343474160176755,1.02342398852897598
0.09453003164837118,0.02218205908773682,0.08462433002326872,-0.03315490890254552,-1.83618530911000710,0.99140222338892692
0.09449345679880966,0.02033989393131558,0.08559964610614373,-0.03994238036041454,-1.84798752797360666,0.95920217558980436
0.09445025278412773,0.01848639774120940,0.08654268270521019,-0.04641217304279999,-1.85884864144785822,0.92684711058293168
0.09440074042747752,0.01662250771458532,0.08745329631866501,-0.05255805253715876,-1.86877657860053747,0.89436000912005609
0.09434524662140016,0.01474915278524157,0.08833136627020284,-0.05837411642805156,-1.87777993347265326,0.86176353640654424
0.09428410399023440,0.01286725296981458,0.08917679437857530,-0.06385480523007353,-1.88586794242965605,0.82908001253737651
0.09421765054235831,0.01097771873747233,0.08998950459828091,-0.06899491179005703,-1.89305045986507525,0.79633138434273776
0.09414622931378878,0.00908145040465837,0.09076944263285315,-0.07378958917236911,-1.89933793242370985,0.76353919875574983
0.09407018800464535,0.00717933755628184,0.09151657552231854,-0.07823435704917721,-1.90474137191509363,0.73072457780032318
0.09398987860995942,0.00527225849457697,0.09223089120648796,-0.08232510662517688,-1.90927232709006889,0.69790819528235148
0.09390565704627636,0.00336107971668207,0.09291239806582012,-0.08605810413340219,-1.91294285445391909,0.66511025525272160
0.09381788277545867,0.00144665542181526,0.09356112444165679,-0.08942999294531509,-1.91576548828873472,0.63235047229597374
0.09371791408545636,-0.00046171386652147,0.09417685560107746,-0.11044118769475383,-1.90082963812407124,0.59912200787815761
0.09359713249681137,-0.00235472034052557,0.09475938989271993,-0.13105611438626771,-1.88504322917995037,0.56595782011414120
0.09345593319597781,-0.00423152346318306,0.09530879469832915,-0.15127704423588070,-1.86842621703050460,0.53286397502205674
0.09329470877974755,-0.00609130238407133,0.09582514303751709,-0.17110687981702913,-1.85099801427171529,0.49984568665743373
0.09311384864027224,-0.00793325538183063,0.09630851272879980,-0.19054912253087053,-1.83277746190110968,0.46690734308671894
0.09291373838191004,-0.00975659927942079,0.09675898557649899,-0.20960784150384404,-1.81378280347249565,0.43405253211180123
0.09269475926842034,-0.01156056883482899,0.09717664658316837,-0.22828764400853949,-1.79403166180655305,0.40128406656611582
0.09245728769894151,-0.01334441610967356,0.09756158318703258,-0.24659364748988194,-1.77354101803482567,0.36860400901799428
0.09220169471111003,-0.01510740981792501,0.09791388452377030,-0.26453145326614530,-1.75232719275286697,0.33601369573110940
0.09192834550961679,-0.01684883465674111,0.09823364071182848,-0.28210712196337917,-1.73040582905775486,0.30351375974503192
0.09163759901844101,-0.01856799062118816,0.09852094216032481,-0.29932715073245797,-1.70779187724561954,0.27110415295097928
0.09132980745495844,-0.02026419230439677,0.09877587889847544,-0.31619845229013371,-1.68449958094595353,0.23878416704872835
0.09100531592408179,-0.02193676818447783,0.09899853992537661,-0.33272833581916178,-1.66054246447112042,0.20655245328033373
0.09066446203055845,-0.02358505989930408,0.09918901257886770,-0.34892448975775892,-1.63593332116131940,0.17440704084469960
0.09030757550752309,-0.02520842151004344,0.09934738192211255,-0.36479496650531168,-1.61068420250717081,0.14234535390415723
0.08993497785937560,-0.02680621875411359,0.09947373014644795,-0.38034816906936486,-1.58480640783380666,0.11036422709998797
0.08954698201703151,-0.02837782828801205,0.09956813598896969,-0.39559283967846010,-1.55831047433167602,0.07845991949826764
0.08914389200356593,-0.02992263692026096,0.09963067416324782,-0.41053805038636332,-1.53120616722002834,0.04662812689047843
0.08872600260824598,-0.03144004083449272,0.09966141480148905,-0.42519319569560360,-1.50350246982901847,0.01486399237501076
0.08829359906691726,-0.03292944480248745,0.09966042290639063,-0.43956798723207380,-1.47520757338538910,-0.01683788485406883
0.08784695674667471,-0.03439026138675749,0.09962775781085530,-0.45367245050772331,-1.44632886628453217,-0.04848344258581352
0.08738634083270906,-0.03582191013205548,0.09956347264366180,-0.46751692381516802,-1.41687292262819775,-0.08007915061629775
0.08691200601517114,-0.03722381674495904,0.09946761379910483,-0.48111205930640349,-1.38684548980202305,-0.11163200779944508
0.08642419617384016,-0.03859541226045628,0.09934022040853445,-0.49446882631783201,-1.35625147486011510,-0.14314954121252568
0.08592314405831339,-0.03993613219421915,0.09918132381163346,-0.50759851701561154,-1.32509492947491792,-0.17463980753172689
0.08540907096135433,-0.04124541567900428,0.09899094702517065,-0.52051275444906087,-1.29337903319924852,-0.20611139672272169
0.08488218638294130,-0.04252270458336142,0.09876910420685824,-0.53322350311568345,-1.26110607477335468,-0.23757343816268356
0.08434268768244493,-0.04376744261055371,0.09851580011181781,-0.54574308215953760,-1.22827743119278732,-0.26903560932390785
0.08379075971623252,-0.04497907437530031,0.09823102953902157,-0.55808418134546434,-1.19489354423238647,-0.30050814716531438
0.08322657445784175,-0.04615704445563499,0.09791477676492057,-0.57025987997539129,-1.16095389409724148,-0.33200186239688395
0.08265029059768796,-0.04730079641683143,0.09756701496129466,-0.58228366894001315,-1.12645696984258703,-0.36352815680384443
0.08206205311905988,-0.04840977180397089,0.09718770559416183,-0.59416947613003301,-1.09140023617054083,-0.39509904384254524
0.08146199284691805,-0.04948340909931708,0.09677679780035613,-0.60593169546645864,-1.05578009617164881,-0.42672717274889210
0.08085022596572992,-0.05052114264020750,0.09633422773812875,-0.61758521984984749,-1.01959184953242965,-0.45842585643350370
0.08022685350225454,-0.05152240149266554,0.09585991790783177,-0.62914547837472312,-0.98282964567546760,-0.49020910347603902
0.07959196076881575,-0.05248660827537310,0.09535377643841154,-0.64062847820862912,-0.94548643123477283,-0.52209165457519735
0.07894561676217522,-0.05341317792800960,0.09481569633505693,-0.65205085159665488,-0.90755389119460539,-0.55408902386164027
0.07828787351261951,-0.05430151641724947,0.09424555468291171,-0.66342990852315331,-0.86902238293291489,-0.58621754553961780
0.07761876537730517,-0.05515101937290137,0.09364321180126171,-0.67478369564454588,-0.82988086230875990,-0.61849442639073060
0.07693830827124393,-0.05596107064575413,0.09300851034203610,-0.68613106220261388,-0.79011680081392033,-0.65093780475160357
0.07624649882854777,-0.05673104077764630,0.09234127432580495,-0.69749173373906082,-0.74971609266917638,-0.68356681666820296
0.07554331348566827,-0.05746028537307704,0.09164130810770264,-0.70888639456244240,-0.70866295058153583,-0.71640167003540112
0.07482870747734009,-0.05814814336029815,0.09090839526483588,-0.72033678007155288,-0.66693978868528181,-0.74946372765397729
0.07410261373474578,-0.05879393512823905,0.09014229739573405,-0.73186578021958948,-0.62452709096135173,-0.78277560028193827
0.07336494167403214,-0.05939696052377946,0.08934275282123975,-0.74349755561651742,-0.58140326315910817,-0.81636125092698963
0.07261557586168757,-0.05995649669175283,0.08850947517489212,-0.75525766801995120,-0.53754446592331340,-0.85024611182726118
0.07185437454139336,-0.06047179573758055,0.08764215186929486,-0.76717322726615245,-0.49292442644624940,-0.88445721580421344
0.07108116800473584,-0.06094208218953456,0.08674044242313964,-0.77927305705307959,-0.44751422550701786,-0.91902334395273111
0.07029575678554439,-0.06136655023422219,0.08580397663142794,-0.79158788242019851,-0.40128205621032603,-0.95397519196825442
0.06949790965452293,-0.06174436069487784,0.08483235255894095,-0.80415054229171801,-0.35419295007450119,-0.98934555781129763
0.06868736138716995,-0.06207463771730829,0.08382513433407300,-0.81699623108227581,-0.30620846531655227,-1.02516955389068731
0.06786381027361096,-0.06235646512271462,0.08278184971668250,-0.83016277413373452,-0.25728633120720734,-1.06148484752699246
0.06702691533374409,-0.06258888237991124,0.08170198740951222,-0.84369094269302636,-0.20738004117815137,-1.09833193416051911
0.05881340575423516,-0.06368953611934063,0.07870930893240183,-1.15097388692945457,-0.26178283415965159,-1.27966027464001431
0.05764386937625217,-0.06393006824415499,0.07740495415985763,-1.18817202665608845,-0.21901311228228471,-1.32919327103406393
0.05643690847929365,-0.06412700621688719,0.07605062241586376,-1.22582992967843074,-0.17457458911590779,-1.37962638518789693
0.05519204177574685,-0.06427861922346478,0.07464537607062599,-1.26399116683786228,-0.12834098736308799,-1.43103567598336445
0.05391715688597463,-0.06438500121573960,0.07319579155416321,-1.28587495104704130,-0.08409527437765492,-1.46831560120209614
0.05262009210657558,-0.06444613127644247,0.07170836806746979,-1.30835817191508719,-0.03781356399585928,-1.50672616669125747
0.05130022562044570,-0.06445990006458945,0.07018193608300180,-1.33148631115649319,0.01065357193867481,-1.54634641564156361
0.04995688787273299,-0.06442404017597619,0.06861524305556080,-1.35530945911115985,0.06147325906651598,-1.58726351425901235
0.04858935665666894,-0.06433610708225092,0.06700694474755026,-1.37988294231444097,0.11483313243341413,-1.62957388587111107
0.04719685151908513,-0.06419345698316965,0.06535559532182607,-1.40526806000063798,0.17094471905246988,-1.67338454828624461
0.04577852736553894,-0.06399322093306241,0.06365963597728505,-1.43153295267860226,0.23004753391471483,-1.71881469934411824
0.04433346711904077,-0.06373227443929395,0.06191738185170337,-1.45875363175020545,0.29241407527160046,-1.76599760751323132
0.04286067325379972,-0.06340720151701280,0.06012700685202293,-1.48701520667549003,0.35835596335778136,-1.81508288002357920
0.04135905798422119,-0.06301425190243255,0.05828652598994292,-1.51641335598200788,0.42823154677610092,-1.86623920170694113
0.03982743183697432,-0.06254928975016018,0.05639377469436603,-1.54705610123114456,0.50245541198087074,-1.91965766533956717
0.03826449026678811,-0.06200773163089695,0.05444638443377141,-1.57906595992809118,0.58151038789317788,-1.97555585153046964
0.03508516161281428,-0.06103796886542620,0.05115237369280158,-1.82797057180216971,0.73114849587373765,-2.25555516667158651
0.03324238306022619,-0.06026491597528343,0.04885385592043459,-1.85790121392826979,0.81623640873371661,-2.34208636013134397
0.03136869706337253,-0.05940275309301740,0.04646692871515574,-1.88981909468315590,0.90956074217822280,-2.43243599460479532
0.02946201091098107,-0.05844262610155025,0.04398757899276161,-1.92393986564755171,1.01240003986110549,-2.52700239723065900
0.02752000142051072,-0.05737426049721474,0.04141136674346963,-1.96050952825897662,1.12632978632367586,-2.62624260444171842
0.02554008242699753,-0.05618561979417072,0.03873336162234190,-1.99980877094829190,1.25331702661627520,-2.73068190935724431
0.02351936799436482,-0.05486245093891446,0.03594806967013982,-2.04215706263697205,1.39585441938127497,-2.84092390526561056
0.02145463210306136,-0.05338766771346959,0.03304935030947856,-2.08791532054760598,1.55715459485812269,-2.95765950981703840
0.01934226739584239,-0.05174049600463634,0.03003032622187645,-2.13748448673763436,1.74143945771778341,-3.08167127119946338
0.01717824965526888,-0.04989525896900970,0.02688329455393397,-2.19129405549072542,1.95438402817495738,-3.21382428811927801
0.01495812389427342,-0.04781959948892338,0.02359966155348284,-2.24976703593362615,2.20382166142584346,-3.35502344715270873
0.01267704919580430,-0.04547178898804091,0.02016995508991927,-2.31322965919803014,2.50091156519007685,-3.50608829313895853
0.01032999065046190,-0.04279648417484463,0.01658404899962404,-2.38168770578041755,2.86216816057403589,-3.66742342945660660
0.00791227788348264,-0.03971770066714673,0.01283193984199970,-2.45426315210348411,3.31320082057476428,-3.83815758598470635
0.00542111419558891,-0.03612645880310556,0.00890599813263616,-2.52769413723063874,3.89611145051838914,-4.01379478852000293
0.00285975080796364,-0.03185738572968566,0.00480743810449701,-2.59194696058185592,4.68543991984359653,-4.17922078007766906
0.00025010352357182,-0.02664014503843413,0.00056635848491454,-2.61542462882376192,5.82613890041296578,-4.28479896962509610
-0.00232254065649000,-0.01998767420587333,-0.00368596939381689,-2.48357535944622798,7.63172967485767284,-4.14596338996117630
-0.00483720311711169,-0.00882376562555353,-0.00711609151291958,-1.41334335386376253,11.79847644071119817,-2.51283809246718981
-0.00393421646246886,0.00458923718724876,-0.00616778398293312,4.01761747461187557,12.97065778917286849,5.69565397960198272
0.00158949585317233,0.01320039291042646,0.00195606308929441,5.85629394805258929,4.81432390249197972,8.74587605216094666
0.00702597644886129,0.01606363971820304,0.01011825682432008,4.99635480089023698,1.48092055367580899,7.52956468578687854
0.01164247899990489,0.01679392051306837,0.01708731174754234,4.27516370386500721,0.15054714317392848,6.46198108813296024
0.01564153504549048,0.01657782818933515,0.02313515042309187,3.74920104054553249,-0.51610018706945415,5.67170573020959790
0.01918304887102923,0.01585342485390705,0.02849226310233977,3.35068937401771061,-0.90101713457827814,5.06728774813457861
0.02237253172207864,0.01482600869078428,0.03330988640150074,3.03958275627496466,-1.13658988972589992,4.58469687668633874
0.02528114898200120,0.01360682563112145,0.03768976822588371,2.78560006328973042,-1.29149755735906036,4.18689839198132141
0.02795731659400623,0.01225943211430874,0.04170394544464819,2.57255430295531351,-1.39672132366630186,3.85015181467216649
0.03043637305025462,0.01082415454272030,0.04540521021820318,2.38996416849916882,-1.46941159246304287,3.55898021388649122
0.03274501074930503,0.00932801313421188,0.04883355775816180,2.23073984824342020,-1.51976869185558061,3.30286492312261215
0.03490396681520801,0.00778989954793559,0.05202013251958608,2.08990228088550545,-1.55420808411953737,3.07439288336083871
0.03692855946413666,0.00622427788994383,0.05499735606029077,1.96150538976862854,-1.57535599701936957,2.88339754311843333
0.03883102303516912,0.00464212096163029,0.05779300797261654,1.84526490986208680,-1.58767621428604744,2.71067393994088324
0.04062246753783037,0.00305118582327717,0.06042377202657648,1.73917363283949333,-1.59319707350678041,2.55317658893254906
0.04231222731638797,0.00145749974956759,0.06290363924748110,1.64166401728390277,-1.59338661829235528,2.40852967636628890
0.04390823848495315,-0.00013417509262476,0.06524448247377077,1.55149109675887620,-1.58933042008803027,2.27484813985432544
0.04541731854379168,-0.00172002052041210,0.06745648154140461,1.46765134781162310,-1.58184621175366069,2.15061386204698168
0.04684537747447657,-0.00329693503333493,0.06954844396406101,1.38932518300874719,-1.57155994807374988,2.03458801681923074
0.04819757979154390,-0.00486236951724087,0.07152805089625755,1.31583535728917966,-1.55895755941802450,1.92574773498036178
0.04947847081098895,-0.00641420627668275,0.07340204863343025,1.24661633537355065,-1.54442095590320316,1.82323950217878283
0.05069207635747940,-0.00795066849639673,0.07517639971953421,1.18119136225573218,-1.52825357249054616,1.72634430393496752
0.05184198244770381,-0.00947025147564145,0.07685640362741082,1.11915504613647099,-1.51069881449299026,1.63445116964516490
0.05293139966519093,-0.01097166970424863,0.07844679419363158,1.06015995140288721,-1.49195358836937109,1.54703682158031119
0.05396321568153643,-0.01245381563962552,0.07995181906586786,1.00390615257477300,-1.47217836957943482,1.46364982847996461
0.05494003849194037,-0.01391572724459667,0.08137530506815835,0.95013300455836336,-1.45150479101514596,1.38389812864657280
0.05586423229877391,-0.01535656216619478,0.08272071242308517,0.89861259263275561,-1.43004143010874984,1.30743910522369977
0.05673794751688457,-0.01677557700536394,0.08399118006940259,0.84914447016137484,-1.40787826969073482,1.23397161694445123
0.05756314603621793,-0.01817211052958145,0.08518956379911079,0.80155139397402808,-1.38509017034277648,1.16322954310013715
0.05834162262572209,-0.01954556996807807,0.08631846855530349,0.75567584026574020,-1.36173959761130625,1.09497651256903072
0.05907502317313579,-0.02089541973785860,0.08738027594428358,0.71137713665622704,-1.33787878162747154,1.02900156715221214
0.05976486031123435,-0.02222117210169041,0.08837716779663075,0.66852908474833950,-1.31355144015162106,0.96511556835950263
0.06041252687048417,-0.02352237937268378,0.08931114644393008,0.62701797619682409,-1.28879416275566561,0.90314820040839061
0.06101930751230954,-0.02479862736510583,0.09018405224772648,0.58674092676521672,-1.26363752973759169,0.84294545483977623
0.06158638883013789,-0.02604952985538516,0.09099757881557093,0.54760446907481286,-1.23810702170491971,0.78436750681597900
0.06211486815255578,-0.02727472386634908,0.09175328625890758,0.50952335712519869,-1.21222376270501320,0.72728691196783690
0.06260576124095127,-0.02847386562550498,0.09245261278395718,0.47241954518415125,-1.18600513002972785,0.67158706711275451
0.06306000904045962,-0.02964662707746138,0.09309688485590854,0.43622131102328443,-1.15946525647620668,0.61716088936707481
0.06347848361600347,-0.03079269285345008,0.09368732613580327,0.40086249923794143,-1.13261544526437352,0.56390967692096861
0.06386199338331174,-0.03191175761888008,0.09422506535634040,0.36628186492077403,-1.10546451353671293,0.51174212161844401
0.06421128772693341,-0.03300352373405972,0.09471114327579394,0.33242250154426900,-1.07801907706612354,0.46057344892431207
0.06452706108259798,-0.03406769917451342,0.09514651882706487,0.29923133976236949,-1.05028378623149754,0.41032466518972505
0.06480995654916916,-0.03510399566633349,0.09553207456059644,0.26665870612688403,-1.02226152131048953,0.36092189559391225
0.06506056908538697,-0.03611212699923334,0.09586862146470433,0.23465793255337936,-0.99395355355289172,0.31229579892861248
0.06527944833819677,-0.03709180748577747,0.09615690323420586,0.20318500885765317,-0.96535967723748728,0.26438104764621939
0.06546710114240896,-0.03804275053994408,0.09639760004760059,0.17219827189001313,-0.93647831690587080,0.21711586342270633
0.06562399372546852,-0.03896466735194740,0.09659133190407553,0.14165812577643239,-0.90730661315201533,0.17044159997707578
0.06575055364603528,-0.03985726563928318,0.09673866156398021,0.11152678857678687,-0.87784048968306727,0.12430236610659730
0.06584717149072598,-0.04072024845639501,0.09684009712988960,0.08176806132484701,-0.84807470382156180,0.07864468289324919
0.06591420234960894,-0.04155331304729577,0.09689609429975049,0.05234711594919002,-0.81800288216593187,0.03341716985217213
0.06595196708776693,-0.04235614972699944,0.09690705831872200,0.02323029900968146,-0.78761754274436890,-0.01142974454044569
0.06596075342736150,-0.04312844077878581,0.09687334565203891,-0.00561505146289344,-0.75691010467045861,-0.05594409195965371
0.06594081685206599,-0.04386985935518454,0.09679526539743499,-0.03422077845319875,-0.72587088602437744,-0.10017261656466428
0.06589238134342244,-0.04458006837115886,0.09667308045226496,-0.06261806997924756,-0.69448909042997387,-0.14416101378213669
0.06581563995656158,-0.04525871937832316,0.09650700844737665,-0.09083761667573208,-0.66275278256662695,-0.18795415849519931
0.06571075524075719,-0.04590545140915762,0.09629722245693970,-0.11890976485133672,-0.63064885263748693,-0.23159632538659045
0.06557785950842346,-0.04651988978009935,0.09604385149076455,-0.14686466684550376,-0.59816296960547610,-0.27513140403801689
0.06541705495436223,-0.04710164484209631,0.09574698077309561,-0.17473243046676221,-0.56527952279865201,-0.31860311129777891
0.06522841362529165,-0.04765031066670457,0.09540665180937052,-0.20254326928993527,-0.53198155127076840,-0.36205520339233616
0.06501197723789566,-0.04816546365508276,0.09502286223995990,-0.23032765562346480,-0.49825066007453089,-0.40553169027405511
0.06476775684179005,-0.04864666105627267,0.09459556547737755,-0.25811647803224147,-0.46406692235712910,-0.44907705476796167
0.06449573232185939,-0.04909343937992992,0.09412467012083055,-0.28594120541863716,-0.42940876591237331,-0.49273647920786195
0.06419585173233885,-0.04950531268715033,0.09361003913919812,-0.31383405982943491,-0.39425284251229553,-0.53655608244168940
0.06386803045274247,-0.04988177074118601,0.09305148881052556,-0.34182820037540862,-0.35857387798297075,-0.58058317034469320
0.06351215015321712,-0.05022227699760674,0.09244878740281899,-0.36995792093199709,-0.32234450057207542,-0.62486650331713711
0.06312805755406242,-0.05052626641077075,0.09180165357724258,-0.39825886464509708,-0.28553504466409357,-0.66945658467386804
0.06271556296091828,-0.05079314303024157,0.09110975449065295,-0.42676825871007928,-0.24811332631428873,-0.71440597437380338
0.06227443855338834,-0.05102227735691830,0.09037270356963213,-0.45552517344353816,-0.21004438637108974,-0.75976963321059510
0.06180441640051840,-0.05121300342400646,0.08959005792265747,-0.48457081035028476,-0.17129019610876703,-0.80560530342038428
0.06130518617143858,-0.05136461556237962,0.08876131535059220,-0.51394882473393311,-0.13180931926057299,-0.85197393269600119
0.06077639250342430,-0.05147636480316187,0.08788591090807359,-0.54370568944852349,-0.09155652307866924,-0.89894014987732018
0.06021763198240465,-0.05154745486223614,0.08696321295934072,-0.57389110769341767,-0.05048232948894944,-0.94657280217711348
0.05658263091247600,-0.05466491744206559,0.08498879097598974,-0.81628163224139472,-0.18829576071330015,-1.14719267218323107
0.05574856315194193,-0.05483606728499891,0.08381526448935205,-0.85194070743052552,-0.15378936706422414,-1.20001592903908350
0.05487856721387841,-0.05497205112425025,0.08258843360367389,-0.88814677454349622,-0.11794748146572803,-1.25381596464187561
0.05397206901175730,-0.05507148290008020,0.08130727682801897,-0.92495477587993669,-0.08066716666991815,-1.30868346615860198
0.05302843715158524,-0.05513286794958101,0.07997067801916882,-0.96242449331046331,-0.04183388341406342,-1.36471723336618478
0.05204697774686189,-0.05515459054483474,0.07857741769201226,-1.00062125768047472,-0.00131971933893738,-1.42202536371642974
0.05102692846493968,-0.05513489949427233,0.07712616304523941,-1.03961678058970719,0.04101872554487293,-1.48072664340510629
0.04996745166948445,-0.05507189142455227,0.07561545647445934,-1.07949013541613392,0.08534287866775561,-1.54095218993719696
0.04886762649351922,-0.05496349126731333,0.07404370229365352,-1.12032892145987484,0.13183526520207531,-1.60284740364128453
0.04772643963928026,-0.05480742935507694,0.07240915132093995,-1.16223065425426797,0.18070324533695695,-1.66657430127437212
0.04654277465229638,-0.05460121437404293,0.07070988290159090,-1.20530443720366853,0.23218359725637347,-1.73231432562521537
0.04531539935426084,-0.05434210121546240,0.06894378383414093,-1.24967298585799558,0.28654818226409517,-1.80027175278483353
0.04404295103762541,-0.05402705249311825,0.06710852352595642,-1.29547509789118687,0.34411100829797253,-1.87067785625616723
0.04272391891773693,-0.05365269212550824,0.06520152452120012,-1.34286869148606680,0.40523711985267907,-1.94379603831836922
0.04135662319632138,-0.05321524887864156,0.06321992730021771,-1.39203457567609057,0.47035390111749859,-2.01992820994056688
0.03993918989966921,-0.05271048707115437,0.06116054792125148,-1.44318117322141437,0.53996560818418793,-2.09942279988352132
0.03846952039631819,-0.05213362067054635,0.05901982662834383,-1.49655049731678647,0.61467228214482539,-2.18268491487342287
0.03694525414331183,-0.05147920562370189,0.05679376493178939,-1.55242579940257541,0.69519469679577039,-2.27018937670013710
0.03536372271361480,-0.05074100325606034,0.05447784780164210,-1.61114147468898383,0.78240775971912191,-2.36249766166407360
0.03372189245330822,-0.04991180460385283,0.05206694638061394,-1.67309606363455377,0.87738597803524221,-2.46028021599356750
0.03201629210184528,-0.04898320105588006,0.04955519483157759,-1.73876956871594679,0.98146650572012317,-2.56434630513219108
0.03024292021653867,-0.04794527973159166,0.04693583228339489,-1.80874689502879216,1.09633842040552887,-2.67568462298562881
0.02839712500444757,-0.04678621095948248,0.04420099682671487,-1.88375015475746754,1.22417218620374024,-2.79551959597338673
0.02647344573245549,-0.04549167704906305,0.04134145229144719,-1.96468408384238202,1.36781258726843902,-2.92539112464837414
0.02446539949364192,-0.04404406061079765,0.03834621863194543,-2.05270132367875702,1.53107549473607718,-3.06727025775169126
0.02236518841484557,-0.04242125575520789,0.03520206049408613,-2.14929858644733107,1.71922162228917896,-3.22373159742674664
0.02016328800241485,-0.04059486310250852,0.03189276099080327,-2.25646215718994680,1.93974702650453779,-3.39821824410318429
0.01784785292415359,-0.03852732711375401,0.02839805936337680,-2.37689431695858833,2.20377475949195656,-3.59546314315931381
0.01540383454180840,-0.03616714459331290,0.02469204336934682,-2.51437504298953618,2.52867304830982231,-3.82218450512957642
0.01281163371547978,-0.03344027656165365,0.02074062354487409,-2.67434759477120743,2.94341578112687063,-4.08827557511710715
0.01004677235183663,-0.03022886623658421,0.01649937064365018,-2.86131550709216098,3.50973502762576794,-4.40498612332120310
0.00707495324505224,-0.02633820527451063,0.01190461330540337,-3.09053772934097548,4.32847061767218388,-4.80023354644565270
0.00384732809438383,-0.02140060968763225,0.00686127818806742,-3.37390210472544183,5.67821408763354452,-5.30788340900136468
0.00032526697361406,-0.01450038081267911,0.00125821788778543,-3.64037308559712924,8.57972654114742106,-5.87975987199724059
