1.00000000000000000,1.00000000000000000,0.00000000000000000,0.01500000000000000,0.00008333333333333,0.08333333333333331
1.00587742371432731,0.99515648527975353,0.00833333333333333,0.01500000000000000,0.00008333333333333,0.08333333333333331
1.01736115347912448,0.98851347664117029,0.01666666666666666,0.01500000000000000,0.00008333333333333,0.08333333333333331
1.01836266612947046,0.98677515164347362,0.02499999999999999,0.01500000000000000,0.00008333333333333,0.08333333333333331
1.01461777052395874,0.97733545638949992,0.03333333333333333,0.01500000000000000,0.00008333333333333,0.08333333333333331
1.00862804996288014,0.97684458116627171,0.04166666666666666,0.01500000000000000,0.00008333333333333,0.08333333333333331
1.01554527753433632,0.98831683972995932,0.04999999999999999,0.01500000000000000,0.00008333333333333,0.08333333333333331
1.02128810694856642,0.98510518540371550,0.05833333333333332,0.01500000000000000,0.00008333333333333,0.08333333333333331
1.02250419612013022,0.99088088699609778,0.06666666666666665,0.01500000000000000,0.00008333333333333,0.08333333333333331
1.03275712364410555,0.98647083595558227,0.07499999999999998,0.01500000000000000,0.00008333333333333,0.08333333333333331
1.03990345117724137,0.98683924389941036,0.08333333333333331,0.01500000000000000,-0.00008333333333333,0.08333333333333331
1.04290835834112783,0.99057202968899838,0.09166666666666665,0.01500000000000000,-0.00008333333333333,0.08333333333333331
1.04421279843835402,0.99335015148266670,0.09999999999999998,0.01500000000000000,-0.00008333333333333,0.08333333333333331
1.04902345044356538,0.97965268239675418,0.10833333333333331,0.01500000000000000,-0.00008333333333333,0.08333333333333331
1.05138494489570067,0.98156496889270195,0.11666666666666664,0.01500000000000000,-0.00008333333333333,0.08333333333333331
1.05620626076150437,0.97592191299577224,0.12499999999999997,0.01500000000000000,-0.00008333333333333,0.08333333333333331
1.06194025112278267,0.96996413201187215,0.13333333333333330,0.01500000000000000,-0.00008333333333333,0.08333333333333331
1.07152316010326087,0.96313886284407635,0.14166666666666664,0.01500000000000000,-0.00008333333333333,0.08333333333333331
1.07603547767091867,0.95740586946641437,0.14999999999999997,0.01500000000000000,-0.00008333333333333,0.08333333333333331
1.08198276685339012,0.96632414373385433,0.15833333333333330,0.01500000000000000,-0.00008333333333333,0.08333333333333331
1.08848213638192770,0.96449894161403482,0.16666666666666663,0.01500000000000000,0.00008333333333333,0.08333333333333331
1.08437593666026899,0.97137270825576449,0.17499999999999996,0.01500000000000000,0.00008333333333333,0.08333333333333331
1.07910558482975460,0.97195538870198317,0.18333333333333329,0.01500000000000000,0.00008333333333333,0.08333333333333331
1.08309488540152588,0.96541900654275770,0.19166666666666662,0.01500000000000000,0.00008333333333333,0.08333333333333331
1.09119971437910723,0.96734157697347278,0.19999999999999996,0.01500000000000000,0.00008333333333333,0.08333333333333331
1.08813797219304287,0.97548387939943515,0.20833333333333329,0.01500000000000000,0.00008333333333333,0.08333333333333331
1.09716528060343133,0.98211610199937227,0.21666666666666662,0.01500000000000000,0.00008333333333333,0.08333333333333331
1.09512691894992309,0.97609842003032277,0.22499999999999995,0.01500000000000000,0.00008333333333333,0.08333333333333331
1.09950946799455962,0.97509293977556777,0.23333333333333328,0.01500000000000000,0.00008333333333333,0.08333333333333331
1.09580858328292807,0.97233171157961618,0.24166666666666661,0.01500000000000000,0.00008333333333333,0.08333333333333331
1.10192296943685752,0.96691923840410332,0.24999999999999994,0.01500000000000000,0.00008333333333333,0.08333333333333331
1.10901822689020313,0.95961461564097572,0.25833333333333330,0.01500000000000000,0.00008333333333333,0.08333333333333331
1.11877539800589187,0.96302969337622923,0.26666666666666661,0.01500000000000000,0.00008333333333333,0.08333333333333331
1.11137664768260636,0.96016443240961413,0.27499999999999991,0.01500000000000000,0.00008333333333333,0.08333333333333331
1.11515572986740641,0.96681794238082630,0.28333333333333321,0.01500000000000000,0.00008333333333333,0.08333333333333331
1.11979886588860511,0.95502018614071360,0.29166666666666652,0.01500000000000000,0.00008333333333333,0.08333333333333331
1.12547888145176911,0.96039673598335940,0.29999999999999982,0.01500000000000000,0.00008333333333333,0.08333333333333331
1.12332676067186421,0.95928334388259606,0.30833333333333313,0.01500000000000000,0.00008333333333333,0.08333333333333331
1.13645656442101806,0.95565979596815553,0.31666666666666643,0.01500000000000000,0.00008333333333333,0.08333333333333331
1.14233701906019225,0.95185785876523898,0.32499999999999973,0.01500000000000000,0.00008333333333333,0.08333333333333331
1.14698799314198441,0.95802529135877035,0.33333333333333304,0.07500000000000000,-0.00008333333333333,0.08333333333333331
1.15779532148293551,0.96721928643895461,0.34166666666666634,0.07500000000000000,-0.00008333333333333,0.08333333333333331
1.16911878787921175,0.96993213474825857,0.34999999999999964,0.07500000000000000,-0.00008333333333333,0.08333333333333331
1.17876159185359608,0.98210092985175501,0.35833333333333295,0.07500000000000000,-0.00008333333333333,0.08333333333333331
1.18070715458365050,0.98201287964367034,0.36666666666666625,0.07500000000000000,-0.00008333333333333,0.08333333333333331
1.18849884378441217,0.97940399587655724,0.37499999999999956,0.07500000000000000,-0.00008333333333333,0.08333333333333331
1.19280644897883237,0.97337872540898218,0.38333333333333286,0.07500000000000000,-0.00008333333333333,0.08333333333333331
1.20478760858611089,0.97708063575525594,0.39166666666666616,0.07500000000000000,-0.00008333333333333,0.08333333333333331
1.21341057944037911,0.98218776310929179,0.39999999999999947,0.07500000000000000,-0.00008333333333333,0.08333333333333331
1.21904479873679428,0.98852278888167344,0.40833333333333277,0.07500000000000000,-0.00008333333333333,0.08333333333333331
1.24332098513448197,0.99433707216952927,0.41666666666666607,0.16499999999999998,0.00008333333333333,0.08333333333333331
1.25634352660571480,0.99761070054642620,0.42499999999999938,0.16499999999999998,0.00008333333333333,0.08333333333333331
1.25630569357753630,1.00811530848666586,0.43333333333333268,0.16499999999999998,0.00008333333333333,0.08333333333333331
1.26823956417679273,1.00944795289626343,0.44166666666666599,0.16499999999999998,0.00008333333333333,0.08333333333333331
1.27822177262941961,1.02561672302137619,0.44999999999999929,0.16499999999999998,0.00008333333333333,0.08333333333333331
1.29312497984569008,1.03656324653155885,0.45833333333333259,0.16499999999999998,0.00008333333333333,0.08333333333333331
1.30451864298744602,1.04466410183405345,0.46666666666666590,0.16499999999999998,0.00008333333333333,0.08333333333333331
1.31592278372068194,1.05699378988447545,0.47499999999999920,0.16499999999999998,0.00008333333333333,0.08333333333333331
1.32610838741618764,1.06210177381826876,0.48333333333333250,0.16499999999999998,0.00008333333333333,0.08333333333333331
1.33754844869551426,1.07129237310232761,0.49166666666666581,0.16499999999999998,0.00008333333333333,0.08333333333333331
1.34695621491338535,1.07413204062146073,0.49999999999999911,0.16499999999999998,0.00008333333333333,0.08333333333333331
1.35331099203612215,1.08645496288891530,0.50833333333333242,0.16499999999999998,0.00008333333333333,0.08333333333333331
1.36574207649200074,1.09473438759611152,0.51666666666666572,0.16499999999999998,0.00008333333333333,0.08333333333333331
1.37608690069006734,1.10205982235469979,0.52499999999999902,0.16499999999999998,0.00008333333333333,0.08333333333333331
1.38650223964066854,1.10870259216459566,0.53333333333333233,0.16499999999999998,0.00008333333333333,0.08333333333333331
1.40646799595192507,1.10942710972209935,0.54166666666666563,0.16499999999999998,0.00008333333333333,0.08333333333333331
1.41813812433998798,1.12041685600770635,0.54999999999999893,0.16499999999999998,0.00008333333333333,0.08333333333333331
1.43016270680731772,1.13455039558351167,0.55833333333333224,0.16499999999999998,0.00008333333333333,0.08333333333333331
1.44022953363872896,1.13228500473230942,0.56666666666666554,0.16499999999999998,0.00008333333333333,0.08333333333333331
1.45401087953516384,1.13497385708467569,0.57499999999999885,0.16499999999999998,0.00008333333333333,0.08333333333333331
1.46943747577813921,1.14376688956790029,0.58333333333333215,0.16499999999999998,-0.00005000000000000,0.08333333333333331
1.48235677001989141,1.15492753559788519,0.59166666666666545,0.16499999999999998,-0.00005000000000000,0.08333333333333331
1.49904202820957022,1.16169838110969925,0.59999999999999876,0.16499999999999998,-0.00005000000000000,0.08333333333333331
1.51013423742132891,1.17062178538872619,0.60833333333333206,0.16499999999999998,-0.00005000000000000,0.08333333333333331
1.52907156666905553,1.16612720324417984,0.61666666666666536,0.16499999999999998,-0.00005000000000000,0.08333333333333331
1.55137066029402582,1.18599203297266675,0.62499999999999867,0.16499999999999998,-0.00005000000000000,0.08333333333333331
1.56091459808667476,1.19714126911148511,0.63333333333333197,0.16499999999999998,-0.00005000000000000,0.08333333333333331
1.57013875883785370,1.20701412826844989,0.64166666666666528,0.16499999999999998,-0.00005000000000000,0.08333333333333331
1.59716931637502246,1.20728203865615868,0.64999999999999858,0.16499999999999998,-0.00005000000000000,0.08333333333333331
1.61584330110016960,1.22240398673439454,0.65833333333333188,0.16499999999999998,-0.00005000000000000,0.08333333333333331
1.64316324584640494,1.23380905957752840,0.66666666666666519,0.13500000000000001,0.00008333333333333,0.08333333333333331
1.66572974181524480,1.24496150245783399,0.67499999999999849,0.13500000000000001,0.00008333333333333,0.08333333333333331
1.67519885725916695,1.25673462608198694,0.68333333333333179,0.13500000000000001,0.00008333333333333,0.08333333333333331
1.68994852131732309,1.25974180169787386,0.69166666666666510,0.13500000000000001,0.00008333333333333,0.08333333333333331
1.70379592118160073,1.26860814335263838,0.69999999999999840,0.13500000000000001,0.00008333333333333,0.08333333333333331
1.71580559256137288,1.29098215341775302,0.70833333333333171,0.13500000000000001,0.00008333333333333,0.08333333333333331
1.72078856788062162,1.29864233011912034,0.71666666666666501,0.13500000000000001,0.00008333333333333,0.08333333333333331
1.72658150409879374,1.32079670031552254,0.72499999999999831,0.13500000000000001,0.00008333333333333,0.08333333333333331
1.73968110792410391,1.32552121094276876,0.73333333333333162,0.13500000000000001,0.00008333333333333,0.08333333333333331
1.75567650733777825,1.33535748325303194,0.74166666666666492,0.13500000000000001,0.00008333333333333,0.08333333333333331
1.76351866159220028,1.33797965468171731,0.74999999999999822,0.13500000000000001,0.00001666666666667,0.08333333333333331
1.78076589200483970,1.34628639034796427,0.75833333333333153,0.13500000000000001,0.00001666666666667,0.08333333333333331
1.80182600584394659,1.35149229801757320,0.76666666666666483,0.13500000000000001,0.00001666666666667,0.08333333333333331
1.81350007397593083,1.35840014614754723,0.77499999999999813,0.13500000000000001,0.00001666666666667,0.08333333333333331
1.81887429548436175,1.36227864280439648,0.78333333333333144,0.13500000000000001,0.00001666666666667,0.08333333333333331
1.82074889024730613,1.36394041756505224,0.79166666666666474,0.13500000000000001,0.00001666666666667,0.08333333333333331
1.82354621432423358,1.36775119268767353,0.79999999999999805,0.13500000000000001,0.00001666666666667,0.08333333333333331
1.83135573220797943,1.37401677685805890,0.80833333333333135,0.13500000000000001,0.00001666666666667,0.08333333333333331
1.84187402632748909,1.38951278628058095,0.81666666666666465,0.13500000000000001,0.00001666666666667,0.08333333333333331
1.85492134749030835,1.39547051158090940,0.82499999999999796,0.13500000000000001,0.00001666666666667,0.08333333333333331
1.86296248096241968,1.39840606930060174,0.83333333333333126,0.13500000000000001,-0.00008333333333333,0.08333333333333331
1.86735776533178455,1.40997010170947989,0.84166666666666456,0.13500000000000001,-0.00008333333333333,0.08333333333333331
1.87236209065362202,1.42217346021262858,0.84999999999999787,0.13500000000000001,-0.00008333333333333,0.08333333333333331
1.87963171235928517,1.42600364261673951,0.85833333333333117,0.13500000000000001,-0.00008333333333333,0.08333333333333331
1.88522025395280934,1.42342820012205618,0.86666666666666448,0.13500000000000001,-0.00008333333333333,0.08333333333333331
1.88872157158043530,1.42559617074651657,0.87499999999999778,0.13500000000000001,-0.00008333333333333,0.08333333333333331
1.90426780893624747,1.43405958919901555,0.88333333333333108,0.13500000000000001,-0.00008333333333333,0.08333333333333331
1.91787652069331416,1.44307972437008125,0.89166666666666439,0.13500000000000001,-0.00008333333333333,0.08333333333333331
1.92969110322924764,1.45828320495557984,0.89999999999999769,0.13500000000000001,-0.00008333333333333,0.08333333333333331
1.93813329797990863,1.46215100941401266,0.90833333333333099,0.13500000000000001,-0.00008333333333333,0.08333333333333331
1.94969319810717723,1.47415012354321440,0.91666666666666430,0.16499999999999998,-0.00008333333333333,0.08333333333333331
1.96662552142806435,1.48865671748887762,0.92499999999999760,0.16499999999999998,-0.00008333333333333,0.08333333333333331
1.97795114065112032,1.50337964823152781,0.93333333333333091,0.16499999999999998,-0.00008333333333333,0.08333333333333331
1.98841019883910741,1.51357659003797629,0.94166666666666421,0.16499999999999998,-0.00008333333333333,0.08333333333333331
1.99670500941147822,1.52012762387040579,0.94999999999999751,0.16499999999999998,-0.00008333333333333,0.08333333333333331
1.99767061868135176,1.53433102223048179,0.95833333333333082,0.16499999999999998,-0.00008333333333333,0.08333333333333331
2.00263319938441686,1.55324379013365954,0.96666666666666412,0.16499999999999998,-0.00008333333333333,0.08333333333333331
2.02215084495653485,1.57055916983158572,0.97499999999999742,0.16499999999999998,-0.00008333333333333,0.08333333333333331
2.03119271046801364,1.58766241430164468,0.98333333333333073,0.16499999999999998,-0.00008333333333333,0.08333333333333331
2.04323296420902434,1.60218818164620447,0.99166666666666403,0.16499999999999998,-0.00008333333333333,0.08333333333333331
2.04222969449685765,1.61588630575420367,0.99999999999999734,0.16499999999999998,-0.00005000000000000,0.08333333333333331
2.05047674154013260,1.62061833884854334,1.00833333333333064,0.16499999999999998,-0.00005000000000000,0.08333333333333331
2.05759936599202753,1.63484884249018081,1.01666666666666394,0.16499999999999998,-0.00005000000000000,0.08333333333333331
2.06640347425291671,1.65525070662272267,1.02499999999999725,0.16499999999999998,-0.00005000000000000,0.08333333333333331
2.08019499756697934,1.67795196587632245,1.03333333333333055,0.16499999999999998,-0.00005000000000000,0.08333333333333331
2.08551400381511698,1.69338044233488927,1.04166666666666385,0.16499999999999998,-0.00005000000000000,0.08333333333333331
2.09999103748307014,1.70785050205026412,1.04999999999999716,0.16499999999999998,-0.00005000000000000,0.08333333333333331
2.11840944648231444,1.72723091223965208,1.05833333333333046,0.16499999999999998,-0.00005000000000000,0.08333333333333331
2.12559301995938466,1.74098858560336556,1.06666666666666377,0.16499999999999998,-0.00005000000000000,0.08333333333333331
2.13955376605645675,1.75804303621264646,1.07499999999999707,0.16499999999999998,-0.00005000000000000,0.08333333333333331
2.14107503556176093,1.76743751918362180,1.08333333333333037,0.16499999999999998,0.00005000000000000,-0.05000000000000001
2.14367299642038533,1.78507259782415084,1.07833333333333048,0.16499999999999998,0.00005000000000000,-0.05000000000000001
2.14365191003425304,1.79967311017567755,1.07333333333333059,0.16499999999999998,0.00005000000000000,-0.05000000000000001
2.14758164626687398,1.82353473093843177,1.06833333333333069,0.16499999999999998,0.00005000000000000,-0.05000000000000001
2.15272616240272541,1.84007407916723675,1.06333333333333080,0.16499999999999998,0.00005000000000000,-0.05000000000000001
2.16302474758017693,1.85622239492299590,1.05833333333333091,0.16499999999999998,0.00005000000000000,-0.05000000000000001
2.17438347297054824,1.86613465351092067,1.05333333333333101,0.16499999999999998,0.00005000000000000,-0.05000000000000001
2.18100215720134649,1.89195323610463872,1.04833333333333112,0.16499999999999998,0.00005000000000000,-0.05000000000000001
2.18601039324257407,1.91775647958167528,1.04333333333333123,0.16499999999999998,0.00005000000000000,-0.05000000000000001
2.19577301047175677,1.93041675651165345,1.03833333333333133,0.16499999999999998,0.00005000000000000,-0.05000000000000001
2.20066227434369432,1.94186101522880317,1.03333333333333144,0.16499999999999998,-0.00005000000000000,0.08333333333333331
2.20776521198895948,1.95905916833647220,1.04166666666666474,0.16499999999999998,-0.00005000000000000,0.08333333333333331
2.21227211679536273,1.97529912017290554,1.04999999999999805,0.16499999999999998,-0.00005000000000000,0.08333333333333331
2.22177052912993256,1.98261561141589593,1.05833333333333135,0.16499999999999998,-0.00005000000000000,0.08333333333333331
2.22529121819468401,2.00020164089181529,1.06666666666666465,0.16499999999999998,-0.00005000000000000,0.08333333333333331
2.23369866018274399,2.00777519118745706,1.07499999999999796,0.16499999999999998,-0.00005000000000000,0.08333333333333331
2.23515902765236563,2.02252738246009667,1.08333333333333126,0.16499999999999998,-0.00005000000000000,0.08333333333333331
2.24163936154051946,2.03436054276635137,1.09166666666666456,0.16499999999999998,-0.00005000000000000,0.08333333333333331
2.24674887421944058,2.04988897075815935,1.09999999999999787,0.16499999999999998,-0.00005000000000000,0.08333333333333331
2.25184482518469142,2.07269548827857220,1.10833333333333117,0.16499999999999998,-0.00005000000000000,0.08333333333333331
2.25941376447847331,2.08222129958626345,1.11666666666666448,0.16499999999999998,-0.00008333333333333,0.08333333333333331
2.27578155846219587,2.10265502350840272,1.12499999999999778,0.16499999999999998,-0.00008333333333333,0.08333333333333331
2.27988688767249803,2.11850243225347024,1.13333333333333108,0.16499999999999998,-0.00008333333333333,0.08333333333333331
2.28403819518399320,2.13543200732989424,1.14166666666666439,0.16499999999999998,-0.00008333333333333,0.08333333333333331
2.29324712517018359,2.14700494481815563,1.14999999999999769,0.16499999999999998,-0.00008333333333333,0.08333333333333331
2.29807541390877912,2.16598399129876995,1.15833333333333099,0.16499999999999998,-0.00008333333333333,0.08333333333333331
2.30478437911450662,2.18545157797817202,1.16666666666666430,0.16499999999999998,-0.00008333333333333,0.08333333333333331
2.30635819537300746,2.19797406798075379,1.17499999999999760,0.16499999999999998,-0.00008333333333333,0.08333333333333331
2.31647384169983894,2.20953078196727670,1.18333333333333091,0.16499999999999998,-0.00008333333333333,0.08333333333333331
2.31742266956213561,2.22768881406754415,1.19166666666666421,0.16499999999999998,-0.00008333333333333,0.08333333333333331
2.32280648216784469,2.24347682147471161,1.19999999999999751,0.13500000000000001,0.00005000000000000,-0.08333333333333334
2.32752289906947674,2.26103686599373477,1.19166666666666421,0.13500000000000001,0.00005000000000000,-0.08333333333333334
2.33551256570371901,2.27136097675262105,1.18333333333333091,0.13500000000000001,0.00005000000000000,-0.08333333333333334
2.33575904244750099,2.27571140096488778,1.17499999999999760,0.13500000000000001,0.00005000000000000,-0.08333333333333334
2.33277652865027996,2.28592229418646697,1.16666666666666430,0.13500000000000001,0.00005000000000000,-0.08333333333333334
2.33876581229669878,2.29298606752483147,1.15833333333333099,0.13500000000000001,0.00005000000000000,-0.08333333333333334
2.33882503301575939,2.31527471801472107,1.14999999999999769,0.13500000000000001,0.00005000000000000,-0.08333333333333334
2.34656196793591887,2.33446053180390267,1.14166666666666439,0.13500000000000001,0.00005000000000000,-0.08333333333333334
2.34745211390964847,2.34999746314478353,1.13333333333333108,0.13500000000000001,0.00005000000000000,-0.08333333333333334
2.34673448887861813,2.36391781112278565,1.12499999999999778,0.13500000000000001,0.00005000000000000,-0.08333333333333334
2.34938203961108050,2.38271712546899517,1.11666666666666448,0.07500000000000000,-0.00005000000000000,-0.08333333333333334
2.36115374820619417,2.39557936986248787,1.10833333333333117,0.07500000000000000,-0.00005000000000000,-0.08333333333333334
2.36763537878616148,2.41380760440139719,1.09999999999999787,0.07500000000000000,-0.00005000000000000,-0.08333333333333334
2.37152397700429773,2.41210100358854396,1.09166666666666456,0.07500000000000000,-0.00005000000000000,-0.08333333333333334
2.37931879113104561,2.41964214689559931,1.08333333333333126,0.07500000000000000,-0.00005000000000000,-0.08333333333333334
2.37457051164336841,2.42459863478722948,1.07499999999999796,0.07500000000000000,-0.00005000000000000,-0.08333333333333334
2.37614496944595377,2.43112835867539934,1.06666666666666465,0.07500000000000000,-0.00005000000000000,-0.08333333333333334
2.37173287517907339,2.44231292880234729,1.05833333333333135,0.07500000000000000,-0.00005000000000000,-0.08333333333333334
2.37750769444239829,2.45147627927431877,1.04999999999999805,0.07500000000000000,-0.00005000000000000,-0.08333333333333334
2.37849425996342001,2.46173157087955197,1.04166666666666474,0.07500000000000000,-0.00005000000000000,-0.08333333333333334
2.37282302990010585,2.47243555681612914,1.03333333333333144,0.04500000000000000,0.00001666666666667,-0.08333333333333334
2.36836866950347913,2.47701802042733688,1.02499999999999813,0.04500000000000000,0.00001666666666667,-0.08333333333333334
2.36915957726005555,2.46083541048799459,1.01666666666666483,0.04500000000000000,0.00001666666666667,-0.08333333333333334
2.36890118897704882,2.46403600411847234,1.00833333333333153,0.04500000000000000,0.00001666666666667,-0.08333333333333334
2.37653609590744797,2.47058573039251028,0.99999999999999822,0.04500000000000000,0.00001666666666667,-0.08333333333333334
2.37799949522525988,2.46966162420261348,0.99166666666666492,0.04500000000000000,0.00001666666666667,-0.08333333333333334
2.38192829680358331,2.47160191815612640,0.98333333333333162,0.04500000000000000,0.00001666666666667,-0.08333333333333334
2.38877909412843614,2.47699868465628903,0.97499999999999831,0.04500000000000000,0.00001666666666667,-0.08333333333333334
2.38372530155134044,2.48087878378713755,0.96666666666666501,0.04500000000000000,0.00001666666666667,-0.08333333333333334
2.38381471366552056,2.48371124329766380,0.95833333333333171,0.04500000000000000,0.00001666666666667,-0.08333333333333334
2.38672274459590783,2.49249232836041168,0.94999999999999840,0.04500000000000000,-0.00008333333333333,-0.08333333333333334
2.40229028019952962,2.50002418689142747,0.94166666666666510,0.04500000000000000,-0.00008333333333333,-0.08333333333333334
2.40174831842243952,2.50855201393381266,0.93333333333333179,0.04500000000000000,-0.00008333333333333,-0.08333333333333334
2.40097908640130875,2.50488817526399510,0.92499999999999849,0.04500000000000000,-0.00008333333333333,-0.08333333333333334
2.39555431157052379,2.50213192024925757,0.91666666666666519,0.04500000000000000,-0.00008333333333333,-0.08333333333333334
2.40081344647026063,2.50170803929015051,0.90833333333333188,0.04500000000000000,-0.00008333333333333,-0.08333333333333334
2.39928067566361047,2.50531730313016210,0.89999999999999858,0.04500000000000000,-0.00008333333333333,-0.08333333333333334
2.40132726390875817,2.50608916269094495,0.89166666666666528,0.04500000000000000,-0.00008333333333333,-0.08333333333333334
2.40427615307999121,2.51542809566614878,0.88333333333333197,0.04500000000000000,-0.00008333333333333,-0.08333333333333334
2.41450766241947878,2.52306607601872024,0.87499999999999867,0.04500000000000000,-0.00008333333333333,-0.08333333333333334
2.41343822079280468,2.52551383277847608,0.86666666666666536,0.10500000000000000,-0.00008333333333333,-0.08333333333333334
2.41380672876977753,2.53655674127886899,0.85833333333333206,0.10500000000000000,-0.00008333333333333,-0.08333333333333334
2.41564669201842142,2.54893112128640675,0.84999999999999876,0.10500000000000000,-0.00008333333333333,-0.08333333333333334
2.42493803477846326,2.54607653623467023,0.84166666666666545,0.10500000000000000,-0.00008333333333333,-0.08333333333333334
2.42843825292572513,2.55443425623513676,0.83333333333333215,0.10500000000000000,-0.00008333333333333,-0.08333333333333334
2.44473265008649232,2.56060094885401934,0.82499999999999885,0.10500000000000000,-0.00008333333333333,-0.08333333333333334
2.45162589730669600,2.57026784002755759,0.81666666666666554,0.10500000000000000,-0.00008333333333333,-0.08333333333333334
2.45750474808263730,2.57511784896187113,0.80833333333333224,0.10500000000000000,-0.00008333333333333,-0.08333333333333334
2.46063596770051429,2.58752965123531631,0.79999999999999893,0.10500000000000000,-0.00008333333333333,-0.08333333333333334
2.47007013252051344,2.59326935657293367,0.79166666666666563,0.10500000000000000,-0.00008333333333333,-0.08333333333333334
2.47841241316434324,2.59773976318602795,0.78333333333333233,0.10500000000000000,-0.00008333333333333,-0.08333333333333334
2.48680652256075563,2.60023743783203498,0.77499999999999902,0.10500000000000000,-0.00008333333333333,-0.08333333333333334
2.49549871220398645,2.60998145373118007,0.76666666666666572,0.10500000000000000,-0.00008333333333333,-0.08333333333333334
2.50424659708498876,2.62578212594095994,0.75833333333333242,0.10500000000000000,-0.00008333333333333,-0.08333333333333334
2.50893117872318783,2.63628099079592992,0.74999999999999911,0.10500000000000000,-0.00008333333333333,-0.08333333333333334
2.52929513753691548,2.64220940906526058,0.74166666666666581,0.10500000000000000,-0.00008333333333333,-0.08333333333333334
2.53683354887309198,2.65090999745048839,0.73333333333333250,0.10500000000000000,-0.00008333333333333,-0.08333333333333334
2.54678905170748182,2.64890216822397662,0.72499999999999920,0.10500000000000000,-0.00008333333333333,-0.08333333333333334
2.55902378131737063,2.66031115697860843,0.71666666666666590,0.10500000000000000,-0.00008333333333333,-0.08333333333333334
2.57456054861460215,2.67587721832016978,0.70833333333333259,0.10500000000000000,-0.00008333333333333,-0.08333333333333334
2.58442599775357840,2.68507408963150862,0.69999999999999929,0.13500000000000001,-0.00001666666666667,-0.01666666666666668
2.59528294558277217,2.69293724249855826,0.69833333333333258,0.13500000000000001,-0.00001666666666667,-0.01666666666666668
2.61194904953086082,2.69463006766349444,0.69666666666666588,0.13500000000000001,-0.00001666666666667,-0.01666666666666668
2.62138046005242575,2.70467158673494046,0.69499999999999917,0.13500000000000001,-0.00001666666666667,-0.01666666666666668
2.62119829075576671,2.70922186447858637,0.69333333333333247,0.13500000000000001,-0.00001666666666667,-0.01666666666666668
2.62072797211059072,2.71306263275915427,0.69166666666666576,0.13500000000000001,-0.00001666666666667,-0.01666666666666668
2.62629518759462099,2.72926823085646353,0.68999999999999906,0.13500000000000001,-0.00001666666666667,-0.01666666666666668
2.64289937084936577,2.73926623618533593,0.68833333333333235,0.13500000000000001,-0.00001666666666667,-0.01666666666666668
2.65782488935872507,2.74461994950299371,0.68666666666666565,0.13500000000000001,-0.00001666666666667,-0.01666666666666668
2.67141975626309680,2.75706530135079086,0.68499999999999894,0.13500000000000001,-0.00001666666666667,-0.01666666666666668
2.67892377131810866,2.77325949337462108,0.68333333333333224,0.13500000000000001,0.00001666666666667,0.08333333333333331
2.68684293809923824,2.77725936181880639,0.69166666666666554,0.13500000000000001,0.00001666666666667,0.08333333333333331
2.70083287897555735,2.78061589709888057,0.69999999999999885,0.13500000000000001,0.00001666666666667,0.08333333333333331
2.71210257525693210,2.78402676694351703,0.70833333333333215,0.13500000000000001,0.00001666666666667,0.08333333333333331
2.72337604142440259,2.79503289555377421,0.71666666666666545,0.13500000000000001,0.00001666666666667,0.08333333333333331
2.73809303627851275,2.80129739206322714,0.72499999999999876,0.13500000000000001,0.00001666666666667,0.08333333333333331
2.74273631623920133,2.81685717153920123,0.73333333333333206,0.13500000000000001,0.00001666666666667,0.08333333333333331
2.75147138511894340,2.81964325024466511,0.74166666666666536,0.13500000000000001,0.00001666666666667,0.08333333333333331
2.76488188543726743,2.82417244915139554,0.74999999999999867,0.13500000000000001,0.00001666666666667,0.08333333333333331
2.77571854066954637,2.82464857109890666,0.75833333333333197,0.13500000000000001,0.00001666666666667,0.08333333333333331
2.77955979662730224,2.83241033933347008,0.76666666666666528,0.10500000000000000,-0.00008333333333333,-0.01666666666666668
2.77982581638085602,2.84779674085203105,0.76499999999999857,0.10500000000000000,-0.00008333333333333,-0.01666666666666668
2.78933983738953950,2.84878064804956166,0.76333333333333186,0.10500000000000000,-0.00008333333333333,-0.01666666666666668
2.81057636920515153,2.85687534257099562,0.76166666666666516,0.10500000000000000,-0.00008333333333333,-0.01666666666666668
2.81645576638777184,2.86207368097429526,0.75999999999999845,0.10500000000000000,-0.00008333333333333,-0.01666666666666668
2.81640825390799643,2.86219684462350932,0.75833333333333175,0.10500000000000000,-0.00008333333333333,-0.01666666666666668
2.82419355763199098,2.86478094770507896,0.75666666666666504,0.10500000000000000,-0.00008333333333333,-0.01666666666666668
2.82397468519938499,2.86860206967742393,0.75499999999999834,0.10500000000000000,-0.00008333333333333,-0.01666666666666668
2.83105329523479776,2.87709018465893163,0.75333333333333163,0.10500000000000000,-0.00008333333333333,-0.01666666666666668
2.84372106869280517,2.89345105282572668,0.75166666666666493,0.10500000000000000,-0.00008333333333333,-0.01666666666666668
2.84746119094911698,2.90287959664494721,0.74999999999999822,0.13500000000000001,0.00001666666666667,0.08333333333333331
2.86481022008972896,2.90833131672907896,0.75833333333333153,0.13500000000000001,0.00001666666666667,0.08333333333333331
2.88065130878161257,2.91678197116804272,0.76666666666666483,0.13500000000000001,0.00001666666666667,0.08333333333333331
2.88678927918480976,2.91945171964014527,0.77499999999999813,0.13500000000000001,0.00001666666666667,0.08333333333333331
2.88913668050530559,2.93229532916426550,0.78333333333333144,0.13500000000000001,0.00001666666666667,0.08333333333333331
2.89700841346285465,2.94029425008985701,0.79166666666666474,0.13500000000000001,0.00001666666666667,0.08333333333333331
2.90018529516129719,2.94538525609103274,0.79999999999999805,0.13500000000000001,0.00001666666666667,0.08333333333333331
2.90839895067490817,2.95349525183422612,0.80833333333333135,0.13500000000000001,0.00001666666666667,0.08333333333333331
2.91889385436953308,2.95991587373149168,0.81666666666666465,0.13500000000000001,0.00001666666666667,0.08333333333333331
2.92325660371175466,2.96888546904216399,0.82499999999999796,0.13500000000000001,0.00001666666666667,0.08333333333333331
2.93206807697240279,2.97951276713043578,0.83333333333333126,0.10500000000000000,-0.00005000000000000,-0.01666666666666668
2.94104960487103151,2.98159055749881574,0.83166666666666456,0.10500000000000000,-0.00005000000000000,-0.01666666666666668
2.95292445643631218,2.99022939666770071,0.82999999999999785,0.10500000000000000,-0.00005000000000000,-0.01666666666666668
2.96119937657017784,3.00298204685078307,0.82833333333333115,0.10500000000000000,-0.00005000000000000,-0.01666666666666668
2.96603589216982177,3.01922262032978761,0.82666666666666444,0.10500000000000000,-0.00005000000000000,-0.01666666666666668
2.96448386793180596,3.02827134564505362,0.82499999999999774,0.10500000000000000,-0.00005000000000000,-0.01666666666666668
2.96896147348515305,3.04267665245857000,0.82333333333333103,0.10500000000000000,-0.00005000000000000,-0.01666666666666668
2.98413300671257353,3.05462716253432109,0.82166666666666432,0.10500000000000000,-0.00005000000000000,-0.01666666666666668
2.99521242040739066,3.05219905165907557,0.81999999999999762,0.10500000000000000,-0.00005000000000000,-0.01666666666666668
2.99460295619390493,3.06029863791389900,0.81833333333333091,0.10500000000000000,-0.00005000000000000,-0.01666666666666668
3.00269161017492259,3.06721046667551978,0.81666666666666421,0.13500000000000001,0.00008333333333333,0.04999999999999999
3.00333708222116336,3.07880408192752286,0.82166666666666421,0.13500000000000001,0.00008333333333333,0.04999999999999999
3.00498591538690407,3.08895153363647701,0.82666666666666422,0.13500000000000001,0.00008333333333333,0.04999999999999999
3.00422761761316259,3.09302778583928006,0.83166666666666422,0.13500000000000001,0.00008333333333333,0.04999999999999999
3.02098463627131908,3.10238831390145187,0.83666666666666423,0.13500000000000001,0.00008333333333333,0.04999999999999999
3.01758411899474055,3.12111191554147904,0.84166666666666423,0.13500000000000001,0.00008333333333333,0.04999999999999999
3.03199620986989782,3.13133408664827151,0.84666666666666424,0.13500000000000001,0.00008333333333333,0.04999999999999999
3.03911005456268768,3.14261783430730413,0.85166666666666424,0.13500000000000001,0.00008333333333333,0.04999999999999999
3.04513304594821710,3.15434495662406666,0.85666666666666424,0.13500000000000001,0.00008333333333333,0.04999999999999999
3.06237345039123410,3.17515477223878628,0.86166666666666425,0.13500000000000001,0.00008333333333333,0.04999999999999999
3.07694605234118113,3.18925976486675822,0.86666666666666425,0.10500000000000000,0.00001666666666667,-0.08333333333333334
3.09057609632238606,3.20048773141870369,0.85833333333333095,0.10500000000000000,0.00001666666666667,-0.08333333333333334
3.09235448058835649,3.20579391265591340,0.84999999999999765,0.10500000000000000,0.00001666666666667,-0.08333333333333334
3.10334236674006281,3.21494416076199174,0.84166666666666434,0.10500000000000000,0.00001666666666667,-0.08333333333333334
3.11123956892479381,3.22798674093462257,0.83333333333333104,0.10500000000000000,0.00001666666666667,-0.08333333333333334
3.12496825407297685,3.23541673501184945,0.82499999999999774,0.10500000000000000,0.00001666666666667,-0.08333333333333334
3.13462455464002776,3.24684066138886118,0.81666666666666443,0.10500000000000000,0.00001666666666667,-0.08333333333333334
3.13917599606732356,3.24934788093911475,0.80833333333333113,0.10500000000000000,0.00001666666666667,-0.08333333333333334
3.13717641251222856,3.25829880149267037,0.79999999999999782,0.10500000000000000,0.00001666666666667,-0.08333333333333334
3.14210999980482830,3.27307769163878204,0.79166666666666452,0.10500000000000000,0.00001666666666667,-0.08333333333333334
3.14965720710644614,3.28171603013776547,0.78333333333333122,0.13500000000000001,0.00001666666666667,-0.08333333333333334
3.15615241281005643,3.29255639715536041,0.77499999999999791,0.13500000000000001,0.00001666666666667,-0.08333333333333334
3.16872244844512130,3.29793774056240219,0.76666666666666461,0.13500000000000001,0.00001666666666667,-0.08333333333333334
3.18653389756689354,3.31552786440845582,0.75833333333333131,0.13500000000000001,0.00001666666666667,-0.08333333333333334
3.19202538128522528,3.32589116220228975,0.74999999999999800,0.13500000000000001,0.00001666666666667,-0.08333333333333334
3.19397780563220479,3.33208883474126250,0.74166666666666470,0.13500000000000001,0.00001666666666667,-0.08333333333333334
3.20952834471997361,3.34048131585930808,0.73333333333333139,0.13500000000000001,0.00001666666666667,-0.08333333333333334
3.21919725739579343,3.34049166654177965,0.72499999999999809,0.13500000000000001,0.00001666666666667,-0.08333333333333334
3.23157363419258381,3.35955251350921014,0.71666666666666479,0.13500000000000001,0.00001666666666667,-0.08333333333333334
3.24556471239360267,3.36433444906665846,0.70833333333333148,0.13500000000000001,0.00001666666666667,-0.08333333333333334
3.26079975453410542,3.37589571130473898,0.69999999999999818,0.10500000000000000,-0.00001666666666667,0.04999999999999999
3.26897525043131232,3.38105388356044845,0.70499999999999818,0.10500000000000000,-0.00001666666666667,0.04999999999999999
3.27871964477364219,3.39324866425399785,0.70999999999999819,0.10500000000000000,-0.00001666666666667,0.04999999999999999
3.28660142782718001,3.40407357362935814,0.71499999999999819,0.10500000000000000,-0.00001666666666667,0.04999999999999999
3.29669713042889656,3.41572922427528036,0.71999999999999820,0.10500000000000000,-0.00001666666666667,0.04999999999999999
3.30266012114144436,3.41890484807960027,0.72499999999999820,0.10500000000000000,-0.00001666666666667,0.04999999999999999
3.31447280390834287,3.42545076891783262,0.72999999999999821,0.10500000000000000,-0.00001666666666667,0.04999999999999999
3.32117322575449503,3.43332485014280708,0.73499999999999821,0.10500000000000000,-0.00001666666666667,0.04999999999999999
3.32919055831511823,3.44126853106299979,0.73999999999999821,0.10500000000000000,-0.00001666666666667,0.04999999999999999
3.34783608265903876,3.43994994675162502,0.74499999999999822,0.10500000000000000,-0.00001666666666667,0.04999999999999999
3.35537553260917942,3.44788218561980697,0.74999999999999822,0.13500000000000001,-0.00005000000000000,0.08333333333333331
3.35131308192656396,3.45583455324914457,0.75833333333333153,0.13500000000000001,-0.00005000000000000,0.08333333333333331
3.36224060758243359,3.47330707081232548,0.76666666666666483,0.13500000000000001,-0.00005000000000000,0.08333333333333331
3.37721355183013339,3.48704846822701597,0.77499999999999813,0.13500000000000001,-0.00005000000000000,0.08333333333333331
3.38279536456468133,3.49369754028895585,0.78333333333333144,0.13500000000000001,-0.00005000000000000,0.08333333333333331
3.39657296835476874,3.50224984935751538,0.79166666666666474,0.13500000000000001,-0.00005000000000000,0.08333333333333331
3.40434929844105261,3.51744961731314065,0.79999999999999805,0.13500000000000001,-0.00005000000000000,0.08333333333333331
3.41397148996915201,3.53486496415425044,0.80833333333333135,0.13500000000000001,-0.00005000000000000,0.08333333333333331
3.42032049338849875,3.54593659627655455,0.81666666666666465,0.13500000000000001,-0.00005000000000000,0.08333333333333331
3.42154560103403460,3.55867379258975447,0.82499999999999796,0.13500000000000001,-0.00005000000000000,0.08333333333333331
3.42697959322521895,3.57035835652047062,0.83333333333333126,0.13500000000000001,-0.00005000000000000,0.08333333333333331
3.43733626502896339,3.58664057402073633,0.84166666666666456,0.13500000000000001,-0.00005000000000000,0.08333333333333331
3.45191668967643928,3.59574164355331849,0.84999999999999787,0.13500000000000001,-0.00005000000000000,0.08333333333333331
3.46546422580499014,3.60791442586759237,0.85833333333333117,0.13500000000000001,-0.00005000000000000,0.08333333333333331
3.46367012437363408,3.61788539139867771,0.86666666666666448,0.13500000000000001,-0.00005000000000000,0.08333333333333331
3.47324553570772165,3.62679439087691824,0.87499999999999778,0.13500000000000001,-0.00005000000000000,0.08333333333333331
3.48432920730395157,3.64162520070826501,0.88333333333333108,0.13500000000000001,-0.00005000000000000,0.08333333333333331
3.50608484580605007,3.64966508890352159,0.89166666666666439,0.13500000000000001,-0.00005000000000000,0.08333333333333331
3.51205769841410964,3.66493845935062312,0.89999999999999769,0.13500000000000001,-0.00005000000000000,0.08333333333333331
3.52948874339223329,3.67084736505688669,0.90833333333333099,0.13500000000000001,-0.00005000000000000,0.08333333333333331
3.55126697667311930,3.68406193805723126,0.91666666666666430,0.16499999999999998,0.00001666666666667,-0.08333333333333334
3.55889530151531819,3.70359949703040714,0.90833333333333099,0.16499999999999998,0.00001666666666667,-0.08333333333333334
3.56545460898571553,3.71828474538193987,0.89999999999999769,0.16499999999999998,0.00001666666666667,-0.08333333333333334
3.57058108417985576,3.73373271452049238,0.89166666666666439,0.16499999999999998,0.00001666666666667,-0.08333333333333334
3.58156281244304431,3.75260754587124978,0.88333333333333108,0.16499999999999998,0.00001666666666667,-0.08333333333333334
3.58671946860554236,3.75814124596844046,0.87499999999999778,0.16499999999999998,0.00001666666666667,-0.08333333333333334
3.60208548377600613,3.77713976588803213,0.86666666666666448,0.16499999999999998,0.00001666666666667,-0.08333333333333334
3.60561691426416653,3.79034862337081080,0.85833333333333117,0.16499999999999998,0.00001666666666667,-0.08333333333333334
3.61743815134684299,3.79680538516520416,0.84999999999999787,0.16499999999999998,0.00001666666666667,-0.08333333333333334
3.62431587182660087,3.80376201457007435,0.84166666666666456,0.16499999999999998,0.00001666666666667,-0.08333333333333334
3.63366861130656105,3.80872348366959779,0.83333333333333126,0.10500000000000000,0.00005000000000000,-0.08333333333333334
3.64364481474586288,3.82120904384891791,0.82499999999999796,0.10500000000000000,0.00005000000000000,-0.08333333333333334
3.66116649038900244,3.83001606264087746,0.81666666666666465,0.10500000000000000,0.00005000000000000,-0.08333333333333334
3.67138876265516911,3.83118589377981111,0.80833333333333135,0.10500000000000000,0.00005000000000000,-0.08333333333333334
3.67396724069435754,3.84102725932010447,0.79999999999999805,0.10500000000000000,0.00005000000000000,-0.08333333333333334
3.67817689494688294,3.85288304458633446,0.79166666666666474,0.10500000000000000,0.00005000000000000,-0.08333333333333334
3.67428662670274964,3.86367789848459253,0.78333333333333144,0.10500000000000000,0.00005000000000000,-0.08333333333333334
3.68270830229127411,3.86756780126573574,0.77499999999999813,0.10500000000000000,0.00005000000000000,-0.08333333333333334
3.69752330363626269,3.87234702495390604,0.76666666666666483,0.10500000000000000,0.00005000000000000,-0.08333333333333334
3.70438095523558930,3.88459357685731677,0.75833333333333153,0.10500000000000000,0.00005000000000000,-0.08333333333333334
3.70750387857241748,3.89770901772301448,0.74999999999999822,0.10500000000000000,0.00005000000000000,-0.08333333333333334
3.71554860662217878,3.90897625294319218,0.74166666666666492,0.10500000000000000,0.00005000000000000,-0.08333333333333334
3.71995758659183062,3.92153003030692604,0.73333333333333162,0.10500000000000000,0.00005000000000000,-0.08333333333333334
3.72901540249481078,3.92772711607680725,0.72499999999999831,0.10500000000000000,0.00005000000000000,-0.08333333333333334
3.73961122435654625,3.93058770796977131,0.71666666666666501,0.10500000000000000,0.00005000000000000,-0.08333333333333334
3.74933386224788556,3.93429239914142670,0.70833333333333171,0.10500000000000000,0.00005000000000000,-0.08333333333333334
3.76260256054589259,3.93954687264297299,0.69999999999999840,0.10500000000000000,0.00005000000000000,-0.08333333333333334
3.77783408319898095,3.94781810936042943,0.69166666666666510,0.10500000000000000,0.00005000000000000,-0.08333333333333334
3.78729211458607384,3.95124568431309342,0.68333333333333179,0.10500000000000000,0.00005000000000000,-0.08333333333333334
3.80162993096073043,3.95658254321849778,0.67499999999999849,0.10500000000000000,0.00005000000000000,-0.08333333333333334
3.82340013089891695,3.96576399469073948,0.66666666666666519,0.10500000000000000,0.00001666666666667,-0.08333333333333334
3.83016779119322637,3.97102387409356394,0.65833333333333188,0.10500000000000000,0.00001666666666667,-0.08333333333333334
3.83318008011004041,3.96945579796702264,0.64999999999999858,0.10500000000000000,0.00001666666666667,-0.08333333333333334
3.84430097536012383,3.97833023409155784,0.64166666666666528,0.10500000000000000,0.00001666666666667,-0.08333333333333334
3.85572259317949451,3.98958869215134770,0.63333333333333197,0.10500000000000000,0.00001666666666667,-0.08333333333333334
3.87293704878554479,3.98911328040355606,0.62499999999999867,0.10500000000000000,0.00001666666666667,-0.08333333333333334
3.88470693537142386,3.99880846855897820,0.61666666666666536,0.10500000000000000,0.00001666666666667,-0.08333333333333334
3.89853218684437319,3.99926337633388806,0.60833333333333206,0.10500000000000000,0.00001666666666667,-0.08333333333333334
3.91490247050839724,4.00848088532638958,0.59999999999999876,0.10500000000000000,0.00001666666666667,-0.08333333333333334
3.92260246369641985,4.00697518874966097,0.59166666666666545,0.10500000000000000,0.00001666666666667,-0.08333333333333334
3.94547849706065623,4.02069202944098780,0.58333333333333215,0.13500000000000001,0.00008333333333333,0.01666666666666666
3.95990096051724283,4.02904233838121684,0.58499999999999885,0.13500000000000001,0.00008333333333333,0.01666666666666666
3.95954643995141131,4.04431140549915380,0.58666666666666556,0.13500000000000001,0.00008333333333333,0.01666666666666666
3.97551698298930978,4.04884397686147324,0.58833333333333226,0.13500000000000001,0.00008333333333333,0.01666666666666666
3.99518836287376633,4.04590012109685926,0.58999999999999897,0.13500000000000001,0.00008333333333333,0.01666666666666666
4.00884265927755834,4.04922808515003574,0.59166666666666567,0.13500000000000001,0.00008333333333333,0.01666666666666666
4.02846764602080487,4.05459945003595923,0.59333333333333238,0.13500000000000001,0.00008333333333333,0.01666666666666666
4.03244433372917044,4.06754376801759232,0.59499999999999909,0.13500000000000001,0.00008333333333333,0.01666666666666666
4.03090750000465370,4.06775031597015069,0.59666666666666579,0.13500000000000001,0.00008333333333333,0.01666666666666666
4.04385571038864899,4.08256760944856190,0.59833333333333250,0.13500000000000001,0.00008333333333333,0.01666666666666666
4.06101121950631239,4.09529969714253106,0.59999999999999920,0.16499999999999998,-0.00001666666666667,-0.08333333333333334
4.08330299438167721,4.10487490267417066,0.59166666666666590,0.16499999999999998,-0.00001666666666667,-0.08333333333333334
4.09453351563561263,4.10544057092718262,0.58333333333333259,0.16499999999999998,-0.00001666666666667,-0.08333333333333334
4.10851987288277698,4.11854694378435582,0.57499999999999929,0.16499999999999998,-0.00001666666666667,-0.08333333333333334
4.11883724104310023,4.13325611347454913,0.56666666666666599,0.16499999999999998,-0.00001666666666667,-0.08333333333333334
4.12697508866888807,4.13032163243461081,0.55833333333333268,0.16499999999999998,-0.00001666666666667,-0.08333333333333334
4.12848814901918004,4.14239387330711839,0.54999999999999938,0.16499999999999998,-0.00001666666666667,-0.08333333333333334
4.13636478060703627,4.14780441357908725,0.54166666666666607,0.16499999999999998,-0.00001666666666667,-0.08333333333333334
4.15352862671647305,4.15718653229799529,0.53333333333333277,0.16499999999999998,-0.00001666666666667,-0.08333333333333334
4.17011198527172322,4.16397833868038258,0.52499999999999947,0.16499999999999998,-0.00001666666666667,-0.08333333333333334
4.18895030935343460,4.17491631056734747,0.51666666666666616,0.16499999999999998,0.00008333333333333,-0.08333333333333334
4.21877194143847767,4.18996769329521435,0.50833333333333286,0.16499999999999998,0.00008333333333333,-0.08333333333333334
4.22688570187912305,4.19795763671499067,0.49999999999999950,0.16499999999999998,0.00008333333333333,-0.08333333333333334
4.23586697771217580,4.21097123218540759,0.49166666666666614,0.16499999999999998,0.00008333333333333,-0.08333333333333334
4.24033661852570098,4.22194514170085000,0.48333333333333278,0.16499999999999998,0.00008333333333333,-0.08333333333333334
4.26082664333387662,4.23438183505007970,0.47499999999999942,0.16499999999999998,0.00008333333333333,-0.08333333333333334
4.26671557675762347,4.22879667812874604,0.46666666666666606,0.16499999999999998,0.00008333333333333,-0.08333333333333334
4.28518131884408326,4.23481782130212370,0.45833333333333270,0.16499999999999998,0.00008333333333333,-0.08333333333333334
4.30535935728027308,4.24019595901814395,0.44999999999999934,0.16499999999999998,0.00008333333333333,-0.08333333333333334
4.32145514059134239,4.25648704561974434,0.44166666666666599,0.16499999999999998,0.00008333333333333,-0.08333333333333334
4.34373332696827141,4.25698324089962732,0.43333333333333263,0.16499999999999998,0.00001666666666667,0.08333333333333331
4.35956122666686419,4.25044285621155638,0.44166666666666599,0.16499999999999998,0.00001666666666667,0.08333333333333331
4.36936165730554382,4.26661861344867521,0.44999999999999929,0.16499999999999998,0.00001666666666667,0.08333333333333331
4.39428787817095046,4.26960694416627984,0.45833333333333259,0.16499999999999998,0.00001666666666667,0.08333333333333331
4.41651137360211710,4.27477537887589332,0.46666666666666590,0.16499999999999998,0.00001666666666667,0.08333333333333331
4.42500559755201284,4.27448668705193047,0.47499999999999920,0.16499999999999998,0.00001666666666667,0.08333333333333331
4.43406831550236724,4.29127058454047638,0.48333333333333250,0.16499999999999998,0.00001666666666667,0.08333333333333331
4.44389690607482457,4.29872809253969024,0.49166666666666581,0.16499999999999998,0.00001666666666667,0.08333333333333331
4.45763201253639263,4.32078751340429701,0.49999999999999911,0.16499999999999998,0.00001666666666667,0.08333333333333331
4.47620182041764192,4.33042376623430236,0.50833333333333242,0.16499999999999998,0.00001666666666667,0.08333333333333331
4.48391423010231360,4.33645994069986607,0.51666666666666572,0.16499999999999998,0.00001666666666667,-0.01666666666666668
4.48924144399603708,4.33958739806546756,0.51499999999999901,0.16499999999999998,0.00001666666666667,-0.01666666666666668
4.50523469701824464,4.34513809825379571,0.51333333333333231,0.16499999999999998,0.00001666666666667,-0.01666666666666668
4.52043268067544979,4.35615028956815653,0.51166666666666560,0.16499999999999998,0.00001666666666667,-0.01666666666666668
4.53752727200741290,4.36549350401653058,0.50999999999999890,0.16499999999999998,0.00001666666666667,-0.01666666666666668
4.55310428126641664,4.37665193012812193,0.50833333333333219,0.16499999999999998,0.00001666666666667,-0.01666666666666668
4.56753533351747887,4.39634207998147719,0.50666666666666549,0.16499999999999998,0.00001666666666667,-0.01666666666666668
4.58821258851828429,4.40045599459630932,0.50499999999999878,0.16499999999999998,0.00001666666666667,-0.01666666666666668
4.60529437213146942,4.42401337039466735,0.50333333333333208,0.16499999999999998,0.00001666666666667,-0.01666666666666668
4.61327445352358279,4.42628182946411730,0.50166666666666537,0.16499999999999998,0.00001666666666667,-0.01666666666666668
4.62751564322679521,4.43569490342662220,0.49999999999999872,0.16499999999999998,0.00005000000000000,-0.08333333333333334
4.65162198964247686,4.43676598023142610,0.49166666666666536,0.16499999999999998,0.00005000000000000,-0.08333333333333334
4.67181520230092673,4.43523148381996180,0.48333333333333200,0.16499999999999998,0.00005000000000000,-0.08333333333333334
4.69291565570396774,4.43696987301366974,0.47499999999999865,0.16499999999999998,0.00005000000000000,-0.08333333333333334
4.70846116717796637,4.45647684955688561,0.46666666666666529,0.16499999999999998,0.00005000000000000,-0.08333333333333334
4.71324499998268642,4.45942784239263457,0.45833333333333193,0.16499999999999998,0.00005000000000000,-0.08333333333333334
4.72931501809523791,4.47325442296311682,0.44999999999999857,0.16499999999999998,0.00005000000000000,-0.08333333333333334
4.74735593044775683,4.48241132203478365,0.44166666666666521,0.16499999999999998,0.00005000000000000,-0.08333333333333334
4.76198281539677115,4.48690326363505321,0.43333333333333185,0.16499999999999998,0.00005000000000000,-0.08333333333333334
4.77936753895378796,4.48590078004209225,0.42499999999999849,0.16499999999999998,0.00005000000000000,-0.08333333333333334
4.80058823396885170,4.48967297963580414,0.41666666666666513,0.16499999999999998,-0.00005000000000000,-0.01666666666666668
4.81342217745403378,4.49298238044133669,0.41499999999999848,0.16499999999999998,-0.00005000000000000,-0.01666666666666668
4.83123233710249167,4.49858028346683358,0.41333333333333183,0.16499999999999998,-0.00005000000000000,-0.01666666666666668
4.84635911037756983,4.50165372241038053,0.41166666666666518,0.16499999999999998,-0.00005000000000000,-0.01666666666666668
4.86192561420515190,4.50561769231152454,0.40999999999999853,0.16499999999999998,-0.00005000000000000,-0.01666666666666668
4.87591068672493400,4.51108801906774115,0.40833333333333188,0.16499999999999998,-0.00005000000000000,-0.01666666666666668
4.88354409396530720,4.51157750042610584,0.40666666666666523,0.16499999999999998,-0.00005000000000000,-0.01666666666666668
4.89912138564106137,4.51914471387924621,0.40499999999999858,0.16499999999999998,-0.00005000000000000,-0.01666666666666668
4.91233581117259455,4.51979688754042552,0.40333333333333193,0.16499999999999998,-0.00005000000000000,-0.01666666666666668
4.93256013433190166,4.52904271254649604,0.40166666666666528,0.16499999999999998,-0.00005000000000000,-0.01666666666666668
4.94971634014215489,4.53289866094681582,0.39999999999999863,0.16499999999999998,-0.00005000000000000,-0.01666666666666668
4.96217060989209813,4.54283462668228566,0.39833333333333198,0.16499999999999998,-0.00005000000000000,-0.01666666666666668
4.98525883156900207,4.54581116617898484,0.39666666666666534,0.16499999999999998,-0.00005000000000000,-0.01666666666666668
4.99439030094743508,4.55252433118883104,0.39499999999999869,0.16499999999999998,-0.00005000000000000,-0.01666666666666668
5.00109012581380252,4.55763727416271180,0.39333333333333204,0.16499999999999998,-0.00005000000000000,-0.01666666666666668
5.01961814463593559,4.56498034827324961,0.39166666666666539,0.16499999999999998,-0.00005000000000000,-0.01666666666666668
5.03573365069058365,4.57337565326043638,0.38999999999999874,0.16499999999999998,-0.00005000000000000,-0.01666666666666668
5.04862240915383698,4.57868315669915216,0.38833333333333209,0.16499999999999998,-0.00005000000000000,-0.01666666666666668
5.05892969577309781,4.59086580418580414,0.38666666666666544,0.16499999999999998,-0.00005000000000000,-0.01666666666666668
5.07565505784440418,4.59339424180328493,0.38499999999999879,0.16499999999999998,-0.00005000000000000,-0.01666666666666668
5.09266550894867631,4.59808499215383115,0.38333333333333214,0.16499999999999998,-0.00001666666666667,-0.08333333333333334
5.11222477698012234,4.60524636309450042,0.37499999999999878,0.16499999999999998,-0.00001666666666667,-0.08333333333333334
5.12927957772289567,4.61200427957363157,0.36666666666666542,0.16499999999999998,-0.00001666666666667,-0.08333333333333334
5.14579398134517696,4.60786336960622034,0.35833333333333206,0.16499999999999998,-0.00001666666666667,-0.08333333333333334
5.16139547753380867,4.61948142649694926,0.34999999999999870,0.16499999999999998,-0.00001666666666667,-0.08333333333333334
5.17870881389885263,4.61841665088784659,0.34166666666666534,0.16499999999999998,-0.00001666666666667,-0.08333333333333334
5.19720266965391442,4.62446655215344915,0.33333333333333198,0.16499999999999998,-0.00001666666666667,-0.08333333333333334
5.20388546549746955,4.62249371943479836,0.32499999999999862,0.16499999999999998,-0.00001666666666667,-0.08333333333333334
5.21340681925058469,4.63024886422297222,0.31666666666666526,0.16499999999999998,-0.00001666666666667,-0.08333333333333334
5.23757816038140422,4.63806678905847569,0.30833333333333190,0.16499999999999998,-0.00001666666666667,-0.08333333333333334
5.25197838083021740,4.63754096647794345,0.29999999999999855,0.16499999999999998,-0.00001666666666667,-0.08333333333333334
5.26544390055404765,4.64542118802943360,0.29166666666666519,0.16499999999999998,-0.00001666666666667,-0.08333333333333334
5.27943461974269201,4.65477769984394918,0.28333333333333183,0.16499999999999998,-0.00001666666666667,-0.08333333333333334
5.28632913449968900,4.65669046025951072,0.27499999999999847,0.16499999999999998,-0.00001666666666667,-0.08333333333333334
5.29973078232337791,4.65975048373434753,0.26666666666666511,0.16499999999999998,-0.00001666666666667,-0.08333333333333334
5.30668304623694631,4.66398357821588316,0.25833333333333175,0.16499999999999998,-0.00001666666666667,-0.08333333333333334
5.32691903890932750,4.66772402790518015,0.24999999999999842,0.16499999999999998,-0.00001666666666667,-0.08333333333333334
5.34638286069546620,4.66673239029962694,0.24166666666666509,0.16499999999999998,-0.00001666666666667,-0.08333333333333334
5.36341307974675185,4.66068382236893619,0.23333333333333175,0.16499999999999998,-0.00001666666666667,-0.08333333333333334
5.37800265424963975,4.66571910024919134,0.22499999999999842,0.16499999999999998,-0.00001666666666667,-0.08333333333333334
5.40708759107993320,4.67200615894441551,0.21666666666666509,0.16499999999999998,0.00001666666666667,-0.08333333333333334
5.41795801159471324,4.67629584243312202,0.20833333333333176,0.16499999999999998,0.00001666666666667,-0.08333333333333334
5.42982417792199090,4.69237146706408215,0.19999999999999843,0.16499999999999998,0.00001666666666667,-0.08333333333333334
5.44597143675734330,4.70295759039951378,0.19166666666666510,0.16499999999999998,0.00001666666666667,-0.08333333333333334
5.45866698234587933,4.70659947594474559,0.18333333333333177,0.16499999999999998,0.00001666666666667,-0.08333333333333334
5.47536471404349889,4.71554575486594096,0.17499999999999843,0.16499999999999998,0.00001666666666667,-0.08333333333333334
5.48246737976783560,4.72300101086963053,0.16666666666666510,0.16499999999999998,0.00001666666666667,-0.08333333333333334
5.50631600211119920,4.72926262287006427,0.15833333333333177,0.16499999999999998,0.00001666666666667,-0.08333333333333334
5.52106567173825624,4.73341584930599790,0.14999999999999844,0.16499999999999998,0.00001666666666667,-0.08333333333333334
5.53509875419970498,4.73696547286125824,0.14166666666666511,0.16499999999999998,0.00001666666666667,-0.08333333333333334
5.54980721966194590,4.73900146276778411,0.13333333333333178,0.01500000000000000,0.00005000000000000,-0.08333333333333334
5.54878402222376010,4.74179247282581517,0.12499999999999845,0.01500000000000000,0.00005000000000000,-0.08333333333333334
5.55240026622055982,4.73521898709728362,0.11666666666666511,0.01500000000000000,0.00005000000000000,-0.08333333333333334
5.54494318784571583,4.72732758412216203,0.10833333333333178,0.01500000000000000,0.00005000000000000,-0.08333333333333334
5.53952418401246316,4.72776598994559638,0.09999999999999845,0.01500000000000000,0.00005000000000000,-0.08333333333333334
5.54838451126193721,4.72723071640458592,0.09166666666666512,0.01500000000000000,0.00005000000000000,-0.08333333333333334
5.55034892115213108,4.73022261591062598,0.08333333333333179,0.01500000000000000,0.00005000000000000,-0.08333333333333334
5.54246685761076563,4.73309319229194347,0.07499999999999846,0.01500000000000000,0.00005000000000000,-0.08333333333333334
5.54044646513510042,4.73366083057220965,0.06666666666666513,0.01500000000000000,0.00005000000000000,-0.08333333333333334
5.54036003294499313,4.73021696257109525,0.05833333333333179,0.01500000000000000,0.00005000000000000,-0.08333333333333334
5.54132985000504963,4.73639961954789612,0.04999999999999846,0.10500000000000000,-0.00008333333333333,-0.08333333333333334
5.54847159072188667,4.74263537681673952,0.04166666666666513,0.10500000000000000,-0.00008333333333333,-0.08333333333333334
5.55935383345815559,4.75302657249048277,0.03333333333333180,0.10500000000000000,-0.00008333333333333,-0.08333333333333334
5.57476246446694557,4.75945052460714546,0.02499999999999847,0.10500000000000000,-0.00008333333333333,-0.08333333333333334
5.58036997910742816,4.75931516921411912,0.01666666666666514,0.10500000000000000,-0.00008333333333333,-0.08333333333333334
5.58820172090768796,4.76929295957051913,0.00833333333333180,0.10500000000000000,-0.00008333333333333,-0.08333333333333334
5.60327457329032619,4.75925096973895645,-0.00000000000000153,0.10500000000000000,-0.00008333333333333,-0.08333333333333334
5.61258323172967089,4.76325284464994425,-0.00833333333333486,0.10500000000000000,-0.00008333333333333,-0.08333333333333334
5.62461451102796328,4.76693006908896866,-0.01666666666666820,0.10500000000000000,-0.00008333333333333,-0.08333333333333334
5.63249237940237268,4.76019062476202759,-0.02500000000000153,0.10500000000000000,-0.00008333333333333,-0.08333333333333334
5.65751181290222060,4.76919143860008443,-0.03333333333333486,0.10500000000000000,-0.00005000000000000,-0.08333333333333334
5.66498013698043668,4.77209020620148205,-0.04166666666666819,0.10500000000000000,-0.00005000000000000,-0.08333333333333334
5.67563381095116171,4.78642960573847365,-0.05000000000000152,0.10500000000000000,-0.00005000000000000,-0.08333333333333334
5.68911090596952551,4.78247244232286839,-0.05833333333333485,0.10500000000000000,-0.00005000000000000,-0.08333333333333334
5.69201562620644186,4.78767904452962689,-0.06666666666666819,0.10500000000000000,-0.00005000000000000,-0.08333333333333334
5.70224026464887945,4.78542743737039888,-0.07500000000000152,0.10500000000000000,-0.00005000000000000,-0.08333333333333334
5.70825313014048152,4.79177677636928934,-0.08333333333333486,0.10500000000000000,-0.00005000000000000,-0.08333333333333334
5.72330754758980653,4.78418061286081819,-0.09166666666666819,0.10500000000000000,-0.00005000000000000,-0.08333333333333334
5.72306137833659623,4.78279487103936773,-0.10000000000000152,0.10500000000000000,-0.00005000000000000,-0.08333333333333334
5.73800358631442098,4.78744057091443498,-0.10833333333333485,0.10500000000000000,-0.00005000000000000,-0.08333333333333334
5.75423426544773520,4.78620269454624925,-0.11666666666666818,0.10500000000000000,-0.00005000000000000,-0.08333333333333334
5.76365187442847748,4.78172964948066603,-0.12500000000000153,0.10500000000000000,-0.00005000000000000,-0.08333333333333334
5.77263256538513758,4.77278795833111058,-0.13333333333333486,0.10500000000000000,-0.00005000000000000,-0.08333333333333334
5.78019818144794151,4.76896664457886832,-0.14166666666666819,0.10500000000000000,-0.00005000000000000,-0.08333333333333334
5.78238744709600727,4.77938567285014582,-0.15000000000000152,0.10500000000000000,-0.00005000000000000,-0.08333333333333334
5.79870655415898728,4.78059432511032423,-0.15833333333333485,0.10500000000000000,-0.00005000000000000,-0.08333333333333334
5.80824000166059395,4.77562821006246718,-0.16666666666666818,0.10500000000000000,-0.00005000000000000,-0.08333333333333334
5.82222694960658149,4.77245609657014302,-0.17500000000000152,0.10500000000000000,-0.00005000000000000,-0.08333333333333334
5.83959231036685722,4.77316457319739662,-0.18333333333333485,0.10500000000000000,-0.00005000000000000,-0.08333333333333334
5.84685289399609154,4.76317392608920542,-0.19166666666666818,0.10500000000000000,-0.00005000000000000,-0.08333333333333334
5.85546040180989635,4.75970478984294587,-0.20000000000000151,0.01500000000000000,-0.00001666666666667,-0.08333333333333334
5.85922197211596885,4.75908975641892695,-0.20833333333333484,0.01500000000000000,-0.00001666666666667,-0.08333333333333334
5.86648738753103860,4.76308478018184367,-0.21666666666666817,0.01500000000000000,-0.00001666666666667,-0.08333333333333334
5.86886986306441738,4.76168723836133356,-0.22500000000000150,0.01500000000000000,-0.00001666666666667,-0.08333333333333334
5.87258055201064533,4.76752330930818857,-0.23333333333333484,0.01500000000000000,-0.00001666666666667,-0.08333333333333334
5.87802894965878320,4.77129824537397074,-0.24166666666666817,0.01500000000000000,-0.00001666666666667,-0.08333333333333334
5.87894323466736868,4.77008765701669368,-0.25000000000000150,0.01500000000000000,-0.00001666666666667,-0.08333333333333334
5.88433293942588964,4.76381297240164159,-0.25833333333333486,0.01500000000000000,-0.00001666666666667,-0.08333333333333334
5.89161850174855317,4.76426422619660705,-0.26666666666666822,0.01500000000000000,-0.00001666666666667,-0.08333333333333334
5.89691967338710832,4.75700234365066343,-0.27500000000000158,0.01500000000000000,-0.00001666666666667,-0.08333333333333334
5.90445587762834734,4.75975140110969441,-0.28333333333333494,0.01500000000000000,0.00008333333333333,-0.08333333333333334
5.91062077041874634,4.75924117652922352,-0.29166666666666829,0.01500000000000000,0.00008333333333333,-0.08333333333333334
5.91143654519503237,4.76256218572168510,-0.30000000000000165,0.01500000000000000,0.00008333333333333,-0.08333333333333334
5.92128285005886390,4.76204612580233011,-0.30833333333333501,0.01500000000000000,0.00008333333333333,-0.08333333333333334
5.92225246761915791,4.77080317867744252,-0.31666666666666837,0.01500000000000000,0.00008333333333333,-0.08333333333333334
5.91819891958513811,4.76795223093469023,-0.32500000000000173,0.01500000000000000,0.00008333333333333,-0.08333333333333334
5.91875399323852314,4.76792831248870908,-0.33333333333333509,0.01500000000000000,0.00008333333333333,-0.08333333333333334
5.92147201409300816,4.76064878686813131,-0.34166666666666845,0.01500000000000000,0.00008333333333333,-0.08333333333333334
5.91462124840527714,4.76131439095670306,-0.35000000000000181,0.01500000000000000,0.00008333333333333,-0.08333333333333334
5.91586870159560707,4.76795658129634514,-0.35833333333333517,0.01500000000000000,0.00008333333333333,-0.08333333333333334
5.91154801450658418,4.76443437767753508,-0.36666666666666853,0.01500000000000000,0.00008333333333333,-0.08333333333333334
5.91572923067293566,4.76386533760118880,-0.37500000000000189,0.01500000000000000,0.00008333333333333,-0.08333333333333334
5.92480250688806453,4.75614262569007806,-0.38333333333333525,0.01500000000000000,0.00008333333333333,-0.08333333333333334
5.92718745516914503,4.75341114065714709,-0.39166666666666861,0.01500000000000000,0.00008333333333333,-0.08333333333333334
5.91836325654132178,4.75231381903000027,-0.40000000000000197,0.01500000000000000,0.00008333333333333,-0.08333333333333334
5.91113499248662499,4.74494638588579942,-0.40833333333333532,0.01500000000000000,0.00008333333333333,-0.08333333333333334
5.92119019558899140,4.74233302437202386,-0.41666666666666868,0.01500000000000000,0.00008333333333333,-0.08333333333333334
5.91366987756783935,4.74169496288846926,-0.42500000000000204,0.01500000000000000,0.00008333333333333,-0.08333333333333334
5.91825334622397037,4.74506072719351479,-0.43333333333333540,0.01500000000000000,0.00008333333333333,-0.08333333333333334
5.91301148427807455,4.74917902612459564,-0.44166666666666876,0.01500000000000000,0.00008333333333333,-0.08333333333333334
5.91204804061625033,4.74447492418190730,-0.45000000000000212,0.13500000000000001,-0.00008333333333333,-0.08333333333333334
5.91918630497573428,4.73847734587372038,-0.45833333333333548,0.13500000000000001,-0.00008333333333333,-0.08333333333333334
5.92501637639898515,4.73152238246307011,-0.46666666666666884,0.13500000000000001,-0.00008333333333333,-0.08333333333333334
5.93867824851123416,4.73123454266838905,-0.47500000000000220,0.13500000000000001,-0.00008333333333333,-0.08333333333333334
5.94445332247627345,4.72265199665006907,-0.48333333333333556,0.13500000000000001,-0.00008333333333333,-0.08333333333333334
5.96220655522606968,4.71994033416314362,-0.49166666666666892,0.13500000000000001,-0.00008333333333333,-0.08333333333333334
5.96191209755777685,4.70742817510640421,-0.50000000000000222,0.13500000000000001,-0.00008333333333333,-0.08333333333333334
5.96857383656558049,4.70615738307047415,-0.50833333333333552,0.13500000000000001,-0.00008333333333333,-0.08333333333333334
5.97732011204762426,4.69942993880036841,-0.51666666666666883,0.13500000000000001,-0.00008333333333333,-0.08333333333333334
5.98252118952422851,4.69784081958056809,-0.52500000000000213,0.13500000000000001,-0.00008333333333333,-0.08333333333333334
5.99305793105800255,4.68949735891261188,-0.53333333333333544,0.16499999999999998,-0.00005000000000000,-0.08333333333333334
5.99999430870990835,4.67877203750139969,-0.54166666666666874,0.16499999999999998,-0.00005000000000000,-0.08333333333333334
6.01286302013247287,4.66744908614843013,-0.55000000000000204,0.16499999999999998,-0.00005000000000000,-0.08333333333333334
6.03225574842438927,4.66026011026786069,-0.55833333333333535,0.16499999999999998,-0.00005000000000000,-0.08333333333333334
6.03744485583388091,4.65581764468988979,-0.56666666666666865,0.16499999999999998,-0.00005000000000000,-0.08333333333333334
6.05270714914175656,4.64397476004371423,-0.57500000000000195,0.16499999999999998,-0.00005000000000000,-0.08333333333333334
6.06183375558680382,4.63622894958651433,-0.58333333333333526,0.16499999999999998,-0.00005000000000000,-0.08333333333333334
6.07947064189866992,4.62709869584058975,-0.59166666666666856,0.16499999999999998,-0.00005000000000000,-0.08333333333333334
6.09262294139127025,4.62149537528539867,-0.60000000000000187,0.16499999999999998,-0.00005000000000000,-0.08333333333333334
6.11215607515721171,4.60724739956522189,-0.60833333333333517,0.16499999999999998,-0.00005000000000000,-0.08333333333333334
6.12506541449392117,4.59648190857068961,-0.61666666666666847,0.01500000000000000,-0.00008333333333333,-0.08333333333333334
6.12387647946100966,4.60066446219531766,-0.62500000000000178,0.01500000000000000,-0.00008333333333333,-0.08333333333333334
6.13404647220748789,4.59748875818805214,-0.63333333333333508,0.01500000000000000,-0.00008333333333333,-0.08333333333333334
6.14098797495898641,4.59824737682236950,-0.64166666666666838,0.01500000000000000,-0.00008333333333333,-0.08333333333333334
6.14283367346844500,4.60469684934929280,-0.65000000000000169,0.01500000000000000,-0.00008333333333333,-0.08333333333333334
6.14333730266833022,4.61194300806531032,-0.65833333333333499,0.01500000000000000,-0.00008333333333333,-0.08333333333333334
6.14056559568733373,4.60601795135513115,-0.66666666666666829,0.01500000000000000,-0.00008333333333333,-0.08333333333333334
6.13944301353523780,4.59321367862444330,-0.67500000000000160,0.01500000000000000,-0.00008333333333333,-0.08333333333333334
6.14109276411986116,4.59546788219526015,-0.68333333333333490,0.01500000000000000,-0.00008333333333333,-0.08333333333333334
6.14590245080244379,4.59133102757898026,-0.69166666666666821,0.01500000000000000,-0.00008333333333333,-0.08333333333333334
6.14337559834434810,4.58554564434234990,-0.70000000000000151,0.01500000000000000,0.00008333333333333,-0.08333333333333334
6.15062462176327251,4.58097020668978505,-0.70833333333333481,0.01500000000000000,0.00008333333333333,-0.08333333333333334
6.14768319641191319,4.57616876831672315,-0.71666666666666812,0.01500000000000000,0.00008333333333333,-0.08333333333333334
6.14630536980613851,4.56961724108208323,-0.72500000000000142,0.01500000000000000,0.00008333333333333,-0.08333333333333334
6.15754086850971749,4.55663610793362128,-0.73333333333333472,0.01500000000000000,0.00008333333333333,-0.08333333333333334
6.14783690691324303,4.56271811021685103,-0.74166666666666803,0.01500000000000000,0.00008333333333333,-0.08333333333333334
6.16256911391823348,4.56476710977948130,-0.75000000000000133,0.01500000000000000,0.00008333333333333,-0.08333333333333334
6.15806601111147334,4.56478357771796084,-0.75833333333333464,0.01500000000000000,0.00008333333333333,-0.08333333333333334
6.15259819489581439,4.57484377061347658,-0.76666666666666794,0.01500000000000000,0.00008333333333333,-0.08333333333333334
6.15672518600256957,4.56943689816792897,-0.77500000000000124,0.01500000000000000,0.00008333333333333,-0.08333333333333334
6.16643644800955926,4.56191028385683861,-0.78333333333333455,0.16499999999999998,0.00005000000000000,-0.08333333333333334
6.17133948043629665,4.54564104403286962,-0.79166666666666785,0.16499999999999998,0.00005000000000000,-0.08333333333333334
6.18629332472651861,4.53083277910698357,-0.80000000000000115,0.16499999999999998,0.00005000000000000,-0.08333333333333334
6.19955072981058564,4.52290887590216961,-0.80833333333333446,0.16499999999999998,0.00005000000000000,-0.08333333333333334
6.20176728408127786,4.51438360633793501,-0.81666666666666776,0.16499999999999998,0.00005000000000000,-0.08333333333333334
6.21165168249300681,4.50772158269364009,-0.82500000000000107,0.16499999999999998,0.00005000000000000,-0.08333333333333334
6.22528497251719504,4.50676191352445432,-0.83333333333333437,0.16499999999999998,0.00005000000000000,-0.08333333333333334
6.23325567436636963,4.49489829117240891,-0.84166666666666767,0.16499999999999998,0.00005000000000000,-0.08333333333333334
6.25374423818927738,4.48771194888401492,-0.85000000000000098,0.16499999999999998,0.00005000000000000,-0.08333333333333334
6.26650399772777167,4.48062813505127977,-0.85833333333333428,0.16499999999999998,0.00005000000000000,-0.08333333333333334
6.28442129603293953,4.46834981559739663,-0.86666666666666758,0.04500000000000000,0.00001666666666667,-0.08333333333333334
6.29149947264919529,4.46518688478280268,-0.87500000000000089,0.04500000000000000,0.00001666666666667,-0.08333333333333334
6.29176039289547173,4.46816306758189619,-0.88333333333333419,0.04500000000000000,0.00001666666666667,-0.08333333333333334
6.29444838350182856,4.46030953360957660,-0.89166666666666750,0.04500000000000000,0.00001666666666667,-0.08333333333333334
6.28902740075643241,4.45206854740532521,-0.90000000000000080,0.04500000000000000,0.00001666666666667,-0.08333333333333334
6.28669628740966147,4.46093460080865967,-0.90833333333333410,0.04500000000000000,0.00001666666666667,-0.08333333333333334
6.28500142823757368,4.46869159790718928,-0.91666666666666741,0.04500000000000000,0.00001666666666667,-0.08333333333333334
6.28798219935760461,4.46502419953261409,-0.92500000000000071,0.04500000000000000,0.00001666666666667,-0.08333333333333334
6.29807622270831136,4.46089815178928539,-0.93333333333333401,0.04500000000000000,0.00001666666666667,-0.08333333333333334
6.30401271812435038,4.45666761267644862,-0.94166666666666732,0.04500000000000000,0.00001666666666667,-0.08333333333333334
6.30233835042116297,4.45011341824240336,-0.95000000000000062,0.04500000000000000,-0.00005000000000000,-0.08333333333333334
6.30009161031793941,4.43920412855690483,-0.95833333333333393,0.04500000000000000,-0.00005000000000000,-0.08333333333333334
6.31088931190650460,4.43616137427745105,-0.96666666666666723,0.04500000000000000,-0.00005000000000000,-0.08333333333333334
6.30239462008990081,4.42493962562853049,-0.97500000000000053,0.04500000000000000,-0.00005000000000000,-0.08333333333333334
6.30719578131246994,4.41647426019882694,-0.98333333333333384,0.04500000000000000,-0.00005000000000000,-0.08333333333333334
6.31273487368792452,4.41543295927454338,-0.99166666666666714,0.04500000000000000,-0.00005000000000000,-0.08333333333333334
6.31790658745759970,4.41230454491909985,-1.00000000000000044,0.04500000000000000,-0.00005000000000000,-0.08333333333333334
6.31635112286917888,4.41277654988384516,-1.00833333333333375,0.04500000000000000,-0.00005000000000000,-0.08333333333333334
6.32099244269041893,4.41346291625836251,-1.01666666666666705,0.04500000000000000,-0.00005000000000000,-0.08333333333333334
6.32258531930628642,4.41288398328605069,-1.02500000000000036,0.04500000000000000,-0.00005000000000000,-0.08333333333333334
6.33398057337109144,4.40897627152521032,-1.03333333333333366,0.04500000000000000,-0.00008333333333333,-0.08333333333333334
6.33993493659897123,4.40214606616006865,-1.04166666666666696,0.04500000000000000,-0.00008333333333333,-0.08333333333333334
6.33532916716065397,4.40228271857706499,-1.05000000000000027,0.04500000000000000,-0.00008333333333333,-0.08333333333333334
6.33577755931357967,4.39745127635090327,-1.05833333333333357,0.04500000000000000,-0.00008333333333333,-0.08333333333333334
6.33956280893798940,4.39222957380168122,-1.06666666666666687,0.04500000000000000,-0.00008333333333333,-0.08333333333333334
6.34083544121063447,4.38204969409897060,-1.07500000000000018,0.04500000000000000,-0.00008333333333333,-0.08333333333333334
6.33635975599414358,4.38323044341658186,-1.08333333333333348,0.04500000000000000,-0.00008333333333333,-0.08333333333333334
6.33904699779479852,4.37729234432980174,-1.09166666666666679,0.04500000000000000,-0.00008333333333333,-0.08333333333333334
6.33944652008973275,4.37204327201092635,-1.10000000000000009,0.04500000000000000,-0.00008333333333333,-0.08333333333333334
6.33859961874473310,4.37115893156229074,-1.10833333333333339,0.04500000000000000,-0.00008333333333333,-0.08333333333333334
6.33066915382940909,4.37233596820299653,-1.11666666666666670,0.04500000000000000,-0.00008333333333333,-0.08333333333333334
6.32591367197218979,4.37838305482839107,-1.12500000000000000,0.04500000000000000,-0.00008333333333333,-0.08333333333333334
6.32559828919061928,4.37297253500978655,-1.13333333333333330,0.04500000000000000,-0.00008333333333333,-0.08333333333333334
6.33567932426548630,4.36620681949790512,-1.14166666666666661,0.04500000000000000,-0.00008333333333333,-0.08333333333333334
6.32847698622566668,4.36007290779442958,-1.14999999999999991,0.04500000000000000,-0.00008333333333333,-0.08333333333333334
6.32827180227943842,4.34640034589822033,-1.15833333333333321,0.04500000000000000,-0.00008333333333333,-0.08333333333333334
6.32387798379009336,4.34064051108671300,-1.16666666666666652,0.04500000000000000,-0.00008333333333333,-0.08333333333333334
6.31687317941872628,4.34224543579621969,-1.17499999999999982,0.04500000000000000,-0.00008333333333333,-0.08333333333333334
6.31546230092984118,4.33069019100310104,-1.18333333333333313,0.04500000000000000,-0.00008333333333333,-0.08333333333333334
6.31792780332607595,4.32172513203941389,-1.19166666666666643,0.04500000000000000,-0.00008333333333333,-0.08333333333333334
6.31630033625705778,4.31231684953437355,-1.19999999999999973,0.04500000000000000,0.00008333333333333,-0.08333333333333334
6.33219997179556682,4.29813389019516023,-1.20833333333333304,0.04500000000000000,0.00008333333333333,-0.08333333333333334
6.33709561720697678,4.29994418897732711,-1.21666666666666634,0.04500000000000000,0.00008333333333333,-0.08333333333333334
6.34146094602775001,4.29891011773947973,-1.22499999999999964,0.04500000000000000,0.00008333333333333,-0.08333333333333334
6.33940106025022576,4.29886287643098619,-1.23333333333333295,0.04500000000000000,0.00008333333333333,-0.08333333333333334
6.35187770863677859,4.30013734318906327,-1.24166666666666625,0.04500000000000000,0.00008333333333333,-0.08333333333333334
6.34496107042636037,4.30259482862617393,-1.24999999999999956,0.04500000000000000,0.00008333333333333,-0.08333333333333334
6.36110994670981711,4.29776762042880645,-1.25833333333333286,0.04500000000000000,0.00008333333333333,-0.08333333333333334
6.36753330863890898,4.29101019634482395,-1.26666666666666616,0.04500000000000000,0.00008333333333333,-0.08333333333333334
6.37198450059186339,4.29074138680352846,-1.27499999999999947,0.04500000000000000,0.00008333333333333,-0.08333333333333334
6.37773788993421054,4.28727312020791018,-1.28333333333333277,0.01500000000000000,-0.00005000000000000,-0.08333333333333334
6.37695625407595124,4.28145400992973535,-1.29166666666666607,0.01500000000000000,-0.00005000000000000,-0.08333333333333334
6.37229268283097650,4.27861640801237630,-1.29999999999999938,0.01500000000000000,-0.00005000000000000,-0.08333333333333334
6.37225920438105931,4.27004407461171365,-1.30833333333333268,0.01500000000000000,-0.00005000000000000,-0.08333333333333334
6.37449060880084861,4.26219488670019064,-1.31666666666666599,0.01500000000000000,-0.00005000000000000,-0.08333333333333334
6.37253018556502671,4.25673354177146201,-1.32499999999999929,0.01500000000000000,-0.00005000000000000,-0.08333333333333334
6.37028038775066641,4.25508665151047083,-1.33333333333333259,0.01500000000000000,-0.00005000000000000,-0.08333333333333334
6.37175410993889813,4.25026916319332226,-1.34166666666666590,0.01500000000000000,-0.00005000000000000,-0.08333333333333334
6.37580023311641764,4.25039557723211914,-1.34999999999999920,0.01500000000000000,-0.00005000000000000,-0.08333333333333334
6.37641961181238148,4.25282566818261731,-1.35833333333333250,0.01500000000000000,-0.00005000000000000,-0.08333333333333334
6.37772510413841953,4.26237023971135098,-1.36666666666666581,0.01500000000000000,-0.00005000000000000,-0.08333333333333334
6.37745068464290021,4.25467384056317766,-1.37499999999999911,0.01500000000000000,-0.00005000000000000,-0.08333333333333334
6.37687768463139815,4.25491224917285393,-1.38333333333333242,0.01500000000000000,-0.00005000000000000,-0.08333333333333334
6.38270164025018794,4.25449914648012406,-1.39166666666666572,0.01500000000000000,-0.00005000000000000,-0.08333333333333334
6.37813051173509393,4.24419201836595494,-1.39999999999999902,0.01500000000000000,-0.00005000000000000,-0.08333333333333334
6.38446628458497667,4.24242653343730325,-1.40833333333333233,0.01500000000000000,-0.00005000000000000,-0.08333333333333334
6.38772947321518991,4.24230945348425248,-1.41666666666666563,0.01500000000000000,-0.00005000000000000,-0.08333333333333334
6.37807805522626303,4.24380450939856679,-1.42499999999999893,0.01500000000000000,-0.00005000000000000,-0.08333333333333334
6.38888134522306395,4.23312233040670982,-1.43333333333333224,0.01500000000000000,-0.00005000000000000,-0.08333333333333334
6.38752855550148979,4.23961133899780496,-1.44166666666666554,0.01500000000000000,-0.00005000000000000,-0.08333333333333334
6.38845210029284072,4.23124276713273684,-1.44999999999999885,0.04500000000000000,0.00005000000000000,-0.08333333333333334
6.39334842097237654,4.22996717342678519,-1.45833333333333215,0.04500000000000000,0.00005000000000000,-0.08333333333333334
6.39674603692756616,4.23055286766300753,-1.46666666666666545,0.04500000000000000,0.00005000000000000,-0.08333333333333334
6.39817109182094779,4.21439805192561145,-1.47499999999999876,0.04500000000000000,0.00005000000000000,-0.08333333333333334
6.40514429390763329,4.21545092775600327,-1.48333333333333206,0.04500000000000000,0.00005000000000000,-0.08333333333333334
6.40690396146920005,4.21086853427800989,-1.49166666666666536,0.04500000000000000,0.00005000000000000,-0.08333333333333334
6.40335202769547074,4.20599378513388622,-1.49999999999999867,0.04500000000000000,0.00005000000000000,-0.08333333333333334
6.40296864302111057,4.20531620434161191,-1.50833333333333197,0.04500000000000000,0.00005000000000000,-0.08333333333333334
6.39228153539140909,4.20391297878694470,-1.51666666666666528,0.04500000000000000,0.00005000000000000,-0.08333333333333334
6.39608338601003545,4.19773604164588132,-1.52499999999999858,0.04500000000000000,0.00005000000000000,-0.08333333333333334
6.40427820069450071,4.18053146620869498,-1.53333333333333188,0.16499999999999998,-0.00008333333333333,-0.08333333333333334
6.39928366327980669,4.16800299976285160,-1.54166666666666519,0.16499999999999998,-0.00008333333333333,-0.08333333333333334
6.39535882192743532,4.15231166333217860,-1.54999999999999849,0.16499999999999998,-0.00008333333333333,-0.08333333333333334
6.39617700691775415,4.13440932370064651,-1.55833333333333179,0.16499999999999998,-0.00008333333333333,-0.08333333333333334
6.39288208558307325,4.11946767467940855,-1.56666666666666510,0.16499999999999998,-0.00008333333333333,-0.08333333333333334
6.39717579038141881,4.10691203610299915,-1.57499999999999840,0.16499999999999998,-0.00008333333333333,-0.08333333333333334
6.38347900805689950,4.09591313466541163,-1.58333333333333171,0.16499999999999998,-0.00008333333333333,-0.08333333333333334
6.38044858226532785,4.07702679436515680,-1.59166666666666501,0.16499999999999998,-0.00008333333333333,-0.08333333333333334
6.37482198956534507,4.06922285451109911,-1.59999999999999831,0.16499999999999998,-0.00008333333333333,-0.08333333333333334
6.36772742417663284,4.05312801363938480,-1.60833333333333162,0.16499999999999998,-0.00008333333333333,-0.08333333333333334
6.36583685257799914,4.03147979696568903,-1.61666666666666492,0.04500000000000000,-0.00001666666666667,-0.08333333333333334
6.36426408952841527,4.02279794191514650,-1.62499999999999822,0.04500000000000000,-0.00001666666666667,-0.08333333333333334
6.36590092588180134,4.02335277235604938,-1.63333333333333153,0.04500000000000000,-0.00001666666666667,-0.08333333333333334
6.36505453984689229,4.02340189099591150,-1.64166666666666483,0.04500000000000000,-0.00001666666666667,-0.08333333333333334
6.36433589380469744,4.01901932070266454,-1.64999999999999813,0.04500000000000000,-0.00001666666666667,-0.08333333333333334
6.36261393684861609,4.01489002086156344,-1.65833333333333144,0.04500000000000000,-0.00001666666666667,-0.08333333333333334
6.35059627619880729,4.00866132932142527,-1.66666666666666474,0.04500000000000000,-0.00001666666666667,-0.08333333333333334
6.34235395996856699,3.99453656338356256,-1.67499999999999805,0.04500000000000000,-0.00001666666666667,-0.08333333333333334
6.34146239365885744,3.99471896426081852,-1.68333333333333135,0.04500000000000000,-0.00001666666666667,-0.08333333333333334
6.34611631056117176,3.99280398284897808,-1.69166666666666465,0.04500000000000000,-0.00001666666666667,-0.08333333333333334
6.34916135377820634,3.98624241857256489,-1.69999999999999796,0.01500000000000000,0.00005000000000000,-0.05000000000000001
6.35211470123320776,3.98771154487797252,-1.70499999999999785,0.01500000000000000,0.00005000000000000,-0.05000000000000001
6.34251291784017734,3.98365347937825032,-1.70999999999999774,0.01500000000000000,0.00005000000000000,-0.05000000000000001
6.33552058861666989,3.98348617762425272,-1.71499999999999764,0.01500000000000000,0.00005000000000000,-0.05000000000000001
6.34586244521928489,3.98136060534897140,-1.71999999999999753,0.01500000000000000,0.00005000000000000,-0.05000000000000001
6.33854616450915920,3.97466151988146521,-1.72499999999999742,0.01500000000000000,0.00005000000000000,-0.05000000000000001
6.33297494396558402,3.97144802978606482,-1.72999999999999732,0.01500000000000000,0.00005000000000000,-0.05000000000000001
6.33211838515476355,3.96887193435454710,-1.73499999999999721,0.01500000000000000,0.00005000000000000,-0.05000000000000001
6.33745751432740168,3.95722361243126652,-1.73999999999999710,0.01500000000000000,0.00005000000000000,-0.05000000000000001
6.33587367385650335,3.96015639275762821,-1.74499999999999700,0.01500000000000000,0.00005000000000000,-0.05000000000000001
6.32907951477350217,3.96708860544398600,-1.74999999999999689,0.01500000000000000,0.00005000000000000,-0.05000000000000001
6.32562016786038850,3.96551842050213255,-1.75499999999999678,0.01500000000000000,0.00005000000000000,-0.05000000000000001
6.32100771192458222,3.96094147098846472,-1.75999999999999668,0.01500000000000000,0.00005000000000000,-0.05000000000000001
6.31115639771789727,3.96045764886181528,-1.76499999999999657,0.01500000000000000,0.00005000000000000,-0.05000000000000001
6.30714010249559909,3.95368751620184700,-1.76999999999999647,0.01500000000000000,0.00005000000000000,-0.05000000000000001
6.31284961349583540,3.95677944602690390,-1.77499999999999636,0.01500000000000000,0.00005000000000000,-0.05000000000000001
6.30996331057989313,3.95195961216163516,-1.77999999999999625,0.01500000000000000,0.00005000000000000,-0.05000000000000001
6.31398630731117816,3.94267227420576294,-1.78499999999999615,0.01500000000000000,0.00005000000000000,-0.05000000000000001
6.31071502807781215,3.93981067978877686,-1.78999999999999604,0.01500000000000000,0.00005000000000000,-0.05000000000000001
6.30946182219513929,3.94594913691143523,-1.79499999999999593,0.01500000000000000,0.00005000000000000,-0.05000000000000001
6.30701540977232256,3.94100527534651901,-1.79999999999999583,0.13500000000000001,-0.00008333333333333,0.08333333333333331
6.30544755169574955,3.93396501896601336,-1.79166666666666252,0.13500000000000001,-0.00008333333333333,0.08333333333333331
6.30580655446893168,3.91328440326752691,-1.78333333333332922,0.13500000000000001,-0.00008333333333333,0.08333333333333331
6.30032620515136799,3.89857163918373706,-1.77499999999999591,0.13500000000000001,-0.00008333333333333,0.08333333333333331
6.29224802345105516,3.88364548352536465,-1.76666666666666261,0.13500000000000001,-0.00008333333333333,0.08333333333333331
6.29806707280577882,3.87335421619014397,-1.75833333333332931,0.13500000000000001,-0.00008333333333333,0.08333333333333331
6.29458156298595561,3.86482071255178772,-1.74999999999999600,0.13500000000000001,-0.00008333333333333,0.08333333333333331
6.29353664203275809,3.87246185279593780,-1.74166666666666270,0.13500000000000001,-0.00008333333333333,0.08333333333333331
6.29610787199260180,3.86301493842399513,-1.73333333333332940,0.13500000000000001,-0.00008333333333333,0.08333333333333331
6.29600559891156841,3.84120111015409771,-1.72499999999999609,0.13500000000000001,-0.00008333333333333,0.08333333333333331
6.28478298961791015,3.83136626353250431,-1.71666666666666279,0.16499999999999998,-0.00005000000000000,0.08333333333333331
6.28828512403856887,3.81614049652990284,-1.70833333333332948,0.16499999999999998,-0.00005000000000000,0.08333333333333331
6.28197423619419126,3.79745581569610868,-1.69999999999999618,0.16499999999999998,-0.00005000000000000,0.08333333333333331
6.28172833502345984,3.77998576710334833,-1.69166666666666288,0.16499999999999998,-0.00005000000000000,0.08333333333333331
6.28526757196694419,3.76330867233101607,-1.68333333333332957,0.16499999999999998,-0.00005000000000000,0.08333333333333331
6.27450116534363378,3.74578814740442123,-1.67499999999999627,0.16499999999999998,-0.00005000000000000,0.08333333333333331
6.27677217754534400,3.72793881031966690,-1.66666666666666297,0.16499999999999998,-0.00005000000000000,0.08333333333333331
6.27583106360870779,3.71733687495820853,-1.65833333333332966,0.16499999999999998,-0.00005000000000000,0.08333333333333331
6.27984841737188315,3.69631616412524711,-1.64999999999999636,0.16499999999999998,-0.00005000000000000,0.08333333333333331
6.27559075146370837,3.69116342626729921,-1.64166666666666305,0.16499999999999998,-0.00005000000000000,0.08333333333333331
6.27406180087056420,3.67866261419838336,-1.63333333333332975,0.16499999999999998,-0.00008333333333333,0.01666666666666666
6.26891379631240753,3.66546574905495559,-1.63166666666666305,0.16499999999999998,-0.00008333333333333,0.01666666666666666
6.27298880049775498,3.64724547130750310,-1.62999999999999634,0.16499999999999998,-0.00008333333333333,0.01666666666666666
6.27141693944857792,3.62244297759866019,-1.62833333333332964,0.16499999999999998,-0.00008333333333333,0.01666666666666666
6.27393580043182553,3.60918610920317251,-1.62666666666666293,0.16499999999999998,-0.00008333333333333,0.01666666666666666
6.27555493753091298,3.58947409423943409,-1.62499999999999623,0.16499999999999998,-0.00008333333333333,0.01666666666666666
6.26418796984196558,3.56906236335986060,-1.62333333333332952,0.16499999999999998,-0.00008333333333333,0.01666666666666666
6.26263706765570660,3.55690146552998909,-1.62166666666666281,0.16499999999999998,-0.00008333333333333,0.01666666666666666
6.26691506334717552,3.53699149141605584,-1.61999999999999611,0.16499999999999998,-0.00008333333333333,0.01666666666666666
6.26577742030705132,3.52618352570669646,-1.61833333333332940,0.16499999999999998,-0.00008333333333333,0.01666666666666666
6.25583801238447990,3.50739028615233561,-1.61666666666666270,0.01500000000000000,-0.00001666666666667,0.08333333333333331
6.24633193865243541,3.51097933577407462,-1.60833333333332940,0.01500000000000000,-0.00001666666666667,0.08333333333333331
6.23850351569429229,3.50945331056582299,-1.59999999999999609,0.01500000000000000,-0.00001666666666667,0.08333333333333331
6.24882300332541885,3.51444589061936341,-1.59166666666666279,0.01500000000000000,-0.00001666666666667,0.08333333333333331
6.25305607008599118,3.51950364724633014,-1.58333333333332948,0.01500000000000000,-0.00001666666666667,0.08333333333333331
6.26169042943892684,3.53026548345525093,-1.57499999999999618,0.01500000000000000,-0.00001666666666667,0.08333333333333331
6.25391392872703911,3.52813629259666461,-1.56666666666666288,0.01500000000000000,-0.00001666666666667,0.08333333333333331
