1.00000000000000000,1.00000000000000000,0.00000000000000000,0.17000000000000001,-0.00000000000000000,0.06000000000000000
1.01699989800019130,1.00005099984700019,0.00600000000000000,0.17000000000000001,-0.00000000000000000,0.06000000000000000
1.03399918400589064,1.00020399755201184,0.01200000000000000,0.17000000000000001,-0.00000000000000000,0.06000000000000000
1.05099724604463751,1.00045898760713414,0.01800000000000000,0.17000000000000001,-0.00000000000000000,0.06000000000000000
1.06799347218803442,1.00081596083275248,0.02400000000000000,0.17000000000000001,-0.00000000000000000,0.06000000000000000
1.08498725057377587,1.00127490437786948,0.03000000000000000,0.17000000000000001,-0.00000000000000000,0.06000000000000000
1.10197796942767545,1.00183580172056685,0.03600000000000000,0.17000000000000001,-0.00000000000000000,0.06000000000000000
1.11896501708568907,1.00249863266860095,0.04200000000000000,0.17000000000000001,-0.00000000000000000,0.06000000000000000
1.13594778201593583,1.00326337336012927,0.04799999999999999,0.17000000000000001,-0.00000000000000000,0.06000000000000000
1.15292565284071236,1.00412999626456956,0.05399999999999999,0.17000000000000001,-0.00000000000000000,0.06000000000000000
1.16989801835850260,1.00509847018359078,0.05999999999999999,0.17000000000000001,-0.00000000000000000,0.06000000000000000
1.18686426756598085,1.00616876025223645,0.06599999999999999,0.17000000000000001,-0.00000000000000000,0.06000000000000000
1.20382378968000814,1.00734082794017965,0.07199999999999999,0.17000000000000001,-0.00000000000000000,0.06000000000000000
1.22077597415961980,1.00861463105311011,0.07800000000000000,0.17000000000000001,-0.00000000000000000,0.06000000000000000
1.23772021072800564,1.00999012373425345,0.08400000000000001,0.17000000000000001,-0.00000000000000000,0.06000000000000000
1.25465588939447903,1.01146725646602187,0.09000000000000001,0.17000000000000001,-0.00000000000000000,0.06000000000000000
1.27158240047643689,1.01304597607179625,0.09600000000000002,0.17000000000000001,-0.00000000000000000,0.06000000000000000
1.28849913462130861,1.01472622571784155,0.10200000000000002,0.17000000000000001,-0.00000000000000000,0.06000000000000000
1.30540548282849178,1.01650794491535179,0.10800000000000003,0.17000000000000001,-0.00000000000000000,0.06000000000000000
1.32230083647127694,1.01839106952262837,0.11400000000000003,0.17000000000000001,-0.00000000000000000,0.06000000000000000
1.33918458731875756,1.02037553174738882,0.12000000000000004,0.17000000000000001,-0.00000000000000000,0.06000000000000000
1.35605612755772653,1.02246126014920713,0.12600000000000003,0.17000000000000001,-0.00000000000000000,0.06000000000000000
1.37291484981455736,1.02464817964208632,0.13200000000000003,0.17000000000000001,-0.00000000000000000,0.06000000000000000
1.38976014717706975,1.02693621149716097,0.13800000000000004,0.17000000000000001,-0.00000000000000000,0.06000000000000000
1.40659141321637771,1.02932527334553114,0.14400000000000004,0.17000000000000001,-0.00000000000000000,0.06000000000000000
1.42340804200872162,1.03181527918122851,0.15000000000000005,0.17000000000000001,-0.00000000000000000,0.06000000000000000
1.44020942815728126,1.03440613936431181,0.15600000000000006,0.17000000000000001,-0.00000000000000000,0.06000000000000000
1.45699496681396989,1.03709776062409409,0.16200000000000006,0.17000000000000001,-0.00000000000000000,0.06000000000000000
1.47376405370120867,1.03989004606250091,0.16800000000000007,0.17000000000000001,-0.00000000000000000,0.06000000000000000
1.49051608513368050,1.04278289515755818,0.17400000000000007,0.17000000000000001,-0.00000000000000000,0.06000000000000000
1.50725045804006319,1.04577620376701064,0.18000000000000008,0.17000000000000001,-0.00000000000000000,0.06000000000000000
1.52396656998473956,1.04886986413207173,0.18600000000000008,0.17000000000000001,-0.00000000000000000,0.06000000000000000
1.54066381918948481,1.05206376488130249,0.19200000000000009,0.17000000000000001,-0.00000000000000000,0.06000000000000000
1.55734160455513071,1.05535779103462080,0.19800000000000009,0.17000000000000001,-0.00000000000000000,0.06000000000000000
1.57399932568320544,1.05875182400744094,0.20400000000000010,0.17000000000000001,-0.00000000000000000,0.06000000000000000
1.59063638289754761,1.06224574161494223,0.21000000000000010,0.17000000000000001,-0.00000000000000000,0.06000000000000000
1.60725217726589409,1.06583941807646831,0.21600000000000011,0.17000000000000001,-0.00000000000000000,0.06000000000000000
1.62384611062144213,1.06953272402005473,0.22200000000000011,0.17000000000000001,-0.00000000000000000,0.06000000000000000
1.64041758558438300,1.07332552648708646,0.22800000000000012,0.17000000000000001,-0.00000000000000000,0.06000000000000000
1.65696600558340790,1.07721768893708414,0.23400000000000012,0.17000000000000001,-0.00000000000000000,0.06000000000000000
1.67349077487718412,1.08120907125262011,0.24000000000000013,0.17000000000000001,-0.00000000000000000,0.06000000000000000
1.68999129857580166,1.08529952974436195,0.24600000000000014,0.17000000000000001,-0.00000000000000000,0.06000000000000000
1.70646698266218944,1.08948891715624563,0.25200000000000011,0.17000000000000001,-0.00000000000000000,0.06000000000000000
1.72291723401349972,1.09377708267077689,0.25800000000000012,0.17000000000000001,-0.00000000000000000,0.06000000000000000
1.73934146042246041,1.09816387191446041,0.26400000000000012,0.17000000000000001,-0.00000000000000000,0.06000000000000000
1.75573907061869461,1.10264912696335715,0.27000000000000013,0.17000000000000001,-0.00000000000000000,0.06000000000000000
1.77210947429000631,1.10723268634876959,0.27600000000000013,0.17000000000000001,-0.00000000000000000,0.06000000000000000
1.78845208210363138,1.11191438506305507,0.28200000000000014,0.17000000000000001,-0.00000000000000000,0.06000000000000000
1.80476630572745345,1.11669405456556547,0.28800000000000014,0.17000000000000001,-0.00000000000000000,0.06000000000000000
1.82105155785118389,1.12157152278871486,0.29400000000000015,0.17000000000000001,-0.00000000000000000,0.06000000000000000
1.83730725220750513,1.12654661414417401,0.30000000000000016,0.17000000000000001,-0.00000000000000000,0.06000000000000000
1.85353280359317596,1.13161914952919140,0.30600000000000016,0.17000000000000001,-0.00000000000000000,0.06000000000000000
1.86972762789009894,1.13678894633304095,0.31200000000000017,0.17000000000000001,-0.00000000000000000,0.06000000000000000
1.88589114208634845,1.14205581844359605,0.31800000000000017,0.17000000000000001,-0.00000000000000000,0.06000000000000000
1.90202276429715900,1.14741957625402957,0.32400000000000018,0.17000000000000001,-0.00000000000000000,0.06000000000000000
1.91812191378587316,1.15288002666963973,0.33000000000000018,0.17000000000000001,-0.00000000000000000,0.06000000000000000
1.93418801098484794,1.15843697311480121,0.33600000000000019,0.17000000000000001,-0.00000000000000000,0.06000000000000000
1.95022047751631944,1.16409021554004211,0.34200000000000019,0.17000000000000001,-0.00000000000000000,0.06000000000000000
1.96621873621322418,1.16983955042924581,0.34800000000000020,0.17000000000000001,-0.00000000000000000,0.06000000000000000
1.98218221113997672,1.17568477080697709,0.35400000000000020,0.17000000000000001,-0.00000000000000000,0.06000000000000000
1.99811032761320373,1.18162566624593368,0.36000000000000021,0.17000000000000001,-0.00000000000000000,0.06000000000000000
2.01400251222243254,1.18766202287452138,0.36600000000000021,0.17000000000000001,-0.00000000000000000,0.06000000000000000
2.02985819285073354,1.19379362338455342,0.37200000000000022,0.17000000000000001,-0.00000000000000000,0.06000000000000000
2.04567679869531638,1.20002024703907373,0.37800000000000022,0.17000000000000001,-0.00000000000000000,0.06000000000000000
2.06145776028807903,1.20634166968030332,0.38400000000000023,0.17000000000000001,-0.00000000000000000,0.06000000000000000
2.07720050951610880,1.21275766373770955,0.39000000000000024,0.17000000000000001,-0.00000000000000000,0.06000000000000000
2.09290447964213344,1.21926799823619958,0.39600000000000024,0.17000000000000001,-0.00000000000000000,0.06000000000000000
2.10856910532492448,1.22587243880443442,0.40200000000000025,0.17000000000000001,-0.00000000000000000,0.06000000000000000
2.12419382263964929,1.23257074768326680,0.40800000000000025,0.17000000000000001,-0.00000000000000000,0.06000000000000000
2.13977806909817181,1.23936268373430059,0.41400000000000026,0.17000000000000001,-0.00000000000000000,0.06000000000000000
2.15532128366930253,1.24624800244857159,0.42000000000000026,0.17000000000000001,-0.00000000000000000,0.06000000000000000
2.17082290679899570,1.25322645595534965,0.42600000000000027,0.17000000000000001,-0.00000000000000000,0.06000000000000000
2.18628238043049272,1.26029779303106215,0.43200000000000027,0.17000000000000001,-0.00000000000000000,0.06000000000000000
2.20169914802441280,1.26746175910833792,0.43800000000000028,0.17000000000000001,-0.00000000000000000,0.06000000000000000
2.21707265457878711,1.27471809628517208,0.44400000000000028,0.17000000000000001,-0.00000000000000000,0.06000000000000000
2.23240234664904058,1.28206654333421000,0.45000000000000029,0.17000000000000001,-0.00000000000000000,0.06000000000000000
2.24768767236791378,1.28950683571215130,0.45600000000000029,0.17000000000000001,-0.00000000000000000,0.06000000000000000
2.26292808146533186,1.29703870556927425,0.46200000000000030,0.17000000000000001,-0.00000000000000000,0.06000000000000000
2.27812302528821320,1.30466188175907716,0.46800000000000030,0.17000000000000001,-0.00000000000000000,0.06000000000000000
2.29327195682022156,1.31237608984804055,0.47400000000000031,0.17000000000000001,-0.00000000000000000,0.06000000000000000
2.30837433070145748,1.32018105212550640,0.48000000000000032,0.17000000000000001,-0.00000000000000000,0.06000000000000000
2.32342960324809233,1.32807648761367569,0.48600000000000032,0.17000000000000001,-0.00000000000000000,0.06000000000000000
2.33843723247194069,1.33606211207772363,0.49200000000000033,0.17000000000000001,-0.00000000000000000,0.06000000000000000
2.35339667809997088,1.34413763803603170,0.49800000000000033,0.17000000000000001,-0.00000000000000000,0.06000000000000000
2.36830740159375619,1.35230277477053784,0.50400000000000034,0.17000000000000001,-0.00000000000000000,0.06000000000000000
2.38316886616886103,1.36055722833720116,0.51000000000000034,0.17000000000000001,-0.00000000000000000,0.06000000000000000
2.39798053681416601,1.36890070157658506,0.51600000000000035,0.17000000000000001,-0.00000000000000000,0.06000000000000000
2.41274188031112713,1.37733289412455373,0.52200000000000035,0.17000000000000001,-0.00000000000000000,0.06000000000000000
2.42745236525297337,1.38585350242308625,0.52800000000000036,0.17000000000000001,-0.00000000000000000,0.06000000000000000
2.44211146206383489,1.39446221973120399,0.53400000000000036,0.17000000000000001,-0.00000000000000000,0.06000000000000000
2.45671864301781007,1.40315873613601383,0.54000000000000037,0.17000000000000001,-0.00000000000000000,0.06000000000000000
2.47127338225796223,1.41194273856386432,0.54600000000000037,0.17000000000000001,-0.00000000000000000,0.06000000000000000
2.48577515581525033,1.42081391079161667,0.55200000000000038,0.17000000000000001,-0.00000000000000000,0.06000000000000000
2.50022344162739252,1.42977193345802878,0.55800000000000038,0.17000000000000001,-0.00000000000000000,0.06000000000000000
2.51461771955766000,1.43881648407525198,0.56400000000000039,0.17000000000000001,-0.00000000000000000,0.06000000000000000
2.52895747141360205,1.44794723704044115,0.57000000000000040,0.17000000000000001,-0.00000000000000000,0.06000000000000000
2.54324218096570043,1.45716386364747552,0.57600000000000040,0.17000000000000001,-0.00000000000000000,0.06000000000000000
2.55747133396595405,1.46646603209879256,0.58200000000000041,0.17000000000000001,-0.00000000000000000,0.06000000000000000
2.57164441816639133,1.47585340751733285,0.58800000000000041,0.17000000000000001,-0.00000000000000000,0.06000000000000000
2.58576092333751228,1.48532565195859489,0.59400000000000042,0.17000000000000001,-0.00000000000000000,0.06000000000000000
2.59982034128665473,1.49488242442280206,0.60000000000000042,0.17000000000000001,-0.00000000000000000,0.06000000000000000
2.61382216587629124,1.50452338086717763,0.60600000000000043,0.17000000000000001,-0.00000000000000000,0.06000000000000000
2.62776589304224917,1.51424817421833091,0.61200000000000043,0.17000000000000001,-0.00000000000000000,0.06000000000000000
2.64165102081185577,1.52405645438475146,0.61800000000000044,0.17000000000000001,-0.00000000000000000,0.06000000000000000
2.65547704932201123,1.53394786826941254,0.62400000000000044,0.17000000000000001,-0.00000000000000000,0.06000000000000000
2.66924348083718233,1.54392205978248254,0.63000000000000045,0.17000000000000001,-0.00000000000000000,0.06000000000000000
2.68294981976732139,1.55397866985414446,0.63600000000000045,0.17000000000000001,-0.00000000000000000,0.06000000000000000
2.69659557268570715,1.56411733644752160,0.64200000000000046,0.17000000000000001,-0.00000000000000000,0.06000000000000000
2.71018024834670834,1.57433769457171158,0.64800000000000046,0.17000000000000001,-0.00000000000000000,0.06000000000000000
2.72370335770346861,1.58463937629492579,0.65400000000000047,0.17000000000000001,-0.00000000000000000,0.06000000000000000
2.73716441392551113,1.59502201075773486,0.66000000000000048,0.17000000000000001,-0.00000000000000000,0.06000000000000000
2.75056293241626593,1.60548522418641926,0.66600000000000048,0.17000000000000001,-0.00000000000000000,0.06000000000000000
2.76389843083051412,1.61602863990642565,0.67200000000000049,0.17000000000000001,-0.00000000000000000,0.06000000000000000
2.77717042909175360,1.62665187835592695,0.67800000000000049,0.17000000000000001,-0.00000000000000000,0.06000000000000000
2.79037844940947988,1.63735455709948607,0.68400000000000050,0.17000000000000001,-0.00000000000000000,0.06000000000000000
2.80352201629638786,1.64813629084182423,0.69000000000000050,0.17000000000000001,-0.00000000000000000,0.06000000000000000
2.81660065658548930,1.65899669144169115,0.69600000000000051,0.17000000000000001,-0.00000000000000000,0.06000000000000000
2.82961389944714625,1.66993536792583819,0.70200000000000051,0.17000000000000001,-0.00000000000000000,0.06000000000000000
2.84256127640602108,1.68095192650309322,0.70800000000000052,0.17000000000000001,-0.00000000000000000,0.06000000000000000
2.85544232135794207,1.69204597057853734,0.71400000000000052,0.17000000000000001,-0.00000000000000000,0.06000000000000000
2.86825657058668160,1.70321710076778188,0.72000000000000053,0.17000000000000001,-0.00000000000000000,0.06000000000000000
2.88100356278065117,1.71446491491134645,0.72600000000000053,0.17000000000000001,-0.00000000000000000,0.06000000000000000
2.89368283904950907,1.72578900808913693,0.73200000000000054,0.17000000000000001,-0.00000000000000000,0.06000000000000000
2.90629394294067867,1.73718897263502159,0.73800000000000054,0.17000000000000001,-0.00000000000000000,0.06000000000000000
2.91883642045578195,1.74866439815150820,0.74400000000000055,0.17000000000000001,-0.00000000000000000,0.06000000000000000
2.93130982006698293,1.76021487152451739,0.75000000000000056,0.17000000000000001,-0.00000000000000000,0.06000000000000000
2.94371369273324257,1.77183997693825535,0.75600000000000056,0.17000000000000001,-0.00000000000000000,0.06000000000000000
2.95604759191648458,1.78353929589018234,0.76200000000000057,0.17000000000000001,-0.00000000000000000,0.06000000000000000
2.96831107359767055,1.79531240720607999,0.76800000000000057,0.17000000000000001,-0.00000000000000000,0.06000000000000000
2.98050369629278444,1.80715888705521222,0.77400000000000058,0.17000000000000001,-0.00000000000000000,0.06000000000000000
2.99262502106872574,1.81907830896558398,0.78000000000000058,0.17000000000000001,-0.00000000000000000,0.06000000000000000
3.00467461155911186,1.83107024383929362,0.78600000000000059,0.17000000000000001,-0.00000000000000000,0.06000000000000000
3.01665203397998649,1.84313425996798097,0.79200000000000059,0.17000000000000001,-0.00000000000000000,0.06000000000000000
3.02855685714543599,1.85526992304836824,0.79800000000000060,0.17000000000000001,-0.00000000000000000,0.06000000000000000
3.04038865248311208,1.86747679619789531,0.80400000000000060,0.17000000000000001,-0.00000000000000000,0.06000000000000000
3.05214699404966039,1.87975443997044711,0.81000000000000061,0.17000000000000001,-0.00000000000000000,0.06000000000000000
3.06383145854605488,1.89210241237217369,0.81600000000000061,0.17000000000000001,-0.00000000000000000,0.06000000000000000
3.07544162533283494,1.90452026887740233,0.82200000000000062,0.17000000000000001,-0.00000000000000000,0.06000000000000000
3.08697707644525066,1.91700756244463988,0.82800000000000062,0.17000000000000001,-0.00000000000000000,0.06000000000000000
3.09843739660830764,1.92956384353266652,0.83400000000000063,0.17000000000000001,-0.00000000000000000,0.06000000000000000
3.10982217325171773,1.94218866011671909,0.84000000000000064,0.17000000000000001,-0.00000000000000000,0.06000000000000000
3.12113099652475112,1.95488155770476402,0.84600000000000064,0.17000000000000001,-0.00000000000000000,0.06000000000000000
3.13236345931099169,1.96764207935385915,0.85200000000000065,0.17000000000000001,-0.00000000000000000,0.06000000000000000
3.14351915724299191,1.98046976568660327,0.85800000000000065,0.17000000000000001,-0.00000000000000000,0.06000000000000000
3.15459768871683099,1.99336415490767371,0.86400000000000066,0.17000000000000001,-0.00000000000000000,0.06000000000000000
3.16559865490657266,2.00632478282045090,0.87000000000000066,0.17000000000000001,-0.00000000000000000,0.06000000000000000
3.17652165977862211,2.01935118284372983,0.87600000000000067,0.17000000000000001,-0.00000000000000000,0.06000000000000000
3.18736631010598348,2.03244288602851686,0.88200000000000067,0.17000000000000001,-0.00000000000000000,0.06000000000000000
3.19813221548241655,2.04559942107491111,0.88800000000000068,0.17000000000000001,-0.00000000000000000,0.06000000000000000
3.20881898833648993,2.05882031434907153,0.89400000000000068,0.17000000000000001,-0.00000000000000000,0.06000000000000000
3.21942624394553567,2.07210508990026820,0.90000000000000069,0.17000000000000001,-0.00000000000000000,0.06000000000000000
3.22995360044949686,2.08545326947801613,0.90600000000000069,0.17000000000000001,-0.00000000000000000,0.06000000000000000
3.24040067886467664,2.09886437254929215,0.91200000000000070,0.17000000000000001,-0.00000000000000000,0.06000000000000000
3.25076710309738015,2.11233791631583401,0.91800000000000070,0.17000000000000001,-0.00000000000000000,0.06000000000000000
3.26105249995745483,2.12587341573152111,0.92400000000000071,0.17000000000000001,-0.00000000000000000,0.06000000000000000
3.27125649917172456,2.13947038351983654,0.93000000000000071,0.17000000000000001,-0.00000000000000000,0.06000000000000000
3.28137873339731945,2.15312833019140815,0.93600000000000072,0.17000000000000001,-0.00000000000000000,0.06000000000000000
3.29141883823490078,2.16684676406163090,0.94200000000000073,0.17000000000000001,-0.00000000000000000,0.06000000000000000
3.30137645224177856,2.18062519126836740,0.94800000000000073,0.17000000000000001,-0.00000000000000000,0.06000000000000000
3.31125121694492375,2.19446311578972608,0.95400000000000074,0.17000000000000001,-0.00000000000000000,0.06000000000000000
3.32104277685387395,2.20836003946191850,0.96000000000000074,0.17000000000000001,-0.00000000000000000,0.06000000000000000
3.33075077947352938,2.22231546199719343,0.96600000000000075,0.17000000000000001,-0.00000000000000000,0.06000000000000000
3.34037487531684496,2.23632888100184690,0.97200000000000075,0.17000000000000001,-0.00000000000000000,0.06000000000000000
3.34991471791740913,2.25039979199430817,0.97800000000000076,0.17000000000000001,-0.00000000000000000,0.06000000000000000
3.35936996384191877,2.26452768842330077,0.98400000000000076,0.17000000000000001,-0.00000000000000000,0.06000000000000000
3.36874027270254173,2.27871206168607943,0.99000000000000077,0.17000000000000001,-0.00000000000000000,0.06000000000000000
3.37802530716917104,2.29295240114673859,0.99600000000000077,0.17000000000000001,-0.00000000000000000,0.06000000000000000
3.38722473298156856,2.30724819415459548,1.00200000000000067,0.17000000000000001,-0.00000000000000000,0.06000000000000000
3.39633821896139887,2.32159892606264595,1.00800000000000067,0.17000000000000001,-0.00000000000000000,0.06000000000000000
3.40536543702415084,2.33600408024609107,1.01400000000000068,0.17000000000000001,-0.00000000000000000,0.06000000000000000
3.41430606219094912,2.35046313812093599,1.02000000000000068,0.17000000000000001,-0.00000000000000000,0.06000000000000000
3.42315977260025317,2.36497557916265899,1.02600000000000069,0.17000000000000001,-0.00000000000000000,0.06000000000000000
3.43192624951944447,2.37954088092494942,1.03200000000000069,0.17000000000000001,-0.00000000000000000,0.06000000000000000
3.44060517735630089,2.39415851905851751,1.03800000000000070,0.17000000000000001,-0.00000000000000000,0.06000000000000000
3.44919624367035738,2.40882796732996862,1.04400000000000071,0.17000000000000001,-0.00000000000000000,0.06000000000000000
3.45769913918415472,2.42354869764074943,1.05000000000000071,0.17000000000000001,-0.00000000000000000,0.06000000000000000
3.46611355779437247,2.43832018004615891,1.05600000000000072,0.17000000000000001,-0.00000000000000000,0.06000000000000000
3.47443919658284983,2.45314188277442558,1.06200000000000072,0.17000000000000001,-0.00000000000000000,0.06000000000000000
3.48267575582748901,2.46801327224585165,1.06800000000000073,0.17000000000000001,-0.00000000000000000,0.06000000000000000
3.49082293901304741,2.48293381309202266,1.07400000000000073,0.17000000000000001,-0.00000000000000000,0.06000000000000000
3.49888045284180960,2.49790296817507951,1.08000000000000074,0.17000000000000001,-0.00000000000000000,0.06000000000000000
3.50684800724414858,2.51292019860705551,1.08600000000000074,0.17000000000000001,-0.00000000000000000,0.06000000000000000
3.51472531538896593,2.52798496376927728,1.09200000000000075,0.17000000000000001,-0.00000000000000000,0.06000000000000000
3.52251209369401908,2.54309672133182607,1.09800000000000075,0.17000000000000001,-0.00000000000000000,0.06000000000000000
3.53020806183613045,2.55825492727306170,1.10400000000000076,0.17000000000000001,-0.00000000000000000,0.06000000000000000
3.53781294276127767,2.57345903589920733,1.11000000000000076,0.17000000000000001,-0.00000000000000000,0.06000000000000000
3.54532646269456908,2.58870849986399421,1.11600000000000077,0.17000000000000001,-0.00000000000000000,0.06000000000000000
3.55274835115009857,2.60400277018836679,1.12200000000000077,0.17000000000000001,-0.00000000000000000,0.06000000000000000
3.56007834094068309,2.61934129628024515,1.12800000000000078,0.17000000000000001,-0.00000000000000000,0.06000000000000000
3.56731616818748165,2.63472352595434645,1.13400000000000079,0.17000000000000001,-0.00000000000000000,0.06000000000000000
3.57446157232949524,2.65014890545206372,1.14000000000000079,0.17000000000000001,-0.00000000000000000,0.06000000000000000
3.58151429613294647,2.66561687946140102,1.14600000000000080,0.17000000000000001,-0.00000000000000000,0.06000000000000000
3.58847408570054016,2.68112689113696456,1.15200000000000080,0.17000000000000001,-0.00000000000000000,0.06000000000000000
3.59534069048060356,2.69667838212000888,1.15800000000000081,0.17000000000000001,-0.00000000000000000,0.06000000000000000
3.60211386327610628,2.71227079255853853,1.16400000000000081,0.17000000000000001,-0.00000000000000000,0.06000000000000000
3.60879336025355890,2.72790356112746135,1.17000000000000082,0.17000000000000001,-0.00000000000000000,0.06000000000000000
3.61537894095179180,2.74357612504879755,1.17600000000000082,0.17000000000000001,-0.00000000000000000,0.06000000000000000
3.62187036829061082,2.75928792011193824,1.18200000000000083,0.17000000000000001,-0.00000000000000000,0.06000000000000000
3.62826740857933316,2.77503838069395803,1.18800000000000083,0.17000000000000001,-0.00000000000000000,0.06000000000000000
3.63456983152519930,2.79082693977997742,1.19400000000000084,0.17000000000000001,-0.00000000000000000,0.06000000000000000
3.64077741024166368,2.80665302898357405,1.20000000000000084,0.17000000000000001,-0.00000000000000000,0.06000000000000000
3.64688992125656286,2.82251607856724585,1.20600000000000085,0.17000000000000001,-0.00000000000000000,0.06000000000000000
3.65290714452016063,2.83841551746292131,1.21200000000000085,0.17000000000000001,-0.00000000000000000,0.06000000000000000
3.65882886341306923,2.85435077329251730,1.21800000000000086,0.17000000000000001,-0.00000000000000000,0.06000000000000000
3.66465486475404800,2.87032127238854473,1.22400000000000087,0.17000000000000001,-0.00000000000000000,0.06000000000000000
3.67038493880767813,2.88632643981476100,1.23000000000000087,0.17000000000000001,-0.00000000000000000,0.06000000000000000
3.67601887929191262,2.90236569938686717,1.23600000000000088,0.17000000000000001,-0.00000000000000000,0.06000000000000000
3.68155648338550234,2.91843847369325138,1.24200000000000088,0.17000000000000001,-0.00000000000000000,0.06000000000000000
3.68699755173529775,2.93454418411577400,1.24800000000000089,0.17000000000000001,-0.00000000000000000,0.06000000000000000
3.69234188846342626,2.95068225085059943,1.25400000000000089,0.17000000000000001,-0.00000000000000000,0.06000000000000000
3.69758930117434259,2.96685209292906826,1.26000000000000090,0.17000000000000001,-0.00000000000000000,0.06000000000000000
3.70273960096175569,2.98305312823861168,1.26600000000000090,0.17000000000000001,-0.00000000000000000,0.06000000000000000
3.70779260241542996,2.99928477354370848,1.27200000000000091,0.17000000000000001,-0.00000000000000000,0.06000000000000000
3.71274812362785855,3.01554644450688070,1.27800000000000091,0.17000000000000001,-0.00000000000000000,0.06000000000000000
3.71760598620081284,3.03183755570972968,1.28400000000000092,0.17000000000000001,-0.00000000000000000,0.06000000000000000
3.72236601525176480,3.04815752067401169,1.29000000000000092,0.17000000000000001,-0.00000000000000000,0.06000000000000000
3.72702803942018290,3.06450575188275076,1.29600000000000093,0.17000000000000001,-0.00000000000000000,0.06000000000000000
3.73159189087370091,3.08088166080138848,1.30200000000000093,0.17000000000000001,-0.00000000000000000,0.06000000000000000
3.73605740531415886,3.09728465789897278,1.30800000000000094,0.17000000000000001,-0.00000000000000000,0.06000000000000000
3.74042442198351921,3.11371415266937968,1.31400000000000095,0.17000000000000001,-0.00000000000000000,0.06000000000000000
3.74469278366965375,3.13016955365257177,1.32000000000000095,0.17000000000000001,-0.00000000000000000,0.06000000000000000
3.74886233671200264,3.14665026845589102,1.32600000000000096,0.17000000000000001,-0.00000000000000000,0.06000000000000000
3.75293293100710690,3.16315570377538391,1.33200000000000096,0.17000000000000001,-0.00000000000000000,0.06000000000000000
3.75690442001401115,3.17968526541716212,1.33800000000000097,0.17000000000000001,-0.00000000000000000,0.06000000000000000
3.76077666075954031,3.19623835831879122,1.34400000000000097,0.17000000000000001,-0.00000000000000000,0.06000000000000000
3.76454951384344572,3.21281438657071483,1.35000000000000098,0.17000000000000001,-0.00000000000000000,0.06000000000000000
3.76822284344342373,3.22941275343770595,1.35600000000000098,0.17000000000000001,-0.00000000000000000,0.06000000000000000
3.77179651732000520,3.24603286138035019,1.36200000000000099,0.17000000000000001,-0.00000000000000000,0.06000000000000000
3.77527040682131698,3.26267411207655611,1.36800000000000099,0.17000000000000001,-0.00000000000000000,0.06000000000000000
3.77864438688771198,3.27933590644309625,1.37400000000000100,0.17000000000000001,-0.00000000000000000,0.06000000000000000
3.78191833605627226,3.29601764465717295,1.38000000000000100,0.11000000000000000,0.00000000000000000,-0.08000000000000000
3.78404756427436029,3.30680957413543064,1.37200000000000100,0.11000000000000000,0.00000000000000000,-0.08000000000000000
3.78626305887242642,3.31758412462973551,1.36400000000000099,0.11000000000000000,0.00000000000000000,-0.08000000000000000
3.78856467805957253,3.32834060657253383,1.35600000000000098,0.11000000000000000,0.00000000000000000,-0.08000000000000000
3.79095227453295669,3.33907833155265266,1.34800000000000098,0.11000000000000000,0.00000000000000000,-0.08000000000000000
3.79342569548721897,3.34979661235935877,1.34000000000000097,0.11000000000000000,0.00000000000000000,-0.08000000000000000
3.79598478262426298,3.36049476302633865,1.33200000000000096,0.11000000000000000,0.00000000000000000,-0.08000000000000000
3.79862937216338503,3.37117209887560154,1.32400000000000095,0.11000000000000000,0.00000000000000000,-0.08000000000000000
3.80135929485175739,3.38182793656129732,1.31600000000000095,0.11000000000000000,0.00000000000000000,-0.08000000000000000
3.80417437597525998,3.39246159411345172,1.30800000000000094,0.11000000000000000,0.00000000000000000,-0.08000000000000000
3.80707443536966172,3.40307239098161052,1.30000000000000093,0.11000000000000000,0.00000000000000000,-0.08000000000000000
3.81005928743215128,3.41365964807839628,1.29200000000000093,0.11000000000000000,0.00000000000000000,-0.08000000000000000
3.81312874113321554,3.42422268782296824,1.28400000000000092,0.11000000000000000,0.00000000000000000,-0.08000000000000000
3.81628260002886543,3.43476083418438849,1.27600000000000091,0.11000000000000000,0.00000000000000000,-0.08000000000000000
3.81952066227320808,3.44527341272488696,1.26800000000000090,0.11000000000000000,0.00000000000000000,-0.08000000000000000
3.82284272063136488,3.45575975064302554,1.26000000000000090,0.11000000000000000,0.00000000000000000,-0.08000000000000000
3.82624856249273515,3.46621917681675651,1.25200000000000089,0.11000000000000000,0.00000000000000000,-0.08000000000000000
3.82973796988460213,3.47665102184637487,1.24400000000000088,0.11000000000000000,0.00000000000000000,-0.08000000000000000
3.83331071948608360,3.48705461809735962,1.23600000000000088,0.11000000000000000,0.00000000000000000,-0.08000000000000000
3.83696658264242485,3.49742929974310135,1.22800000000000087,0.11000000000000000,0.00000000000000000,-0.08000000000000000
3.84070532537963150,3.50777440280751662,1.22000000000000086,0.11000000000000000,0.00000000000000000,-0.08000000000000000
3.84452670841944455,3.51808926520754017,1.21200000000000085,0.11000000000000000,0.00000000000000000,-0.08000000000000000
3.84843048719465397,3.52837322679549903,1.20400000000000085,0.11000000000000000,0.00000000000000000,-0.08000000000000000
3.85241641186475059,3.53862562940136183,1.19600000000000084,0.11000000000000000,0.00000000000000000,-0.08000000000000000
3.85648422733191598,3.54884581687486111,1.18800000000000083,0.11000000000000000,0.00000000000000000,-0.08000000000000000
3.86063367325734896,3.55903313512748731,1.18000000000000083,0.11000000000000000,0.00000000000000000,-0.08000000000000000
3.86486448407792649,3.56918693217434990,1.17200000000000082,0.11000000000000000,0.00000000000000000,-0.08000000000000000
3.86917638902320027,3.57930655817590315,1.16400000000000081,0.11000000000000000,0.00000000000000000,-0.08000000000000000
3.87356911213272515,3.58939136547953730,1.15600000000000080,0.11000000000000000,0.00000000000000000,-0.08000000000000000
3.87804237227372184,3.59944070866102717,1.14800000000000080,0.11000000000000000,0.00000000000000000,-0.08000000000000000
3.88259588315906834,3.60945394456583912,1.14000000000000079,0.11000000000000000,0.00000000000000000,-0.08000000000000000
3.88722935336562214,3.61943043235029327,1.13200000000000078,0.11000000000000000,0.00000000000000000,-0.08000000000000000
3.89194248635287154,3.62936953352257685,1.12400000000000078,0.11000000000000000,0.00000000000000000,-0.08000000000000000
3.89673498048191380,3.63927061198360713,1.11600000000000077,0.11000000000000000,0.00000000000000000,-0.08000000000000000
3.90160652903476102,3.64913303406774236,1.10800000000000076,0.11000000000000000,0.00000000000000000,-0.08000000000000000
3.90655682023396844,3.65895616858333561,1.10000000000000075,0.11000000000000000,0.00000000000000000,-0.08000000000000000
3.91158553726258873,3.66873938685313083,1.09200000000000075,0.11000000000000000,0.00000000000000000,-0.08000000000000000
3.91669235828444862,3.67848206275449785,1.08400000000000074,0.11000000000000000,0.00000000000000000,-0.08000000000000000
3.92187695646474621,3.68818357275950426,1.07600000000000073,0.11000000000000000,0.00000000000000000,-0.08000000000000000
3.92713899999096716,3.69784329597482175,1.06800000000000073,0.11000000000000000,0.00000000000000000,-0.08000000000000000
3.93247815209412233,3.70746061418146144,1.06000000000000072,0.11000000000000000,0.00000000000000000,-0.08000000000000000
3.93789407107029943,3.71703491187434087,1.05200000000000071,0.11000000000000000,0.00000000000000000,-0.08000000000000000
3.94338641030253223,3.72656557630167562,1.04400000000000071,0.11000000000000000,0.00000000000000000,-0.08000000000000000
3.94895481828298500,3.73605199750419548,1.03600000000000070,0.11000000000000000,0.00000000000000000,-0.08000000000000000
3.95459893863544742,3.74549356835418168,1.02800000000000069,0.11000000000000000,0.00000000000000000,-0.08000000000000000
3.96031841013814390,3.75488968459432204,1.02000000000000068,0.11000000000000000,0.00000000000000000,-0.08000000000000000
3.96611286674685015,3.76423974487638491,1.01200000000000068,0.11000000000000000,0.00000000000000000,-0.08000000000000000
3.97198193761832075,3.77354315079970348,1.00400000000000067,0.11000000000000000,0.00000000000000000,-0.08000000000000000
3.97792524713402385,3.78279930694947453,0.99600000000000066,0.11000000000000000,0.00000000000000000,-0.08000000000000000
3.98394241492417889,3.79200762093486343,0.98800000000000066,0.11000000000000000,0.00000000000000000,-0.08000000000000000
3.99003305589210111,3.80116750342691834,0.98000000000000065,0.11000000000000000,0.00000000000000000,-0.08000000000000000
3.99619678023884717,3.81027836819628662,0.97200000000000064,0.11000000000000000,0.00000000000000000,-0.08000000000000000
4.00243319348816318,3.81933963215073291,0.96400000000000063,0.11000000000000000,0.00000000000000000,-0.08000000000000000
4.00874189651172941,3.82835071537245675,0.95600000000000063,0.11000000000000000,0.00000000000000000,-0.08000000000000000
4.01512248555470652,3.83731104115520782,0.94800000000000062,0.11000000000000000,0.00000000000000000,-0.08000000000000000
4.02157455226157268,3.84622003604119422,0.94000000000000061,0.11000000000000000,0.00000000000000000,-0.08000000000000000
4.02809768370226173,3.85507712985778461,0.93200000000000061,0.11000000000000000,0.00000000000000000,-0.08000000000000000
4.03469146239858745,3.86388175575399773,0.92400000000000060,0.11000000000000000,0.00000000000000000,-0.08000000000000000
4.04135546635096432,3.87263335023678135,0.91600000000000059,0.11000000000000000,0.00000000000000000,-0.08000000000000000
4.04808926906541444,3.88133135320707590,0.90800000000000058,0.11000000000000000,0.00000000000000000,-0.08000000000000000
4.05489243958086210,3.88997520799566043,0.90000000000000058,0.11000000000000000,0.00000000000000000,-0.08000000000000000
4.06176454249671615,3.89856436139877882,0.89200000000000057,0.11000000000000000,0.00000000000000000,-0.08000000000000000
4.06870513800073574,3.90709826371354474,0.88400000000000056,0.11000000000000000,0.00000000000000000,-0.08000000000000000
4.07571378189717848,3.91557636877312332,0.87600000000000056,0.11000000000000000,0.00000000000000000,-0.08000000000000000
4.08279002563522653,3.92399813398168407,0.86800000000000055,0.11000000000000000,0.00000000000000000,-0.08000000000000000
4.08993341633769614,3.93236302034912866,0.86000000000000054,0.11000000000000000,0.00000000000000000,-0.08000000000000000
4.09714349683002066,3.94067049252558466,0.85200000000000053,0.11000000000000000,0.00000000000000000,-0.08000000000000000
4.10441980566950892,3.94892001883566879,0.84400000000000053,0.11000000000000000,0.00000000000000000,-0.08000000000000000
4.11176187717487984,3.95711107131251261,0.83600000000000052,0.11000000000000000,0.00000000000000000,-0.08000000000000000
4.11916924145606256,3.96524312573155369,0.82800000000000051,0.11000000000000000,0.00000000000000000,-0.08000000000000000
4.12664142444427195,3.97331566164408478,0.82000000000000051,0.14000000000000001,-0.00000000000000000,-0.09000000000000000
4.13623845428338832,3.98350858542833697,0.81100000000000050,0.14000000000000001,-0.00000000000000000,-0.09000000000000000
4.14592683052104238,3.99361472429944486,0.80200000000000049,0.14000000000000001,-0.00000000000000000,-0.09000000000000000
4.15570576840405703,4.00363325966568517,0.79300000000000048,0.14000000000000001,-0.00000000000000000,-0.09000000000000000
4.16557447584381002,4.01356338003117141,0.78400000000000047,0.14000000000000001,-0.00000000000000000,-0.09000000000000000
4.17553215348039419,4.02340428106158221,0.77500000000000047,0.14000000000000001,-0.00000000000000000,-0.09000000000000000
4.18557799474736481,4.03315516564931542,0.76600000000000046,0.14000000000000001,-0.00000000000000000,-0.09000000000000000
4.19571118593707215,4.04281524397805025,0.75700000000000045,0.14000000000000001,-0.00000000000000000,-0.09000000000000000
4.20593090626657062,4.05238373358672455,0.74800000000000044,0.14000000000000001,-0.00000000000000000,-0.09000000000000000
4.21623632794410064,4.06185985943291072,0.73900000000000043,0.14000000000000001,-0.00000000000000000,-0.09000000000000000
4.22662661623614078,4.07124285395559671,0.73000000000000043,0.14000000000000001,-0.00000000000000000,-0.09000000000000000
4.23710092953502127,4.08053195713735573,0.72100000000000042,0.14000000000000001,-0.00000000000000000,-0.09000000000000000
4.24765841942709077,4.08972641656590952,0.71200000000000041,0.14000000000000001,-0.00000000000000000,-0.09000000000000000
4.25829823076144010,4.09882548749507070,0.70300000000000040,0.14000000000000001,-0.00000000000000000,-0.09000000000000000
4.26901950171916855,4.10782843290506960,0.69400000000000039,0.14000000000000001,-0.00000000000000000,-0.09000000000000000
4.27982136388319123,4.11673452356225056,0.68500000000000039,0.14000000000000001,-0.00000000000000000,-0.09000000000000000
4.29070294230857829,4.12554303807813927,0.67600000000000038,0.14000000000000001,-0.00000000000000000,-0.09000000000000000
4.30166335559342627,4.13425326296787610,0.66700000000000037,0.14000000000000001,-0.00000000000000000,-0.09000000000000000
4.31270171595025253,4.14286449270800716,0.65800000000000036,0.14000000000000001,-0.00000000000000000,-0.09000000000000000
4.32381712927790307,4.15137602979363152,0.64900000000000035,0.14000000000000001,-0.00000000000000000,-0.09000000000000000
4.33500869523397547,4.15978718479489906,0.64000000000000035,0.14000000000000001,-0.00000000000000000,-0.09000000000000000
4.34627550730774637,4.16809727641285388,0.63100000000000034,0.14000000000000001,-0.00000000000000000,-0.09000000000000000
4.35761665289359801,4.17630563153461765,0.62200000000000033,0.14000000000000001,-0.00000000000000000,-0.09000000000000000
4.36903121336493783,4.18441158528791401,0.61300000000000032,0.14000000000000001,-0.00000000000000000,-0.09000000000000000
4.38051826414861001,4.19241448109492065,0.60400000000000031,0.14000000000000001,-0.00000000000000000,-0.09000000000000000
4.39207687479978048,4.20031367072545336,0.59500000000000031,0.14000000000000001,-0.00000000000000000,-0.09000000000000000
4.40370610907730686,4.20810851434946986,0.58600000000000030,0.14000000000000001,-0.00000000000000000,-0.09000000000000000
4.41540502501957022,4.21579838058889944,0.57700000000000029,0.14000000000000001,-0.00000000000000000,-0.09000000000000000
4.42717267502077583,4.22338264656878071,0.56800000000000028,0.14000000000000001,-0.00000000000000000,-0.09000000000000000
4.43900810590770778,4.23086069796771636,0.55900000000000027,0.14000000000000001,-0.00000000000000000,-0.09000000000000000
4.45091035901693566,4.23823192906763069,0.55000000000000027,0.14000000000000001,-0.00000000000000000,-0.09000000000000000
4.46287847027246443,4.24549574280283526,0.54100000000000026,0.14000000000000001,-0.00000000000000000,-0.09000000000000000
4.47491147026382574,4.25265155080838930,0.53200000000000025,0.14000000000000001,-0.00000000000000000,-0.09000000000000000
4.48700838432460003,4.25969877346775672,0.52300000000000024,0.14000000000000001,-0.00000000000000000,-0.09000000000000000
4.49916823261136223,4.26663683995975518,0.51400000000000023,0.14000000000000001,-0.00000000000000000,-0.09000000000000000
4.51139003018304940,4.27346518830479205,0.50500000000000023,0.14000000000000001,-0.00000000000000000,-0.09000000000000000
4.52367278708074050,4.28018326541038530,0.49600000000000022,0.14000000000000001,-0.00000000000000000,-0.09000000000000000
4.53601550840784196,4.28679052711596142,0.48700000000000021,0.14000000000000001,-0.00000000000000000,-0.09000000000000000
4.54841719441067482,4.29328643823693579,0.47800000000000020,0.14000000000000001,-0.00000000000000000,-0.09000000000000000
4.56087684055945353,4.29967047260805835,0.46900000000000019,0.14000000000000001,-0.00000000000000000,-0.09000000000000000
4.57339343762965278,4.30594211312603647,0.46000000000000019,0.14000000000000001,-0.00000000000000000,-0.09000000000000000
4.58596597178375287,4.31210085179141700,0.45100000000000018,0.14000000000000001,-0.00000000000000000,-0.09000000000000000
4.59859342465336152,4.31814618974973463,0.44200000000000017,0.14000000000000001,-0.00000000000000000,-0.09000000000000000
4.61127477342169989,4.32407763733192052,0.43300000000000016,0.14000000000000001,-0.00000000000000000,-0.09000000000000000
4.62400899090645190,4.32989471409396298,0.42400000000000015,0.14000000000000001,-0.00000000000000000,-0.09000000000000000
4.63679504564296341,4.33559694885582569,0.41500000000000015,0.14000000000000001,-0.00000000000000000,-0.09000000000000000
4.64963190196779141,4.34118387973961006,0.40600000000000014,0.14000000000000001,-0.00000000000000000,-0.09000000000000000
4.66251852010259249,4.34665505420696885,0.39700000000000013,0.14000000000000001,-0.00000000000000000,-0.09000000000000000
4.67545385623834342,4.35201002909576218,0.38800000000000012,0.14000000000000001,-0.00000000000000000,-0.09000000000000000
4.68843686261988868,4.35724837065595150,0.37900000000000011,0.14000000000000001,-0.00000000000000000,-0.09000000000000000
4.70146648763081121,4.36236965458473502,0.37000000000000011,0.14000000000000001,-0.00000000000000000,-0.09000000000000000
4.71454167587860784,4.36737346606091403,0.36100000000000010,0.14000000000000001,-0.00000000000000000,-0.09000000000000000
4.72766136828018002,4.37225939977849531,0.35200000000000009,0.14000000000000001,-0.00000000000000000,-0.09000000000000000
4.74082450214761586,4.37702705997951824,0.34300000000000008,0.14000000000000001,-0.00000000000000000,-0.09000000000000000
4.75403001127426972,4.38167606048611358,0.33400000000000007,0.14000000000000001,-0.00000000000000000,-0.09000000000000000
4.76727682602112246,4.38620602473178245,0.32500000000000007,0.14000000000000001,-0.00000000000000000,-0.09000000000000000
4.78056387340342148,4.39061658579189729,0.31600000000000006,0.14000000000000001,-0.00000000000000000,-0.09000000000000000
4.79389007717759430,4.39490738641342471,0.30700000000000005,0.14000000000000001,-0.00000000000000000,-0.09000000000000000
4.80725435792842060,4.39907807904385884,0.29800000000000004,0.14000000000000001,-0.00000000000000000,-0.09000000000000000
4.82065563315646628,4.40312832585937830,0.28900000000000003,0.14000000000000001,-0.00000000000000000,-0.09000000000000000
4.83409281736576624,4.40705779879220483,0.28000000000000003,0.14000000000000001,-0.00000000000000000,-0.09000000000000000
4.84756482215174511,4.41086617955717930,0.27100000000000002,0.14000000000000001,-0.00000000000000000,-0.09000000000000000
4.86107055628938145,4.41455315967754203,0.26200000000000001,0.14000000000000001,-0.00000000000000000,-0.09000000000000000
4.87460892582159477,4.41811844050991898,0.25300000000000000,0.14000000000000001,-0.00000000000000000,-0.09000000000000000
4.88817883414785381,4.42156173326851221,0.24399999999999999,0.14000000000000001,-0.00000000000000000,-0.09000000000000000
4.90177918211300501,4.42488275904849093,0.23499999999999999,0.14000000000000001,-0.00000000000000000,-0.09000000000000000
4.91540886809629818,4.42808124884858234,0.22599999999999998,0.14000000000000001,-0.00000000000000000,-0.09000000000000000
4.92906678810062093,4.43115694359286216,0.21699999999999997,0.14000000000000001,-0.00000000000000000,-0.09000000000000000
4.94275183584192046,4.43410959415173700,0.20799999999999996,0.14000000000000001,-0.00000000000000000,-0.09000000000000000
4.95646290283881186,4.43693896136212640,0.19899999999999995,0.14000000000000001,-0.00000000000000000,-0.09000000000000000
4.97019887850236497,4.43964481604683314,0.18999999999999995,0.14000000000000001,-0.00000000000000000,-0.09000000000000000
4.98395865022606088,4.44222693903310706,0.18099999999999994,0.14000000000000001,-0.00000000000000000,-0.09000000000000000
4.99774110347591360,4.44468512117039793,0.17199999999999993,0.14000000000000001,-0.00000000000000000,-0.09000000000000000
5.01154512188074452,4.44701916334729752,0.16299999999999992,0.14000000000000001,-0.00000000000000000,-0.09000000000000000
5.02536958732261141,4.44922887650766441,0.15399999999999991,0.14000000000000001,-0.00000000000000000,-0.09000000000000000
5.03921338002737151,4.45131408166594156,0.14499999999999991,0.14000000000000001,-0.00000000000000000,-0.09000000000000000
5.05307537865538414,4.45327460992165136,0.13599999999999990,0.14000000000000001,-0.00000000000000000,-0.09000000000000000
5.06695446039234021,4.45511030247307627,0.12699999999999989,0.14000000000000001,-0.00000000000000000,-0.09000000000000000
5.08084950104020727,4.45682101063012404,0.11799999999999988,0.14000000000000001,-0.00000000000000000,-0.09000000000000000
5.09475937510829002,4.45840659582636878,0.10899999999999987,0.14000000000000001,-0.00000000000000000,-0.09000000000000000
5.10868295590439381,4.45986692963027664,0.09999999999999987,0.14000000000000001,-0.00000000000000000,-0.09000000000000000
5.12261911562608674,4.46120189375560816,0.09099999999999986,0.14000000000000001,-0.00000000000000000,-0.09000000000000000
5.13656672545205151,4.46241138007099813,0.08199999999999985,0.14000000000000001,-0.00000000000000000,-0.09000000000000000
5.15052465563351802,4.46349529060871753,0.07299999999999984,0.14000000000000001,-0.00000000000000000,-0.09000000000000000
5.16449177558577244,4.46445353757260488,0.06399999999999983,0.14000000000000001,-0.00000000000000000,-0.09000000000000000
5.17846695397973544,4.46528604334517976,0.05499999999999983,0.14000000000000001,-0.00000000000000000,-0.09000000000000000
5.19244905883359831,4.46599274049393014,0.04599999999999983,0.14000000000000001,-0.00000000000000000,-0.09000000000000000
5.20643695760451219,4.46657357177677383,0.03699999999999983,0.14000000000000001,-0.00000000000000000,-0.09000000000000000
5.22042951728032456,4.46702849014669390,0.02799999999999983,0.14000000000000001,-0.00000000000000000,-0.09000000000000000
5.23442560447135197,4.46735745875555068,0.01899999999999983,0.14000000000000001,-0.00000000000000000,-0.09000000000000000
5.24842408550218487,4.46756045095706700,0.00999999999999983,0.14000000000000001,-0.00000000000000000,-0.09000000000000000
5.26242382650351281,4.46763745030898640,0.00099999999999983,0.14000000000000001,-0.00000000000000000,-0.09000000000000000
5.27642369350396923,4.46758845057440279,-0.00800000000000017,0.14000000000000001,-0.00000000000000000,-0.09000000000000000
5.29042255252198146,4.46741345572226756,-0.01700000000000017,0.14000000000000001,-0.00000000000000000,-0.09000000000000000
5.30441926965762356,4.46711247992706806,-0.02600000000000018,0.14000000000000001,-0.00000000000000000,-0.09000000000000000
5.31841271118445924,4.46668554756768010,-0.03500000000000018,0.14000000000000001,-0.00000000000000000,-0.09000000000000000
5.33240174364137598,4.46613269322538997,-0.04400000000000018,0.14000000000000001,-0.00000000000000000,-0.09000000000000000
5.34638523392439335,4.46545396168109843,-0.05300000000000018,0.14000000000000001,-0.00000000000000000,-0.09000000000000000
5.36036204937844385,4.46464940791168896,-0.06200000000000018,0.14000000000000001,-0.00000000000000000,-0.09000000000000000
5.37433105788911814,4.46371909708557624,-0.07100000000000017,0.14000000000000001,-0.00000000000000000,-0.09000000000000000
5.38829112797436327,4.46266310455742943,-0.08000000000000018,0.14000000000000001,-0.00000000000000000,-0.09000000000000000
5.40224112887613561,4.46148151586206598,-0.08900000000000019,0.14000000000000001,-0.00000000000000000,-0.09000000000000000
5.41617993065198977,4.46017442670752384,-0.09800000000000020,0.14000000000000001,-0.00000000000000000,-0.09000000000000000
5.43010640426660185,4.45874194296731030,-0.10700000000000021,0.14000000000000001,-0.00000000000000000,-0.09000000000000000
5.44401942168322428,4.45718418067182487,-0.11600000000000021,0.14000000000000001,-0.00000000000000000,-0.09000000000000000
5.45791785595505274,4.45550126599896146,-0.12500000000000022,0.14000000000000001,-0.00000000000000000,-0.09000000000000000
5.47180058131650959,4.45369333526388900,-0.13400000000000023,0.14000000000000001,-0.00000000000000000,-0.09000000000000000
5.48566647327443135,4.45176053490800783,-0.14300000000000024,0.14000000000000001,-0.00000000000000000,-0.09000000000000000
5.49951440869915142,4.44970302148709074,-0.15200000000000025,0.14000000000000001,-0.00000000000000000,-0.09000000000000000
5.51334326591547086,4.44752096165859978,-0.16100000000000025,0.14000000000000001,-0.00000000000000000,-0.09000000000000000
5.52715192479351636,4.44521453216818774,-0.17000000000000026,0.14000000000000001,-0.00000000000000000,-0.09000000000000000
5.54093926683946858,4.44278391983538246,-0.17900000000000027,0.14000000000000001,-0.00000000000000000,-0.09000000000000000
5.55470417528615990,4.44022932153845407,-0.18800000000000028,0.14000000000000001,-0.00000000000000000,-0.09000000000000000
5.56844553518353180,4.43755094419846774,-0.19700000000000029,0.14000000000000001,-0.00000000000000000,-0.09000000000000000
5.58216223348894669,4.43474900476252287,-0.20600000000000029,0.14000000000000001,-0.00000000000000000,-0.09000000000000000
5.59585315915734061,4.43182373018618314,-0.21500000000000030,0.14000000000000001,-0.00000000000000000,-0.09000000000000000
5.60951720323121972,4.42877535741508854,-0.22400000000000031,0.14000000000000001,-0.00000000000000000,-0.09000000000000000
5.62315325893048534,4.42560413336576808,-0.23300000000000032,0.14000000000000001,-0.00000000000000000,-0.09000000000000000
5.63676022174208136,4.42231031490563531,-0.24200000000000033,0.14000000000000001,-0.00000000000000000,-0.09000000000000000
5.65033698950945951,4.41889416883218455,-0.25100000000000033,0.14000000000000001,-0.00000000000000000,-0.09000000000000000
5.66388246252185379,4.41535597185137973,-0.26000000000000034,0.14000000000000001,-0.00000000000000000,-0.09000000000000000
5.67739554360335585,4.41169601055524208,-0.26900000000000035,0.14000000000000001,-0.00000000000000000,-0.09000000000000000
5.69087513820178614,4.40791458139863579,-0.27800000000000036,0.14000000000000001,-0.00000000000000000,-0.09000000000000000
5.70432015447735274,4.40401199067525528,-0.28700000000000037,0.14000000000000001,-0.00000000000000000,-0.09000000000000000
5.71772950339108821,4.39998855449281479,-0.29600000000000037,0.14000000000000001,-0.00000000000000000,-0.09000000000000000
5.73110209879306165,4.39584459874744571,-0.30500000000000038,0.14000000000000001,-0.00000000000000000,-0.09000000000000000
5.74443685751035726,4.39158045909729733,-0.31400000000000039,0.14000000000000001,-0.00000000000000000,-0.09000000000000000
5.75773269943480948,4.38719648093534964,-0.32300000000000040,0.14000000000000001,-0.00000000000000000,-0.09000000000000000
5.77098854761049296,4.38269301936143751,-0.33200000000000041,0.14000000000000001,-0.00000000000000000,-0.09000000000000000
5.78420332832095152,4.37807043915348615,-0.34100000000000041,0.14000000000000001,-0.00000000000000000,-0.09000000000000000
5.79737597117617387,4.37332911473796404,-0.35000000000000042,0.14000000000000001,-0.00000000000000000,-0.09000000000000000
5.81050540919929048,4.36846943015955791,-0.35900000000000043,0.14000000000000001,-0.00000000000000000,-0.09000000000000000
5.82359057891300047,4.36349177905006069,-0.36800000000000044,0.14000000000000001,-0.00000000000000000,-0.09000000000000000
5.83663042042571067,4.35839656459649039,-0.37700000000000045,0.14000000000000001,-0.00000000000000000,-0.09000000000000000
5.84962387751738788,4.35318419950843261,-0.38600000000000045,0.14000000000000001,-0.00000000000000000,-0.09000000000000000
5.86256989772511261,4.34785510598460956,-0.39500000000000046,0.14000000000000001,-0.00000000000000000,-0.09000000000000000
5.87546743242832559,4.34240971567868339,-0.40400000000000047,0.14000000000000001,-0.00000000000000000,-0.09000000000000000
5.88831543693376780,4.33684846966429127,-0.41300000000000048,0.14000000000000001,-0.00000000000000000,-0.09000000000000000
5.90111287056009903,4.33117181839931931,-0.42200000000000049,0.14000000000000001,-0.00000000000000000,-0.09000000000000000
5.91385869672219311,4.32538022168941705,-0.43100000000000049,0.14000000000000001,-0.00000000000000000,-0.09000000000000000
5.92655188301509828,4.31947414865075086,-0.44000000000000050,0.14000000000000001,-0.00000000000000000,-0.09000000000000000
5.93919140129766543,4.31345407767200761,-0.44900000000000051,0.14000000000000001,-0.00000000000000000,-0.09000000000000000
5.95177622777582460,4.30732049637564529,-0.45800000000000052,0.14000000000000001,-0.00000000000000000,-0.09000000000000000
5.96430534308551152,4.30107390157839564,-0.46700000000000053,0.14000000000000001,-0.00000000000000000,-0.09000000000000000
5.97677773237523713,4.29471479925102173,-0.47600000000000053,0.14000000000000001,-0.00000000000000000,-0.09000000000000000
5.98919238538828758,4.28824370447733560,-0.48500000000000054,0.14000000000000001,-0.00000000000000000,-0.09000000000000000
6.00154829654455657,4.28166114141247522,-0.49400000000000055,0.14000000000000001,-0.00000000000000000,-0.09000000000000000
6.01384446502199577,4.27496764324045042,-0.50300000000000056,0.14000000000000001,-0.00000000000000000,-0.09000000000000000
6.02607989483768147,4.26816375213095345,-0.51200000000000057,0.14000000000000001,-0.00000000000000000,-0.09000000000000000
6.03825359492848879,4.26125001919544388,-0.52100000000000057,0.14000000000000001,-0.00000000000000000,-0.09000000000000000
6.05036457923136517,4.25422700444250967,-0.53000000000000058,0.14000000000000001,-0.00000000000000000,-0.09000000000000000
6.06241186676320520,4.24709527673250520,-0.53900000000000059,0.14000000000000001,-0.00000000000000000,-0.09000000000000000
6.07439448170030438,4.23985541373147612,-0.54800000000000060,0.14000000000000001,-0.00000000000000000,-0.09000000000000000
6.08631145345740521,4.23250800186436749,-0.55700000000000061,0.14000000000000001,-0.00000000000000000,-0.09000000000000000
6.09816181676631075,4.22505363626752306,-0.56600000000000061,0.14000000000000001,-0.00000000000000000,-0.09000000000000000
6.10994461175407189,4.21749292074048121,-0.57500000000000062,0.14000000000000001,-0.00000000000000000,-0.09000000000000000
6.12165888402073666,4.20982646769706470,-0.58400000000000063,0.14000000000000001,-0.00000000000000000,-0.09000000000000000
6.13330368471665643,4.20205489811577948,-0.59300000000000064,0.14000000000000001,-0.00000000000000000,-0.09000000000000000
6.14487807061934177,4.19417884148951181,-0.60200000000000065,0.14000000000000001,-0.00000000000000000,-0.09000000000000000
6.15638110420986351,4.18619893577454238,-0.61100000000000065,0.14000000000000001,-0.00000000000000000,-0.09000000000000000
6.16781185374878937,4.17811582733887121,-0.62000000000000066,0.14000000000000001,-0.00000000000000000,-0.09000000000000000
6.17916939335165605,4.16993017090986218,-0.62900000000000067,0.14000000000000001,-0.00000000000000000,-0.09000000000000000
6.19045280306396606,4.16164262952120989,-0.63800000000000068,0.14000000000000001,-0.00000000000000000,-0.09000000000000000
6.20166116893570152,4.15325387445923688,-0.64700000000000069,0.14000000000000001,-0.00000000000000000,-0.09000000000000000
6.21279358309535468,4.14476458520851576,-0.65600000000000069,0.14000000000000001,-0.00000000000000000,-0.09000000000000000
6.22384914382346643,4.13617544939683413,-0.66500000000000070,0.14000000000000001,-0.00000000000000000,-0.09000000000000000
6.23482695562566125,4.12748716273949690,-0.67400000000000071,0.14000000000000001,-0.00000000000000000,-0.09000000000000000
6.24572612930518556,4.11870042898297317,-0.68300000000000072,0.14000000000000001,-0.00000000000000000,-0.09000000000000000
6.25654578203493017,4.10981595984789294,-0.69200000000000073,0.14000000000000001,-0.00000000000000000,-0.09000000000000000
6.26728503742894016,4.10083447497139897,-0.70100000000000073,0.14000000000000001,-0.00000000000000000,-0.09000000000000000
6.27794302561339990,4.09175670184885565,-0.71000000000000074,0.14000000000000001,-0.00000000000000000,-0.09000000000000000
6.28851888329709396,4.08258337577492192,-0.71900000000000075,0.14000000000000001,-0.00000000000000000,-0.09000000000000000
6.29901175384133261,4.07331523978399446,-0.72800000000000076,0.14000000000000001,-0.00000000000000000,-0.09000000000000000
6.30942078732933798,4.06395304459002205,-0.73700000000000077,0.14000000000000001,-0.00000000000000000,-0.09000000000000000
6.31974514063508952,4.05449754852569555,-0.74600000000000077,0.14000000000000001,-0.00000000000000000,-0.09000000000000000
6.32998397749161335,4.04494951748102682,-0.75500000000000078,0.14000000000000001,-0.00000000000000000,-0.09000000000000000
6.34013646855872270,4.03530972484131034,-0.76400000000000079,0.14000000000000001,-0.00000000000000000,-0.09000000000000000
6.35020179149019182,4.02557895142447908,-0.77300000000000080,0.14000000000000001,-0.00000000000000000,-0.09000000000000000
6.36017913100036658,4.01575798541786000,-0.78200000000000081,0.14000000000000001,-0.00000000000000000,-0.09000000000000000
6.37006767893020154,4.00584762231432912,-0.79100000000000081,0.14000000000000001,-0.00000000000000000,-0.09000000000000000
6.37986663431272127,3.99584866484788037,-0.80000000000000082,0.14000000000000001,-0.00000000000000000,-0.09000000000000000
6.38957520343789742,3.98576192292860121,-0.80900000000000083,0.14000000000000001,-0.00000000000000000,-0.09000000000000000
6.39919259991693856,3.97558821357707171,-0.81800000000000084,0.14000000000000001,-0.00000000000000000,-0.09000000000000000
6.40871804474598861,3.96532836085818730,-0.82700000000000085,0.14000000000000001,-0.00000000000000000,-0.09000000000000000
6.41815076636922388,3.95498319581440860,-0.83600000000000085,0.14000000000000001,-0.00000000000000000,-0.09000000000000000
6.42749000074135068,3.94455355639844818,-0.84500000000000086,0.14000000000000001,-0.00000000000000000,-0.09000000000000000
6.43673499138949090,3.93404028740539635,-0.85400000000000087,0.14000000000000001,-0.00000000000000000,-0.09000000000000000
6.44588498947445654,3.92344424040429285,-0.86300000000000088,0.14000000000000001,-0.00000000000000000,-0.09000000000000000
6.45493925385140610,3.91276627366915219,-0.87200000000000089,0.14000000000000001,-0.00000000000000000,-0.09000000000000000
6.46389705112987478,3.90200725210944110,-0.88100000000000089,0.14000000000000001,-0.00000000000000000,-0.09000000000000000
6.47275765573318118,3.89116804720002385,-0.89000000000000090,0.14000000000000001,-0.00000000000000000,-0.09000000000000000
6.48152034995719628,3.88024953691057162,-0.89900000000000091,0.14000000000000001,-0.00000000000000000,-0.09000000000000000
6.49018442402847917,3.86925260563444784,-0.90800000000000092,0.14000000000000001,-0.00000000000000000,-0.09000000000000000
6.49874917616176795,3.85817814411707394,-0.91700000000000093,0.14000000000000001,-0.00000000000000000,-0.09000000000000000
6.50721391261682136,3.84702704938377771,-0.92600000000000093,0.14000000000000001,-0.00000000000000000,-0.09000000000000000
6.51557794775461563,3.83580022466713544,-0.93500000000000094,0.14000000000000001,-0.00000000000000000,-0.09000000000000000
6.52384060409287692,3.82449857933381088,-0.94400000000000095,0.14000000000000001,-0.00000000000000000,-0.09000000000000000
6.53200121236096010,3.81312302881089726,-0.95300000000000096,0.14000000000000001,-0.00000000000000000,-0.09000000000000000
6.54005911155405695,3.80167449451176731,-0.96200000000000097,0.14000000000000001,-0.00000000000000000,-0.09000000000000000
6.54801364898673821,3.79015390376143957,-0.97100000000000097,0.14000000000000001,-0.00000000000000000,-0.09000000000000000
6.55586418034582152,3.77856218972146607,-0.98000000000000098,0.14000000000000001,-0.00000000000000000,-0.09000000000000000
6.56361006974255812,3.76690029131434612,-0.98900000000000099,0.14000000000000001,-0.00000000000000000,-0.09000000000000000
6.57125068976414273,3.75516915314747468,-0.99800000000000100,0.14000000000000001,-0.00000000000000000,-0.09000000000000000
6.57878542152453072,3.74336972543662938,-1.00700000000000101,0.14000000000000001,-0.00000000000000000,-0.09000000000000000
6.58621365471456954,3.73150296392900360,-1.01600000000000090,0.14000000000000001,-0.00000000000000000,-0.09000000000000000
6.59353478765143208,3.71956982982579110,-1.02500000000000080,0.14000000000000001,-0.00000000000000000,-0.09000000000000000
6.60074822732735278,3.70757128970432959,-1.03400000000000070,0.14000000000000001,-0.00000000000000000,-0.09000000000000000
6.60785338945766210,3.69550831543980918,-1.04300000000000059,0.14000000000000001,-0.00000000000000000,-0.09000000000000000
6.61484969852811222,3.68338188412654954,-1.05200000000000049,0.14000000000000001,-0.00000000000000000,-0.09000000000000000
